input,true_label,predicted_label
"['1,705\xa0(156)(13)—\xa01,744\n<BLK>', 'Net gain (loss) on divestitures and other—\xa0—\xa0—\xa0—\xa03,044', '<BLK>\nNon-operating litigation reserves and settlements—\xa0—\xa0—\xa0—\xa0(3)']",table_row,table_row
"['Beginning balance at original discount rate2,590\xa02,742\n<BLK>', 'Effect of changes in cash flow assumptions3\xa0(13)', '<BLK>\nEffect of actual variances from expected experience(12)(18)']",table_row,table_row
"['Reinsurance Security\n<BLK>', '<LONG>', '<BLK>\nREINSURANCE – CREDIT LOSSES']",narrative,narrative
"['Total equity42,235\xa01,219\xa043,454\n<BLK>', 'Total liabilities and equity526,634\xa0(4,406)522,228', '<BLK>\nThe following table presents the impacts in connection with the adoption of LDTI on our previously reported Consolidated Statements of Income (Loss):']",table_row,table_row
"['2015(401)(456)(313)(301)(281)(262)(252)(282)(30)\n<BLK>', '2016—\xa0—\xa0—\xa0—\xa0—\xa0—\xa0—\xa0—\xa0—', '<BLK>\n2017—\xa0—\xa0—\xa0—\xa0—\xa0—\xa0—\xa0—\xa0—']",table_row,table_row
"['Unearned premiums17,232\xa017,375\n<BLK>', 'Future policy benefits1,317\xa01,467', '<BLK>\nOther policyholder funds418\xa0495']",table_row,table_row
"['Fee income debited to policyholder contract deposits included in financing activities$(2,122)$(1,694)$(1,690)\n<BLK>', '*Includes funds held for tax sharing payments to AIG Parent, security deposits, and replacement reserve deposits related to real estate.', '<BLK>\nSee accompanying Notes to Consolidated Financial Statements.']",table_row,narrative
"['Weighted average crediting rate2.43\xa0%2.77\xa0%4.29\xa0%2.71\xa0%4.91\xa0%\n<BLK>', 'Cash surrender value(c)', '<BLK>\n$83,278\xa0$41,831\xa0$8,866\xa0$2,537\xa0$1,808\xa0$138,320']",table_row,table_row
"['(164)(140)\n<BLK>', 'Mortgage and other loans receivable, net(c)', '<BLK>\n$3,868\xa0$4,441']",table_row,table_row
"['AIG | 2023 Form 10-K\n<BLK>', '247', '<BLK>\n<BLK>']",footer,footer
"['Counterparty netting and cash collateral\n<BLK>', '—\xa0—\xa0—\xa0(270)(304)(574)', '<BLK>\nTotal derivative assets']",table_row,table_row
"['Cumulative Paid Losses and Allocated Loss Adjustment Expenses, Net of Reinsurance from the table below(6,668)—\xa0298\xa0(6,370)\n<BLK>', 'Liabilities for losses and loss adjustment expenses and prior year development before accident year 2014, net of reinsurance1,448\xa0(67)(1,053)395', '<BLK>\nUnallocated loss adjustment expense prior year development(11)']",table_row,table_row
"['14. Debt\n<BLK>', 'Our long-term debt is denominated in various currencies, with both fixed and variable interest rates. Long-term debt is carried at the principal amount borrowed, including unamortized discounts, hedge accounting valuation adjustments and fair value adjustments, when applicable.', '<BLK>\nThe following table lists our total debt outstanding at December 31, 2024 and 2023. The interest rates presented in the following table are the range of contractual rates in effect at December 31, 2024, including fixed and variable-rates:']",narrative,narrative
"['Other—\xa0—\xa0—\xa0—\xa0—\xa0—\n<BLK>', 'Ending balance at original discount rate—\xa0—\xa013,663\xa0—\xa01,124\xa014,787', '<BLK>\nEffect of changes in discount rate assumptions (AOCI)—\xa0—\xa0706\xa0—\xa0150\xa0856']",table_row,table_row
"['Non-recurring costs related to regulatory or accounting changes—\xa0(18)\n<BLK>', 'Total AIG Consolidated$4,255\xa0$3,870', '<BLK>\n2023']",table_row,table_row
"['20182,188\xa02,193\xa02,154\xa01,937\xa01,936\xa01,920\xa0(16)33\xa0102,256\xa0—\xa0—\xa01,920\xa033\n<BLK>', '20191,593\xa01,664\xa01,646\xa01,596\xa01,578\xa0(18)43\xa093,428\xa0—\xa0—\xa01,578\xa043', '<BLK>\n2020954\xa0906\xa0913\xa0894\xa0(19)51\xa055,101\xa0—\xa0—\xa0894\xa051']",table_row,table_row
"['Undiscounted expected future gross premiums4,403\xa04,558\xa04,899\n<BLK>', 'Individual RetirementUndiscounted expected future benefits and expense$2,131\xa0$1,959\xa0$1,747', '<BLK>\nUndiscounted expected future gross premiums—\xa0—\xa0—']",table_row,table_row
"['<LONG>\n<BLK>', '256', '<BLK>\nAIG | 2023 Form 10-K']",footer,footer
"['Non-U.S. governments—\xa066\xa0—\xa0—\xa0—\xa066\n<BLK>', 'Corporate debt—\xa01,976\xa0416\xa0—\xa0—\xa02,392', '<BLK>\nRMBS—\xa0113\xa0173\xa0—\xa0—\xa0286']",table_row,table_row
"['Total derivative liabilities\n<BLK>', '2\xa05,206\xa0101\xa0(3,864)(1,050)395', '<BLK>\nFortitude Re funds withheld payable']",table_row,table_row
"['Effect of changes in discount rate assumptions (AOCI)(339)—\xa0—\xa0(1,482)—\xa0(44)(1,865)\n<BLK>', 'Reclassified to Liabilities held for sale—\xa0—\xa0—\xa0(4,287)—\xa0—\xa0(4,287)', '<BLK>\nBalance, end of year$1,702\xa0$—\xa0$—\xa0$8,379\xa0$—\xa0$973\xa0$11,054']",table_row,table_row
"['<LONG>\n<BLK>', '<LONG>', '<BLK>\n<LONG>']",narrative,narrative
"['(b)PSUs represent target amount granted and does not reflect potential increases or decreases that could result from the final outcome of the performance goals for the respective awards, which is determined by the CMRC in the quarter after the applicable performance period ends.\n<BLK>', '(c)Also reflects units that vest as a result of an accelerated vesting event that occurred prior to the specified vesting date but for which share delivery has not yet occurred.', '<BLK>\n(d)At December 31, 2023, the total unrecognized compensation cost for outstanding RSUs and PSUs was $111 million and the weighted-average and expected period of years over which that cost is expected to be recognized are 1.01 years and 3 years.']",narrative,narrative
"['U.S.:\n<BLK>', 'Current$68\xa0$246\xa0$(216)', '<BLK>\nDeferred(564)2,363\xa02,443']",table_row,table_row
"['ITEM 8 | Notes to Consolidated Financial Statements | 8. Reinsurance\n<BLK>', 'FORTITUDE RE', '<BLK>\n<LONG>']",narrative,narrative
"['Effect of changes in cash flow assumptions(a)\n<BLK>', '—\xa0—\xa0140\xa0(6)—\xa0134', '<BLK>\nEffect of actual variances from expected experience(a)']",table_row,table_row
"['Derivative liabilities, net$—\xa0$—\xa0$377\xa0$377\n<BLK>', 'Fortitude Re funds withheld payable—\xa0—\xa0(55)(55)', '<BLK>\nOther Liabilities—\xa0—\xa0(20)(20)']",table_row,table_row
"['CLO/ABS910\xa068\xa0—\xa0153\xa05\xa0(47)80\xa01,169\xa0(36)—\n<BLK>', 'Total other bond securities1,527\xa059\xa0—\xa0123\xa05\xa0(238)80\xa01,556\xa0(56)—', '<BLK>\nEquity securities39\xa01\xa0—\xa027\xa010\xa0(20)(1)56\xa01\xa0—']",table_row,table_row
"['ITEM 8 | Notes to Consolidated Financial Statements | 3. Segment Information\n<BLK>', 'The following table presents AIG’s year-end identifiable assets and capital expenditures by segment:', '<BLK>\nYear-End Identifiable AssetsCapital Expenditures']",narrative,narrative
"['Years Ended December 31,Consolidated\n<BLK>', '(in millions)202420232022Statements of Income (Loss)', '<BLK>\nUnrealized appreciation (depreciation) of fixed maturity securities on which allowance for credit losses was taken']",table_row,table_row
"['Obligations of states, municipalities and political subdivisions3,223\xa0—\xa032\xa0(112)3,143\n<BLK>', 'Non-U.S. governments8,644\xa0(1)54\xa0(590)8,107', '<BLK>\nCorporate debt33,031\xa0(28)581\xa0(1,758)31,826']",table_row,table_row
"['<LONG>\n<BLK>', '<LONG>', '<BLK>\n<LONG>']",narrative,narrative
"['202230\xa0109\xa0177\xa0—\n<BLK>', '202346\xa0150\xa0—', '<BLK>\n202444\xa0—']",table_row,table_row
"['•Repaid £311\xa0million aggregate principal amount of our 5.00% Notes due 2023, which was equivalent to approximately $388\xa0million at the time of repayment.\n<BLK>', '•Redeemed $199\xa0million aggregate principal amount of Validus 8.875% Senior Notes due 2040 for a redemption price of 143.968 percent of the principal amount, plus accrued and unpaid interest, which totaled $289\xa0million.', '<BLK>\n•Repurchased, through cash tender offers, approximately $1.6 billion aggregate principal amount of certain notes and debentures issued by AIG for an aggregate purchase price of approximately $1.5 billion.']",narrative,narrative
"['780 and greater$514\xa0$589\xa0$2,283\xa0$622\xa0$240\xa0$608\xa0$4,856\n<BLK>', '720 - 7791,121\xa0625\xa0560\xa0169\xa099\xa0243\xa02,817', '<BLK>\n660 - 719313\xa0257\xa0113\xa040\xa037\xa0128\xa0888']",table_row,table_row
"['Change in discount rates—\xa0—\xa0—\xa0946\xa0—\xa0—\xa0—\xa0946\n<BLK>', 'Change in future policy benefits—\xa0(59)—\xa0—\xa0—\xa0—\xa0—\xa0(59)', '<BLK>\nChange in foreign currency translation adjustments—\xa0—\xa0—\xa0—\xa0(407)—\xa0—\xa0(407)']",table_row,table_row
"['2.11\xa0%2.14\xa0%2.08\xa0%\n<BLK>', 'Expected volatility(b)', '<BLK>\n25.27\xa0%25.17\xa0%32.13\xa0%']",table_row,table_row
"['EVALUATING INVESTMENTS FOR AN ALLOWANCE FOR CREDIT LOSSES AND IMPAIRMENTS\n<BLK>', 'Fixed Maturity Securities', '<BLK>\n<LONG>']",narrative,narrative
"['<LONG>\n<BLK>', 'For information regarding our repurchases of AIG Common Stock, see Note 16.', '<BLK>\n174']",narrative,narrative
"['Total(b)\n<BLK>', '612$15,129\xa0$9,708\xa0$4,306\xa0$6,367\xa0$2,053\xa0$446\xa0$38,009\xa0100\xa0%', '<BLK>\nAllowance for credit losses$94\xa0$415\xa0$109\xa0$90\xa0$38\xa0$6\xa0$752\xa02\xa0%']",table_row,table_row
"['General Insurance companies:\n<BLK>', 'Domestic$1,912\xa0$2,272\xa0$2,649', '<BLK>\nForeign1,867\xa01,047\xa01,573']",table_row,table_row
"['Constant default rate0.82% - 2.72% (1.77%)\n<BLK>', 'Yield5.98% - 7.75% (6.87%)', '<BLK>\nCLO/ABS(a)']",table_row,table_row
"['U.S. investment grade(c)\n<BLK>', '24\xa02,230\xa010\xa02,264\xa0—\xa0—\xa0—\xa0—', '<BLK>\nInternational investment grade(c)']",table_row,table_row
"['Cumulative Paid Losses and Allocated Loss Adjustment Expenses, Net of Reinsurance from the table below87\n<BLK>', 'Liabilities for losses and allocated loss adjustment expenses and prior year development before 2014, net of reinsurance(146)(30)', '<BLK>\nUnallocated loss adjustment expense prior year development1']",table_row,table_row
"['Purchase of common stock—\xa0—\xa0(6,713)—\xa0—\xa0—\xa0(6,713)—\xa0(6,713)\n<BLK>', 'Net income (loss) attributable to AIG or noncontrolling interests—\xa0—\xa0—\xa0—\xa0(1,404)—\xa0(1,404)478\xa0(926)', '<BLK>\nDividends on preferred stock ($365.625 per share) and preferred stock redemption premiums']",table_row,table_row
"['<BLK>\n<BLK>', 'American International Group, Inc.', '<BLK>\nConsolidated Statements of Equity']",table_row,narrative
"[""U.S. Workers' Compensation (before discount)$3,888$5,203$9,091\n<BLK>"", 'U.S. Excess Casualty3,3213,2726,593', '<BLK>\nU.S. Other Casualty4,1123,6767,788']",table_row,table_row
"['11. Derivatives and Hedge Accounting\n<BLK>', '<LONG>', '<BLK>\n<LONG>']",narrative,narrative
"['Years Ended December 31, (in millions)\n<BLK>', 'Paid Impact', '<BLK>\nof ADC']",table_row,table_row
"['Commercial mortgage loans3,921\xa03,685\xa04,107\xa03,837\xa0Amortized cost\n<BLK>', 'Real estate investments184\xa0329\xa0133\xa0348\xa0Amortized cost', '<BLK>\nPrivate equity funds / hedge funds1,910\xa01,910\xa01,893\xa01,893\xa0Fair value through net investment income']",table_row,table_row
"['Reinsurance assets - other, net of allowance for credit losses and disputes2,519\n<BLK>', 'Deferred income taxes8,307', '<BLK>\nDeferred policy acquisition costs10,782']",table_row,table_row
"['USE OF ESTIMATES\n<BLK>', '<LONG>', '<BLK>\n•loss reserves;']",narrative,narrative
"['<LONG>\n<BLK>', '•Favorable development on UK/Europe Property and Special Risks of $153\xa0million driven by Global Specialty, primarily from accident years 2020 and 2021. This favorable experience was seen in each product line and in every region;', '<BLK>\n•Favorable development on UK/Europe and Japan Personal Insurance of $111\xa0million driven by Japan Auto and A&H business with additional favorable experience in UK and Europe; and']",narrative,narrative
"['Total benefits, losses and expenses23,381\xa025,071\xa026,224\n<BLK>', 'Income from continuing operations before income tax expense3,870\xa02,867\xa03,772', '<BLK>\nIncome tax expense:']",table_row,table_row
"['Interest crediting rate1.57\xa0%0.72\xa0%(b)\n<BLK>', 'N/AN/A', '<BLK>\nRate of compensation increaseN/A2.28\xa0%N/AN/A']",table_row,table_row
"['BALANCE SHEET CLASSIFICATION AND EXPOSURE TO LOSS\n<BLK>', '<LONG>', '<BLK>\nAt December 31, 2024, there were no assets and liabilities associated with our variable interests in consolidated VIEs.']",narrative,narrative
"['Adjustments to reconcile net income (loss) to net cash provided by operating activities:\n<BLK>', 'Noncash revenues, expenses, gains and losses included in income (loss):', '<BLK>\nNet losses on sales of securities available for sale and other assets637\xa0662\xa0637']",table_row,table_row
"['•Changes in fair value of the embedded derivative related to the Fortitude Re funds withheld assets.\n<BLK>', '172', '<BLK>\nAIG | 2023 Form 10-K']",footer,footer
"['Liability for future policy benefits for certain participating contracts1,397\n<BLK>', 'Liability for universal life policies with secondary guarantees and similar features(b)', '<BLK>\n5007']",table_row,table_row
"['<LONG>\n<BLK>', '<LONG>', '<BLK>\n/s/ PricewaterhouseCoopers LLP']",narrative,narrative
"['—\xa0—\xa031\xa0—\xa0—\xa031\n<BLK>', 'Counterparty netting and cash collateral', '<BLK>\n—\xa0—\xa0—\xa0(270)(201)(471)']",table_row,table_row
"['AIG | 2024 Form 10-K\n<BLK>', '139', '<BLK>\n<BLK>']",footer,footer
"['Unearned premiums54\xa07\xa061\n<BLK>', 'Future policy benefits for life and accident and health insurance contracts838\xa0—\xa0838', '<BLK>\nOther liabilities854\xa03\xa0857']",table_row,table_row
"['Accrued investment income2\xa07\xa09\n<BLK>', 'Other assets', '<BLK>\n94\xa02\xa096']",table_row,table_row
"['Purchase of common stock—\xa0—\xa0(5,149)—\xa0—\xa0—\xa0(5,149)—\xa0(5,149)\n<BLK>', 'Net income attributable to AIG or noncontrolling interests—\xa0—\xa0—\xa0—\xa010,227\xa0—\xa010,227\xa01,046\xa011,273', '<BLK>\nDividends on preferred stock ($1,462.50 per share)']",table_row,table_row
"['Non-U.S. governments—\xa024\xa0—\xa0—\xa0—\xa024\n<BLK>', 'Corporate debt—\xa0210\xa045\xa0—\xa0—\xa0255', '<BLK>\nRMBS—\xa042\xa051\xa0—\xa0—\xa093']",table_row,table_row
"['142\n<BLK>', 'AIG | 2024 Form 10-K', '<BLK>\n<BLK>']",footer,footer
"['Fortitude Re funds withheld embedded derivative(711)(862)\n<BLK>', 'Total deferred tax liabilities(2,564)(2,750)', '<BLK>\nNet deferred tax assets before valuation allowance17,215\xa018,759']",table_row,table_row
"['U.S. Financial Lines3.7\xa014.6\xa018.2\xa015.6\xa012.5\xa08.1\xa06.1\xa05.8\xa03.9\xa01.4\n<BLK>', 'U.S. Property and Special Risks35.2\xa032.2\xa011.8\xa08.1\xa04.9\xa03.1\xa01.8\xa01.3\xa01.5\xa02.3', '<BLK>\nU.S. Personal Insurance61.6\xa023.8\xa05.2\xa00.8\xa02.4\xa00.9\xa00.5\xa00.3\xa00.3\xa00.3']",table_row,table_row
"['Note 21.  Income Taxes\n<BLK>', 'OTHER SIGNIFICANT ACCOUNTING POLICIES', '<BLK>\n<LONG>']",narrative,narrative
"['Total100\xa0%100\xa0%100\xa0%\n<BLK>', '<LONG>', '<BLK>\nNon-U.S. Pension Plans']",narrative,narrative
"['U.S. PlansNon-U.S. Plans\n<BLK>', '(in millions)20242023202420232024202320242023', '<BLK>\nChange in plan assets:']",table_row,table_row
"['Short-term investments125\xa010\xa0135\n<BLK>', 'Cash61\xa0—\xa061', '<BLK>\nAccrued investment income2\xa07\xa09']",table_row,table_row
"['Net income (loss)1,600\xa0(87)(3,884)1,691\xa0457\xa02,747\xa0901\xa0(473)\n<BLK>', 'Net income (loss) attributable to AIG1,216\xa030\xa0(3,977)1,493\xa0459\xa02,027\xa0898\xa093', '<BLK>\nNet income (loss) attributable to AIG common shareholders1,194\xa023\xa0(3,977)1,485\xa0459\xa02,020\xa0898\xa086']",table_row,table_row
"['UK/Europe and Japan Personal Insurance57.9\xa026.2\xa07.2\xa03.6\xa01.8\xa01.3\xa00.5\xa00.4\xa00.3\xa00.2\n<BLK>', 'AIG | 2023 Form 10-K', '<BLK>\n215']",footer,footer
"['Other, net(66)(1,754)(1,097)\n<BLK>', 'Net cash provided by (used in) investing activities - continuing operations5,843\xa0(2,487)2,913', '<BLK>\nNet cash used in investing activities - discontinued operations(4,171)(4,534)(6,539)']",table_row,table_row
"['Total equity42,550\xa051,301\n<BLK>', 'Total liabilities and equity$161,322\xa0$539,306', '<BLK>\n*See Note 10 for details of balances associated with variable interest entities.']",table_row,table_row
"['To our knowledge, no AIG insurance company is currently on any regulatory or similar “watch list” with regard to solvency.\n<BLK>', 'PARENT COMPANY DIVIDEND RESTRICTIONS', '<BLK>\nAt December 31, 2024, our ability to pay dividends is not subject to any significant contractual restrictions, but remains subject to regulatory restrictions.']",narrative,narrative
"['Total bonds available for sale(b)\n<BLK>', '$255,993\xa0$(186)$2,222\xa0$(31,873)$226,156', '<BLK>\n(a)Represents the allowance for credit losses that has been recognized. Changes in the allowance for credit losses are recorded through Net realized gains (losses) and are not recognized in OCI.']",table_row,table_row
"['Mortality multiplier(e)(f)\n<BLK>', '38.25% - 160.01%', '<BLK>\nUtilization(h)']",table_row,table_row
"['Interest crediting rate4.94\xa0%1.40\xa0%(b)\n<BLK>', 'N/AN/A', '<BLK>\nRate of compensation increaseN/A(c)']",table_row,table_row
"['Purchase of common stock—\xa0—\xa0(3,014)—\xa0—\xa0—\xa0(3,014)—\xa0(3,014)\n<BLK>', 'Net income attributable to AIG or noncontrolling interests—\xa0—\xa0—\xa0—\xa03,643\xa0—\xa03,643\xa0235\xa03,878', '<BLK>\nDividends on preferred stock ($1,462.50 per share)']",table_row,table_row
"['Unaudited\n<BLK>', '2014$72\xa0$258\xa0$409\xa0$529\xa0$629\xa0$695\xa0$757\xa0$818\xa0$859\xa0$883', '<BLK>\n201571\xa0240\xa0433\xa0568\xa0683\xa0859\xa0949\xa0994\xa01,041']",table_row,table_row
"['Current year15,100\xa016,434\xa016,434\n<BLK>', 'Prior years, excluding discount and amortization of deferred gain(392)(530)(171)', '<BLK>\nPrior years, discount charge (benefit)307\xa0(605)(131)']",table_row,table_row
"['Obligations of states, municipalities and political subdivisions4,930\xa0—\xa060\xa0(157)4,833\n<BLK>', 'Non-U.S. governments8,973\xa0(1)94\xa0(670)8,396', '<BLK>\nCorporate debt34,013\xa0(20)606\xa0(2,253)32,346']",table_row,table_row
"['Deferred tax assets:\n<BLK>', 'Losses and tax credit carryforwards$6,107\xa0$6,868', '<BLK>\nBasis differences on investments3,441\xa02,652']",table_row,table_row
"['The following table provides our attribution of our reinsurance recoverable for the ADC only (included in the table above):\n<BLK>', 'Calendar Years Ended December 31, (in millions)', '<BLK>\nAccidentYear20162017201820192020202120222023Prior YearDevelopment']",table_row,table_row
"['<BLK>\n<BLK>', 'ITEM 8 | Notes to Consolidated Financial Statements | 20. Employee Benefits', '<BLK>\nChanges in Level 3 Fair Value Measurements']",footer,footer
"['Assets:\n<BLK>', 'Cash and cash equivalents$52\xa0$—\xa0$—\xa0$52\xa0$66\xa0$—\xa0$—\xa0$66', '<BLK>\nEquity securities:']",table_row,table_row
"['5\xa0—\xa0—\xa05\xa0130\xa044\xa0—\xa0174\n<BLK>', 'Fixed maturity securities:', '<BLK>\nU.S. investment grade(c)']",table_row,table_row
"['<LONG>\n<BLK>', 'Transfers of Level 3 Liabilities', '<BLK>\nThere were no significant transfers of derivative or other liabilities into or out of Level 3 for the years ended December 31, 2024 and 2023.']",narrative,narrative
"['(Weighted Average)(c)\n<BLK>', 'Assets:', '<BLK>\nObligations of states, municipalities and political subdivisions$824\xa0Discounted cash flowYield4.97% - 5.31% (5.14%)']",table_row,table_row
"['Liabilities for losses and loss adjustment expenses and prior year loss development, net of reinsurance$2,913\xa0$81\n<BLK>', '*The losses reported in the table are not covered by the ADC.', '<BLK>\nCumulative Paid Losses and Allocated Loss Adjustment Expenses, Net of Reinsurance*']",narrative,narrative
"['112\n<BLK>', 'AIG | 2024 Form 10-K', '<BLK>\n<BLK>']",footer,footer
"['20191,059\xa01,058\xa01,053\xa01,062\xa01,039\xa01,024\xa0(15)469\xa021,383\xa0—\xa0—\xa01,024\xa0469\n<BLK>', '2020524\xa0576\xa0538\xa0540\xa0519\xa0(21)223\xa011,622\xa0—\xa0—\xa0519\xa0223', '<BLK>\n2021795\xa0793\xa0790\xa0818\xa028\xa0470\xa011,249\xa0—\xa0—\xa0818\xa0470']",table_row,table_row
"['Fortitude Re funds withheld payable(148)75\xa0—\xa0(55)—\xa0—\xa0—\xa0(128)(26)—\n<BLK>', 'Other Liabilities122\xa0(2)—\xa0(20)—\xa0—\xa0—\xa0100\xa0—\xa0—', '<BLK>\nTotal$(479)$114\xa0$—\xa0$302\xa0$—\xa0$—\xa0$35\xa0$(28)$(27)$—']",table_row,table_row
"['<LONG>\n<BLK>', '<LONG>', '<BLK>\nThe following table presents the transition rollforward of MRBs:']",narrative,narrative
"['—\xa0581\xa0164\xa0—\xa0—\xa0745\n<BLK>', 'Equity securities', '<BLK>\n689\xa0—\xa015\xa0—\xa0—\xa0704']",table_row,table_row
"['Total$2,578\xa0$3,414\xa0$4,484\xa0$4,958\xa0$5,389\xa0$5,740\xa0$6,151\xa0$6,562\xa0$6,766\xa0$(363)\n<BLK>', 'Cumulative Paid Losses and Allocated Loss Adjustment Expenses, Net of Reinsurance from the table below(3,735)', '<BLK>\nLiabilities for losses and allocated loss adjustment expenses and prior year development before 2015, net of reinsurance437\xa0(26)']",table_row,table_row
"['Total$25\xa0$(6)$7\xa0$(2)$—\xa0$—\xa0$2\xa0$(6)$20\xa0$(7)$—\n<BLK>', 'Non-U.S. Plan Assets:', '<BLK>\nInsurance contracts$171\xa0$(43)$4\xa0$—\xa0$—\xa0$—\xa0$2\xa0$—\xa0$134\xa0$—\xa0$—']",table_row,table_row
"['Increases in tax positions for current year15\xa0—\xa059\n<BLK>', 'Lapse in statute of limitations(1)—\xa0(21)', '<BLK>\nGross unrecognized tax benefits, end of year$1,384\xa0$1,387\xa0$1,191']",table_row,table_row
"['Year Ended December 31, 2022Year Ended December 31, 2021\n<BLK>', 'AsPreviouslyReportedEffect ofChangeUpdatedBalances Post-Adoption of LDTIAsPreviouslyReportedEffect ofChangeUpdatedBalances Post-Adoption of LDTI', '<BLK>\n(in millions)']",table_row,table_row
"['Income from continuing operations$1.13\xa0$0.44\xa0$0.71\xa0$1.14\xa0$0.74\xa0$0.97\xa0$1.51\xa0$1.21\n<BLK>', 'Income (loss) from discontinuing operations$0.61\xa0$(0.41)$(6.67)$0.89\xa0$(0.03)$1.84\xa0$(0.08)$(1.09)', '<BLK>\nWeighted average shares outstanding:']",table_row,table_row
"['Effect of changes in cash flow assumptions(a)\n<BLK>', '(13)—\xa0—\xa062\xa0—\xa076\xa0125', '<BLK>\nEffect of actual variances from expected experience(a)']",table_row,table_row
"['20212,339\xa02,213\xa02,160\xa02,190\xa030\xa0122\xa082,226\xa0—\xa0—\xa02,190\xa0122\n<BLK>', '20223,171\xa03,281\xa03,240\xa0(41)504\xa086,499\xa0—\xa0—\xa03,240\xa0504', '<BLK>\n20232,528\xa02,440\xa0(88)431\xa099,114\xa0—\xa0—\xa02,440\xa0431']",table_row,table_row
"['20161,6051,8551,9932,0642,1392,2812,3252,308\xa0(17)\n<BLK>', '20171,5641,6751,7561,8461,8981,9871,957\xa0(30)', '<BLK>\n20181,6401,7661,8822,0632,2252,322\xa097']",table_row,table_row
"['2016147\xa0378\xa0521\xa0584\xa0630\xa0662\xa0686\xa0694\xa0—\n<BLK>', '201793\xa0224\xa0294\xa0333\xa0367\xa0389\xa0395\xa0—', '<BLK>\n201885\xa0215\xa0296\xa0359\xa0388\xa0409\xa0—']",table_row,table_row
"['<LONG>\n<BLK>', '<LONG>', '<BLK>\nAIG | 2023 Form 10-K']",narrative,narrative
"['For the twelve months ended December 31, 2023, we recognized a net $44\xa0million increase in deferred tax asset valuation allowance associated with certain foreign and state jurisdictions.\n<BLK>', 'The following table presents the net deferred tax assets (liabilities) at December 31, 2023 and 2022 on a U.S. GAAP basis:', '<BLK>\nDecember 31,']",narrative,narrative
"['Counterparty netting and cash collateral\n<BLK>', '—\xa0—\xa0—\xa0(450)(711)(1,161)', '<BLK>\nTotal derivative assets']",table_row,table_row
"['<LONG>\n<BLK>', 'REINSURANCE – CREDIT LOSSES', '<BLK>\n<LONG>']",narrative,narrative
"['Fixed maturity securities\n<BLK>', 'U.S. investment grade$10\xa0$(1)$—\xa0$(3)$—\xa0$—\xa0$—\xa0$(1)$5\xa0$—\xa0$—', '<BLK>\nMortgage and other asset backed securities1\xa0—\xa0—\xa0—\xa0—\xa0—\xa0—\xa0—\xa01\xa0—\xa0—']",table_row,table_row
"['AIG | 2023 Form 10-K\n<BLK>', '139', '<BLK>\n<BLK>']",footer,footer
"['AIG Japan Holdings Kabushiki Kaisha0.27% - 0.73%\n<BLK>', '2025', '<BLK>\n239\xa0267']",table_row,table_row
"['Other changes—\xa0—\xa0—\xa04\xa0—\xa04\xa0—\xa0—\xa0—\n<BLK>', 'Balance, end of year$255\xa0$30\xa0$285\xa0$260\xa0$84\xa0$344\xa0$281\xa0$101\xa0$382', '<BLK>\nPast-Due Status']",table_row,table_row
"['Less: Present value adjustment210\n<BLK>', 'Net lease liabilities$919', '<BLK>\nOTHER COMMITMENTS']",table_row,table_row
"['2021597570545514\xa0(31)\n<BLK>', '2022523493464\xa0(29)', '<BLK>\n2023500465\xa0(35)']",table_row,table_row
"['Balance, beginning of year$2,117\xa0$2,343\xa0$2,473\n<BLK>', 'Capitalization3,519\xa04,157\xa03,732', '<BLK>\nAmortization expense(3,425)(3,771)(3,545)']",table_row,table_row
"['Basic682,576,848\xa0738,661,428\xa0661,092,967\xa0725,754,549\xa0641,621,768\xa0712,598,496\xa0620,940,268\xa0701,485,716\n<BLK>', 'Diluted687,961,518\xa0744,099,186\xa0666,955,168\xa0730,547,112\xa0647,365,442\xa0718,727,312\xa0627,289,135\xa0708,033,686', '<BLK>\n23. Subsequent Events']",table_row,table_row
"['<LONG>\n<BLK>', 'Incurred Losses and Allocated Loss Adjustment Expenses, Undiscounted and Net of Reinsurance', '<BLK>\nYears Ended December 31, (in millions)']",table_row,narrative
"['Issuance of debt of consolidated investment entities225\xa0933\xa04,338\n<BLK>', 'Repayments of long-term debt(2,304)(9,455)(4,147)', '<BLK>\nRepayments of debt of consolidated investment entities(606)(1,251)(4,494)']",table_row,table_row
"['Net realized gains (losses)(548)(1,078)827\n<BLK>', 'Other income7\xa06\xa034', '<BLK>\nNet results of businesses in run-off83\xa0475\xa0478']",table_row,table_row
"['Mortgage and Other Loans Receivable\n<BLK>', '<LONG>', '<BLK>\nOther Invested Assets']",narrative,narrative
"['The following table summarizes outstanding share-settled LTI awards(a):\n<BLK>', 'Number of UnitsWeighted Average Grant-Date Fair Value', '<BLK>\nAs of or for the Year Ended December 31, 2023(b)']",table_row,table_row
"['Net premium collected—\xa0—\xa0(1,418)—\xa0(123)(1,541)\n<BLK>', 'Foreign exchange impact—\xa0—\xa0(517)—\xa0—\xa0(517)', '<BLK>\nOther—\xa0—\xa0(1)—\xa01\xa0—']",table_row,table_row
"['DEFERRED TAX ASSET\n<BLK>', 'The following table presents the components of the net deferred tax assets (liabilities):', '<BLK>\nDecember 31,']",narrative,narrative
"['$1,918\xa0$1,918\xa0$2,180\xa0$2,180\xa0Fair value through other comprehensive income (loss)\n<BLK>', 'Fixed maturity securities - fair value option721\xa0721\xa0655\xa0655\xa0Fair value through net investment income', '<BLK>\nCommercial mortgage loans450\xa0437\xa0543\xa0528\xa0Amortized cost']",table_row,table_row
"['(Weighted Average)(c)\n<BLK>', 'Assets:', '<BLK>\nObligations of states, municipalities and political subdivisions$3\xa0Discounted cash flowYield5.09% - 5.57% (5.33%)']",table_row,table_row
"['<BLK>\n<BLK>', 'ITEM 8 | Notes to Consolidated Financial Statements | 14. Market Risk Benefits', '<BLK>\nThe following is a reconciliation of MRBs by amounts in an asset position and in liability position to the MRB amounts in the Consolidated Balance Sheets at transition:']",footer,footer
"['AccidentYear20162017201820192020202120222023Prior YearDevelopment\n<BLK>', 'Unaudited', '<BLK>\n2014$(296)$(331)$(276)$(222)$(245)$(213)$(226)$(214)$12']",table_row,table_row
"['Total$3,292\xa0$792\xa0$3,799\xa0$1,081\n<BLK>', '<LONG>', '<BLK>\nFAIR VALUE OPTION']",narrative,narrative
"['December 31, 2024\n<BLK>', 'Real estate and investment entities(a)', '<BLK>\n$367,661\xa0$2,723\xa0$839\xa0(d)']",table_row,table_row
"['Cumulative Paid Losses and Allocated Loss Adjustment Expenses, Net of Reinsurance from the table below197\n<BLK>', 'Liabilities for losses and allocated loss adjustment expenses and prior year development before 2015, net of reinsurance(1,618)(178)', '<BLK>\nUnallocated loss adjustment expense prior year development(57)']",table_row,table_row
"['<BLK>\n<BLK>', 'ITEM 8 | Notes to Consolidated Financial Statements | 13. Insurance Liabilities', '<BLK>\nUK/Europe Casualty and Financial Lines']",footer,footer
"['Basis differences on investments3,441\xa02,652\n<BLK>', 'Life policy reserves1,589\xa01,622', '<BLK>\nAccruals not currently deductible, and other89\xa0392']",table_row,table_row
"['2015$69\xa0$230\xa0$416\xa0$546\xa0$656\xa0$828\xa0$914\xa0$955\xa0$1,004\xa0$1,023\n<BLK>', '2016115\xa0363\xa0563\xa0746\xa0896\xa01,022\xa01,127\xa01,214\xa01,253', '<BLK>\n201793\xa0269\xa0428\xa0578\xa0724\xa0862\xa0924\xa01,025']",table_row,table_row
"['Deferred(564)2,363\xa02,443\n<BLK>', 'Foreign:', '<BLK>\nCurrent423\xa0271\xa0171']",table_row,table_row
"['•Reinsurance assets – net of allowance\n<BLK>', '•Retroactive reinsurance', '<BLK>\nNote 9.  Deferred Policy Acquisition Costs']",narrative,narrative
"['<LONG>\n<BLK>', 'The following table presents the transition rollforward for deferred profit liability for long-duration contracts*:', '<BLK>\nIndividualRetirementGroupRetirementLifeInsuranceInstitutionalMarketsOther*Total']",narrative,narrative
"['Cumulative Paid Losses and Allocated Loss Adjustment Expenses, Net of Reinsurance from the table below(4,724)—\xa0251\xa0(4,473)\n<BLK>', 'Liabilities for losses and loss adjustment expenses and prior year development before accident year 2014, net of reinsurance2,044\xa0(75)(1,488)556', '<BLK>\nUnallocated loss adjustment expense prior year development85']",table_row,table_row
"['(c)Primarily comprised of Cash and Accrued investment income.\n<BLK>', 'The impact of the funds withheld arrangements with Fortitude Re was as follows:', '<BLK>\nYears Ended December 31,']",narrative,narrative
"['<BLK>\n<BLK>', 'ITEM 8 | Notes to Consolidated Financial Statements | 5. Fair Value Measurements', '<BLK>\n<LONG>']",footer,footer
"['(in millions)\n<BLK>', '>1.2X$5,518\xa0$2,457\xa0$1,710\xa0$4,985\xa0$4,120\xa0$11,663\xa0$30,453', '<BLK>\n1.00 - 1.20X910\xa0898\xa0473\xa0416\xa0567\xa01,353\xa04,617']",table_row,table_row
"['(d)Primarily represents Life and Retirement legacy insurance lines ceded to Fortitude Re.\n<BLK>', 'For information related to net amount at risk, see Note 14.', '<BLK>\nAIG | 2023 Form 10-K']",narrative,narrative
"['(in millions, except for share data)December 31,2024December 31,2023\n<BLK>', 'Assets:', '<BLK>\nInvestments:']",table_row,table_row
"['*Includes net unrealized gains and losses attributable to businesses held for sale or reclassified to discontinued operations at December 31, 2024 and 2023.\n<BLK>', '172', '<BLK>\nAIG | 2024 Form 10-K']",footer,footer
"['Other, net418\xa0156\xa0(1,534)\n<BLK>', 'Total adjustments2,365\xa0(7,140)(4,683)', '<BLK>\nNet cash provided by operating activities6,243\xa04,134\xa06,223']",table_row,table_row
"['118\n<BLK>', 'AIG | 2024 Form 10-K', '<BLK>\n<BLK>']",footer,footer
"['<LONG>\n<BLK>', 'AIG | 2023 Form 10-K', '<BLK>\n179']",footer,footer
"['Cumulative Paid Losses and Allocated Loss Adjustment Expenses, Net of Reinsurance from the table below251\n<BLK>', 'Liabilities for losses and allocated loss adjustment expenses and prior year development before 2014, net of reinsurance(1,488)(36)', '<BLK>\nUnallocated loss adjustment expense prior year development30']",table_row,table_row
"['> 4% - 5%2,974\xa0—\xa0—\xa02,974\n<BLK>', '> 5%223\xa0—\xa0—\xa0223', '<BLK>\nTotal$4,599\xa0$1,140\xa0$1,663\xa0$7,402']",table_row,table_row
"['$528,053\xa0$9,125\xa0$3,720\xa0(d)\n<BLK>', '$12,845', '<BLK>\nOther(b)']",table_row,table_row
"['<LONG>\n<BLK>', '•Current delinquency rates;', '<BLK>\n•Expected default rates and the timing of such defaults;']",narrative,narrative
"['Net realized gains (losses) on Fortitude Re funds withheld assets(486)—\xa0—\xa0—\xa0(486)\n<BLK>', 'Net realized gains (losses) on Fortitude Re funds withheld embedded derivative7,481\xa0—\xa0—\xa0—\xa07,481', '<BLK>\nNet realized gains (losses)(b)']",table_row,table_row
"['Fixed maturity securities - available for sale(a)\n<BLK>', '$17,384\xa0$17,384\xa0$18,821\xa0$18,821\xa0Fair value through other comprehensive income (loss)', '<BLK>\nFixed maturity securities - fair value option4,867\xa04,867\xa04,182\xa04,182\xa0Fair value through net investment income']",table_row,table_row
"['12\xa05,395\xa0642\xa0(3,895)(1,640)514\n<BLK>', 'Short-term investments', '<BLK>\n2,821\xa02,887\xa0—\xa0—\xa0—\xa05,708']",table_row,table_row
"['2020954906913894\xa0(19)\n<BLK>', '2021748765762\xa0(3)', '<BLK>\n2022517529\xa012']",table_row,table_row
"['Liability for unpaid losses and loss adjustment expenses, including allowance for credit losses of $14 in 2024 and $14 in 2023\n<BLK>', '$69,168\xa0$70,393', '<BLK>\nUnearned premiums17,232\xa017,375']",table_row,table_row
"['<LONG>\n<BLK>', '<LONG>', '<BLK>\n<LONG>']",narrative,narrative
"['Amortization of deferred acquisition costs4,970\xa0(413)4,557\xa04,573\xa0(49)4,524\n<BLK>', 'General operating and other expenses9,195\xa0(73)9,122\xa08,790\xa0(62)8,728', '<BLK>\nTotal benefits, losses and expenses42,155\xa0(2,004)40,151\xa039,958\xa0(1,148)38,810']",table_row,table_row
"['> 1% - 2%—\xa0132\xa0346\xa0478\n<BLK>', '> 2% - 3%9\xa0855\xa01,082\xa01,946', '<BLK>\n> 3% - 4%1,170\xa0496\xa026\xa01,692']",table_row,table_row
"['Expected return on assets5.15\xa0%2.23\xa0%N/AN/A\n<BLK>', '(a)The non-U.S. plans reflect those assumptions that were most appropriate for the local economic environments of each of the subsidiaries providing such benefits.', '<BLK>\n(b)Represents the weighted average interest crediting rate of non-U.S. cash balance plans primarily in Japan and Switzerland.']",narrative,narrative
"['2016119\xa0379\xa0586\xa0775\xa0930\xa01,059\xa01,168\xa01,260\n<BLK>', '201796\xa0280\xa0447\xa0602\xa0753\xa0896\xa0964', '<BLK>\n2018113\xa0374\xa0572\xa0742\xa0903\xa01,128']",table_row,table_row
"['(in millions)Prior YearDevelopmentNet of ExternalReinsuranceBefore ADCCessionsPrior YearDevelopmentNet of ExternalReinsuranceAfter ADCCessions(a)\n<BLK>', 'Re-Attributionof ADCRecovery(b)', '<BLK>\nAmortizationof DeferredGain atInceptionPrior YearDevelopmentAfterAmortizationandRe-attribution']",table_row,table_row
"['Net income (loss) attributable to AIG common shareholders$5.02\xa0$13.10\xa0$12.10\n<BLK>', 'Diluted:', '<BLK>\nIncome (loss) from continuing operations$4.98\xa0$12.94\xa0$11.95']",table_row,table_row
"['CMBS195\xa0(17)(41)137\n<BLK>', 'CLO/ABS3,655\xa0(25)(351)3,279', '<BLK>\nTotal bonds available for sale4,390\xa0(269)(2,417)1,704']",table_row,table_row
"['<LONG>\n<BLK>', '176', '<BLK>\nAIG | 2024 Form 10-K']",footer,footer
"['Real estate and investment entities(a)\n<BLK>', '$355,003\xa0$4,107\xa0$1,492\xa0(d)', '<BLK>\n$5,599']",table_row,table_row
"['International(b)\n<BLK>', '5\xa0—\xa0—\xa05\xa0130\xa044\xa0—\xa0174', '<BLK>\nFixed maturity securities:']",table_row,table_row
"['136\n<BLK>', 'AIG | 2024 Form 10-K', '<BLK>\n<BLK>']",footer,footer
"['<BLK>\n<BLK>', 'ITEM 8 | Notes to Consolidated Financial Statements | 13. Insurance Liabilities', '<BLK>\nU.S. Financial Lines']",footer,footer
"['Adjustments for the removal of related balances in Accumulated other comprehensive income (loss) originating from unrealized gains (losses)284\xa0114\xa0398\n<BLK>', 'Post-adoption January 1, 2021 DSI balance$474\xa0$205\xa0$679', '<BLK>\n*Other assets, excluding DSI, totaled $12.8\xa0billion.']",table_row,table_row
"['There were no significant transfers of derivative or other liabilities into or out of Level 3 for the years ended December 31, 2024 and 2023.\n<BLK>', 'QUANTITATIVE INFORMATION ABOUT LEVEL 3 FAIR VALUE MEASUREMENTS', '<BLK>\n<LONG>']",narrative,narrative
"['Total\n<BLK>', '(in millions, except for average crediting rate)', '<BLK>\nPolicyholder contract deposits account balance, beginning of year$80,012\xa0$43,406\xa0$10,012\xa0$11,351\xa0$4,143\xa0$148,924']",table_row,table_row
"['80.00% - 100.00%\n<BLK>', 'Equity / interest rate correlation', '<BLK>\n0.00% - 30.00%']",table_row,table_row
"['Embedded derivatives(75)(273)1,134\n<BLK>', 'Total$(130)$(453)$1,289', '<BLK>\nBy Classification:']",table_row,table_row
"['175\n<BLK>', 'Note 19.Share-Based Compensation Plans', '<BLK>\n176']",table_row,table_row
"['Years Ended December 31,\n<BLK>', 'Statutory net income (loss)(a)(b):', '<BLK>\nGeneral Insurance companies:']",table_row,table_row
"['International Commercial8,168\xa07,964\xa04,641\xa0943\xa0350\xa01,028\xa01,002\n<BLK>', 'Global Personal7,119\xa06,894\xa03,811\xa01,309\xa0698\xa01,084\xa0(8)', '<BLK>\nTotal General Insurance$26,719\xa0$25,091\xa0$14,775\xa0$3,623\xa0$1,279\xa0$3,065\xa0$2,349\xa0$3,022\xa0$5,371']",table_row,table_row
"['The following table summarizes the unrealized gains and losses recognized in Net investment income during the reporting period on equity securities and other investments still held at the reporting date:\n<BLK>', 'Years Ended December 31,20242023', '<BLK>\n(in millions)EquitiesOther Invested Assets*TotalEquitiesOther Invested AssetsTotal']",table_row,table_row
"['Separate account liabilities - investment contracts—\xa080,649\xa0—\xa080,649\xa080,649\n<BLK>', '(a)Excludes $11\xa0million reclassified to Assets held for sale on the Consolidated Balance Sheets.', '<BLK>\n(b)Excludes $3\xa0million reclassified to Assets held for sale on the Consolidated Balance Sheets.']",narrative,narrative
"['Change in fair value of market risk benefits attributable to changes in our own credit risk(544)1,294\xa0179\n<BLK>', 'Change in the discount rates used to measure traditional and limited payment long-duration insurance contracts(871)5,544\xa01,361', '<BLK>\nChange in foreign currency translation adjustments102\xa0(613)(180)']",table_row,table_row
"['•Allowance for credit losses\n<BLK>', 'Note 7.  Lending Activities', '<BLK>\n•Mortgage and other loans receivable – net of allowance']",narrative,narrative
"['Cumulative Paid Losses and Allocated Loss Adjustment Expenses, Net of Reinsurance\n<BLK>', 'Years Ended December 31, (in millions)', '<BLK>\nPaid Impact']",table_row,table_row
"['Assets:\n<BLK>', 'Bonds available for sale$72', '<BLK>\nMortgage and other loans receivable']",table_row,table_row
"['<BLK>\n<BLK>', 'ITEM 8 | Notes to Consolidated Financial Statements | 6. Investments', '<BLK>\nSummarized Financial Information of Equity Method Investees']",footer,footer
"['Valuation allowance:\n<BLK>', 'Continuing operations', '<BLK>\n(357)(9.3)(25)(0.2)718\xa05.4']",table_row,table_row
"['ITEM 8 | Notes to Consolidated Financial Statements | 16. Equity\n<BLK>', 'ACCUMULATED OTHER COMPREHENSIVE INCOME (LOSS)', '<BLK>\nThe following table presents a rollforward of Accumulated other comprehensive income (loss):']",narrative,narrative
"['PLEDGED INVESTMENTS\n<BLK>', 'Secured Financing and Similar Arrangements', '<BLK>\n<LONG>']",narrative,narrative
"['Note 8.  Reinsurance\n<BLK>', '•Reinsurance assets – net of allowance', '<BLK>\n•Retroactive reinsurance']",narrative,table_row
"['Goodwill - gross4,285\xa02,028\xa0502\xa017\xa06,832\n<BLK>', 'Accumulated impairments(2,216)(947)(237)(10)(3,410)', '<BLK>\nNet goodwill2,069\xa01,081\xa0265\xa07\xa03,422']",table_row,table_row
"['<LONG>\n<BLK>', '<LONG>', '<BLK>\n188']",narrative,narrative
"['Settlements, Net(a)\n<BLK>', 'December 31, 2024', '<BLK>\nAssets:']",table_row,table_row
"['CashCollateralTotal\n<BLK>', '(in millions)', '<BLK>\nLiabilities:']",table_row,table_row
"['•Debt of consolidated investment entities\n<BLK>', 'Note 15.  Contingencies, Commitments and Guarantees', '<BLK>\n•Legal contingencies']",narrative,narrative
"['<BLK>\n<BLK>', 'ITEM 8 | Notes to Consolidated Financial Statements | 13. Insurance Liabilities', '<BLK>\nU.S. Financial Lines']",footer,footer
"['Other comprehensive income (loss)—\xa0—\xa0—\xa0—\xa0—\xa06,401\xa06,401\xa0(296)6,105\n<BLK>', 'Net increase (decrease) due to divestitures and acquisitions—\xa0—\xa0—\xa0(418)—\xa0537\xa0119\xa0(6,015)(5,896)', '<BLK>\nContributions from noncontrolling interests—\xa0—\xa0—\xa0—\xa0—\xa0—\xa0—\xa028\xa028']",table_row,table_row
"['Foreign exchange contracts:\n<BLK>', 'Net realized gains/(losses)(422)(11)422\xa0(11)', '<BLK>\nYear Ended December 31, 2022']",table_row,table_row
"['22. Quarterly Financial Information (Unaudited)\n<BLK>', '<LONG>', '<BLK>\nCONSOLIDATED STATEMENTS OF INCOME (LOSS)']",narrative,narrative
"['Exercised(3,071,453)52.62\n<BLK>', 'Forfeited or expired(1,287,410)62.82', '<BLK>\nOutstanding, end of year9,017,588\xa0$50.40\xa06.61$202']",table_row,table_row
"['<LONG>\n<BLK>', '<LONG>', '<BLK>\n<LONG>']",narrative,narrative
"['NPA(g)\n<BLK>', '0.00% - 2.29%', '<BLK>\nFixed index annuities guaranteed benefits2,420\xa0Discounted cash flowEquity volatility6.25% - 49.75%']",table_row,table_row
"['Net results of businesses in run-off83\xa0475\xa0478\n<BLK>', 'Net impact from elimination of international reporting lag—\xa03\xa0937', '<BLK>\nElimination and consolidations(3)(5)10']",table_row,table_row
"['Reconciling items:\n<BLK>', ""Changes in the fair values of equity securities, AIG's investment in Corebridge and gain on sale of shares29\xa029"", '<BLK>\nOther income (expense) - net28\xa0—']",table_row,table_row
"['Equity Securities Traded in Active Markets\n<BLK>', 'Whenever available, we obtain quoted prices in active markets for identical assets at the balance sheet date to measure equity securities at fair value. Market price data is generally obtained from exchange or dealer markets.', '<BLK>\nMortgage and Other Loans Receivable']",narrative,narrative
"['December 31, 2022\n<BLK>', 'Assets:', '<BLK>\nCash and cash equivalents$119\xa0$—\xa0$—\xa0$119\xa0$64\xa0$—\xa0$—\xa0$64']",table_row,table_row
"['ITEM 8 | Notes to Consolidated Financial Statements | 13. Insurance Liabilities\n<BLK>', 'In determining the actual carried loss reserves, we consider both the internal actuarial best estimate and numerous other internal and external factors, including:', '<BLK>\n•an assessment of economic conditions, including real GDP growth, inflation, employment rates or unemployment duration, stock market volatility and changes in corporate bond spreads;']",narrative,narrative
"['Decreases in tax positions for prior years(20)(4)(33)\n<BLK>', 'Increases in tax positions for current year15\xa0—\xa059', '<BLK>\nLapse in statute of limitations(1)—\xa0(21)']",table_row,table_row
"['AIG | 2023 Form 10-K\n<BLK>', '173', '<BLK>\n<BLK>']",footer,footer
"['Total$20\xa0$(4)$—\xa0$(5)$—\xa0$—\xa0$—\xa0$—\xa0$11\xa0$(3)$—\n<BLK>', 'Non-U.S. Plan Assets:', '<BLK>\nInsurance contracts$132\xa0$6\xa0$—\xa0$—\xa0$—\xa0$—\xa0$—\xa0$—\xa0$138\xa0$—\xa0$—']",table_row,table_row
"['<LONG>\n<BLK>', '<LONG>', '<BLK>\nFixed Maturity Securities']",narrative,narrative
"['Income (loss) attributable to AIG common shareholders$(2.17)$4.98\xa0$12.94\n<BLK>', '<LONG>', '<BLK>\nFor information regarding our repurchases of AIG Common Stock, see Note 16.']",narrative,narrative
"['Note 15.  Contingencies, Commitments and Guarantees\n<BLK>', '•Legal contingencies', '<BLK>\nNote 17.  Earnings Per Common Share (EPS)']",narrative,narrative
"['<LONG>\n<BLK>', 'AIG | 2023 Form 10-K', '<BLK>\n137']",footer,footer
"['Corporate debt—\xa0210\xa045\xa0—\xa0—\xa0255\n<BLK>', 'RMBS—\xa042\xa051\xa0—\xa0—\xa093', '<BLK>\nCMBS—\xa033\xa0—\xa0—\xa0—\xa033']",table_row,table_row
"['Alternative investments(b)\n<BLK>', '257\xa0220\xa032', '<BLK>\nRetained investment in Corebridge(c)']",table_row,table_row
"['(in millions)202420232022\n<BLK>', 'Gross premiums$409\xa0$477\xa0$487', '<BLK>\nInterest accretion$9\xa0$9\xa0$8']",table_row,table_row
"['Unaudited\n<BLK>', '2014$(373)$(355)$(424)$(439)$(336)$(320)$(390)$(384)$6', '<BLK>\n2015(436)(425)(464)(493)(483)(490)(512)(462)50']",table_row,table_row
"['Liabilities:\n<BLK>', 'Derivative liabilities, net:', '<BLK>\nInterest rate contracts$(406)$61\xa0$—\xa0$345\xa0$—\xa0$—\xa0$—\xa0$—\xa0$—\xa0$—']",table_row,table_row
"['<LONG>\n<BLK>', 'AIG Life Limited', '<BLK>\n<LONG>']",narrative,narrative
"['Goodwill3,373\xa03,422\n<BLK>', 'Deposit accounting assets, net of allowance for credit losses of $49 in 2024 and $49 in 2023', '<BLK>\n2,171\xa01,915']",table_row,table_row
"['Note 8.  Reinsurance\n<BLK>', '•Reinsurance assets – net of allowance', '<BLK>\n•Retroactive reinsurance']",narrative,table_row
"['Income (loss) from discontinued operations, net of income taxes(3,626)1,137\xa08,383\n<BLK>', 'Less: Net income (loss) from discontinued operations attributable to noncontrolling interests478\xa0235\xa01,046', '<BLK>\nNet income (loss) from discontinued operations attributable to AIG$(4,104)$902\xa0$7,337']",table_row,table_row
"['DDTL facility - not guaranteed by AIG3.00% - 5.50%\n<BLK>', '2025', '<BLK>\n250\xa01,500']",table_row,table_row
"['CHANGE IN UNREALIZED APPRECIATION (DEPRECIATION) OF INVESTMENTS\n<BLK>', 'The following table presents the increase (decrease) in unrealized appreciation (depreciation) of our available for sale securities and other investments:', '<BLK>\nYears EndedDecember 31,']",narrative,narrative
"['Net gain (loss) on divestitures and other—\xa0(153)\n<BLK>', 'Non-operating litigation reserves and settlements—\xa016', '<BLK>\n(Unfavorable) favorable prior year development and related amortization changes ceded under retroactive reinsurance agreements—\xa0160']",table_row,table_row
"['(in millions)AdjustedRevenuesNetInvestmentIncomeInterestExpenseAmortizationof DACAdjustedPre-taxIncome(Loss)\n<BLK>', '2021', '<BLK>\nGeneral Insurance']",table_row,table_row
"['<LONG>\n<BLK>', 'AIG | 2023 Form 10-K', '<BLK>\n151']",footer,footer
"['Years Ended December 31,202320222021\n<BLK>', '(in millions, except duration of liability)LifeInsuranceOther(b)', '<BLK>\nTotalLifeInsuranceOther(b)']",table_row,table_row
"['•Unfavorable development in U.S. Financial Lines of $649 million, net of external reinsurance but before ADC cessions, due to adverse experience in D&O, Cyber and EPLI. This includes adverse experience in Fiduciary from emergence of Excessive Fee claims and Cyber ransomware losses;\n<BLK>', '•Unfavorable development on UK/Europe Casualty and Financial Lines of $210 million driven by recognition of large loss activity in Financial PI in the UK and Commercial D&O in Europe; and', '<BLK>\n•Unfavorable development in U.S. Property and Special Risks of $172 million  driven largely by the impact of reductions in reinsurance recoveries driven by changes in catastrophe loss estimates.']",narrative,narrative
"['Assets of discontinued operations—\xa0378,748\n<BLK>', 'Total assets$161,322\xa0$539,306', '<BLK>\nLiabilities:']",table_row,table_row
"['2021—\xa0—\xa0—\xa0—\xa0—\xa0—\xa0—\xa0—\xa0—\xa0—\n<BLK>', '2022—\xa0—\xa0—\xa0—\xa0—\xa0—\xa0—\xa0—\xa0—\xa0—', '<BLK>\n2023—\xa0—\xa0—\xa0—\xa0—\xa0—\xa0—\xa0—\xa0—\xa0—']",table_row,table_row
"['OtherIncludes investments held in funds that are less liquid, as well as other strategies which allow for broader allocation between public and private investments74\xa0—\xa0192\xa0—\n<BLK>', 'Total hedge funds710\xa0—\xa01,394\xa0—', '<BLK>\nTotal$9,508\xa0$3,748\xa0$9,822\xa0$4,064']",table_row,table_row
"['Net realized gains/(losses)(422)(11)422\xa0(11)\n<BLK>', 'Year Ended December 31, 2022', '<BLK>\nInterest rate contracts:']",table_row,table_row
"['<BLK>\n<BLK>', 'ITEM 8 | Notes to Consolidated Financial Statements | 13. Insurance Liabilities', '<BLK>\nActuarial Assumption Updates for Liability for Future Policy Benefits']",footer,footer
"['AIG | 2023 Form 10-K\n<BLK>', '197', '<BLK>\n<BLK>']",footer,footer
"['144\n<BLK>', 'Note 14.Debt', '<BLK>\n167']",table_row,table_row
"['<LONG>\n<BLK>', 'AIG | 2023 Form 10-K', '<BLK>\n231']",footer,footer
"['Effect of the remeasurement of the liability at a current single A rate156\xa063\xa02,977\xa01,655\xa07,611\xa012,462\n<BLK>', 'Adjustment for the removal of loss recognition balances related to unrealized gain or loss on securities(64)(60)4\xa0(292)—\xa0(412)', '<BLK>\nPost-adoption January 1, 2021 liability for future policy benefits balance$1,322\xa0$279\xa0$14,125\xa0$11,630\xa0$29,013\xa0$56,369']",table_row,table_row
"['Consolidated Statements of Comprehensive Income (Loss)\n<BLK>', 'Years Ended December 31,', '<BLK>\n(in millions)202320222021']",table_row,table_row
"['Derivatives(a)\n<BLK>', 'Excluded', '<BLK>\nComponents(b)']",table_row,table_row
"['ITEM 8 | Notes to Consolidated Financial Statements | 18. Equity\n<BLK>', 'NONCONTROLLING INTEREST', '<BLK>\n<LONG>']",narrative,narrative
"['Change in retirement plan liabilities adjustment48\xa0112\xa0(21)\n<BLK>', 'Change in other comprehensive income (loss) related to discontinued operations(945)3,401\xa0(25,235)', '<BLK>\nChange in fair value of liabilities under fair value option attributable to changes in our own credit risk—\xa0—\xa0(6)']",table_row,table_row
"['Total Revenues*\n<BLK>', '(in millions)202420232022', '<BLK>\nNorth America Commercial$8,172\xa0$10,233\xa0$10,444']",table_row,table_row
"['ITEM 8 | Notes to Consolidated Financial Statements | 15. Contingencies, Commitments and Guarantees\n<BLK>', '15. Contingencies, Commitments and Guarantees', '<BLK>\nIn the normal course of business, we enter into various contingent liabilities and commitments. In addition, AIG Parent guarantees various obligations of certain subsidiaries.']",narrative,narrative
"['Interest rate contracts:\n<BLK>', 'Interest credited to policyholder account balances$(19)$—\xa0$17\xa0$(2)', '<BLK>\nNet investment income9\xa0—\xa0(11)(2)']",table_row,table_row
"['<BLK>\n<BLK>', 'ITEM 8 | Notes to Consolidated Financial Statements | 13. Insurance Liabilities', '<BLK>\n<LONG>']",footer,footer
"['The following table presents total assets of unconsolidated VIEs in which we hold a variable interest, as well as our maximum exposure to loss associated with these VIEs:\n<BLK>', 'Maximum Exposure to Loss', '<BLK>\n(in millions)Total VIEAssetsOn-BalanceSheet(c)']",narrative,table_row
"['NON-EMPLOYEE PLAN\n<BLK>', '<LONG>', '<BLK>\n246']",narrative,narrative
"['Current accident year$128\xa0$112\xa0$98\n<BLK>', 'Accretion and other adjustments to prior year discount(303)(264)(239)', '<BLK>\nEffect of interest rate changes(51)(43)844']",table_row,table_row
"['Bonds available for sale$72\n<BLK>', 'Mortgage and other loans receivable', '<BLK>\n122']",table_row,table_row
"['Total\n<BLK>', '(in millions, except for average crediting rate)', '<BLK>\nPolicyholder contract deposits account balance, beginning of year$89,554\xa0$43,395\xa0$10,224\xa0$11,734\xa0$3,587\xa0$158,494']",table_row,table_row
"['Incurred Losses and Allocated Loss Adjustment Expenses, Undiscounted and Net of Reinsurance\n<BLK>', 'Years Ended December 31, (in millions)', '<BLK>\nDecember 31, 2023']",narrative,table_row
"['—\xa0—\xa0—\xa0—\xa0(1,002)—\xa0(1,002)—\xa0(1,002)\n<BLK>', 'Other comprehensive income (loss)—\xa0—\xa0—\xa0—\xa0—\xa06,401\xa06,401\xa0(296)6,105', '<BLK>\nNet increase (decrease) due to divestitures and acquisitions—\xa0—\xa0—\xa0(418)—\xa0537\xa0119\xa0(6,015)(5,896)']",table_row,table_row
"['Contributions from noncontrolling interests—\xa0—\xa0—\xa0—\xa0—\xa0—\xa0—\xa049\xa049\n<BLK>', 'Distributions to noncontrolling interests—\xa0—\xa0—\xa0—\xa0—\xa0—\xa0—\xa0(710)(710)', '<BLK>\nOther—\xa0—\xa0—\xa0111\xa05\xa0—\xa0116\xa069\xa0185']",table_row,table_row
"['Years Ended December 31,Gross PremiumsInterest Accretion\n<BLK>', '(in millions)202320222021202320222021', '<BLK>\nGeneral Insurance$477\xa0$487\xa0$547\xa0$9\xa0$8\xa0$7']",table_row,table_row
"['Total other comprehensive income (loss), net of income tax expense (benefit)$117\xa0$6,851\xa0$432\xa0$(802)$(540)$47\xa0$—\xa0$6,105\n<BLK>', 'Year Ended December 31, 2023', '<BLK>\nUnrealized change arising during year$(6)$7,172\xa0$(695)$(1,045)$137\xa0$118\xa0$—\xa0$5,681']",table_row,table_row
"['Yield5.89% - 6.98% (6.44%)\n<BLK>', 'CLO/ABS(a)', '<BLK>\n760\xa0Discounted cash flowYield4.24% - 8.42% (6.33%)']",table_row,table_row
"['2018977\xa02,162\xa02,509\xa02,715\xa02,863\xa02,994\xa03,094\xa0—\n<BLK>', '20191,039\xa01,673\xa01,906\xa02,037\xa02,083\xa02,124\xa0—', '<BLK>\n2020844\xa01,613\xa01,874\xa02,190\xa02,414\xa0—']",table_row,table_row
"['Liabilities for losses and allocated loss adjustment expenses and prior year development before 2015, net of reinsurance(1,618)(178)\n<BLK>', 'Unallocated loss adjustment expense prior year development(57)', '<BLK>\nLiabilities for losses and loss adjustment expenses and prior year loss development, net of reinsurance$(1,955)$(307)']",table_row,table_row
"['20231\xa0—\n<BLK>', 'Total$4,724\xa0$(251)', '<BLK>\n204']",table_row,table_row
"['•Level 1: Fair value measurements based on quoted prices (unadjusted) in active markets that we have the ability to access for identical assets or liabilities. Market price data generally is obtained from exchange or dealer markets. We do not adjust the quoted price for such instruments.\n<BLK>', '<LONG>', '<BLK>\n<LONG>']",narrative,narrative
"['Total gain (loss)$715\xa0$266\xa0$(136)\n<BLK>', '(a)Includes certain securities supporting the funds withheld arrangements with Fortitude Re. For additional information regarding the gains and losses for Other bond securities, see Note 6. For additional information regarding the funds withheld arrangements with Fortitude Re, see Note 8.', '<BLK>\n(b)Includes certain hedge funds, private equity funds and real estate investments.']",narrative,narrative
"['December 31, 2023\n<BLK>', 'Assets:', '<BLK>\nCash and cash equivalents$54\xa0$—\xa0$—\xa0$54\xa0$108\xa0$—\xa0$—\xa0$108']",table_row,table_row
"['Increases in tax positions for prior years3\xa0200\xa029\n<BLK>', 'Decreases in tax positions for prior years(20)(4)(33)', '<BLK>\nIncreases in tax positions for current year15\xa0—\xa059']",table_row,table_row
"['Losses and loss adjustment expenses incurred:\n<BLK>', 'Current year15,100\xa016,434\xa016,434', '<BLK>\nPrior years, excluding discount and amortization of deferred gain(392)(530)(171)']",table_row,table_row
"['<LONG>\n<BLK>', '<LONG>', '<BLK>\n<LONG>']",narrative,narrative
"['ITEM 8 | Notes to Consolidated Financial Statements | 6. Investments\n<BLK>', 'Less than 12 Months12 Months or MoreTotal', '<BLK>\n(in millions)FairValueGrossUnrealizedLossesFairValueGrossUnrealizedLossesFairValueGrossUnrealizedLosses']",narrative,table_row
"['Separate account assets, at fair value91,005\n<BLK>', 'Total assets held for sale/assets of discontinued operations$378,748', '<BLK>\nLiabilities:']",table_row,table_row
"['<LONG>\n<BLK>', '<LONG>', '<BLK>\n<LONG>']",narrative,narrative
"['(in millions)202420232022\n<BLK>', 'Gross unrecognized tax benefits, beginning of year$1,387\xa0$1,191\xa0$1,157', '<BLK>\nIncreases in tax positions for prior years3\xa0200\xa029']",table_row,table_row
"['Medical (before age 65)20482046\n<BLK>', 'Medical (age 65 and older)20482046', '<BLK>\nThe following table presents the weighted average assumptions used to determine the net periodic benefit costs:']",table_row,table_row
"['Less: Income tax expense (benefit)6\xa01,074\xa0(151)(174)35\xa042\xa0—\xa0832\n<BLK>', 'Total other comprehensive income (loss), net of income tax expense (benefit)$14\xa0$7,134\xa0$(544)$(871)$102\xa0$105\xa0$—\xa0$5,940', '<BLK>\nYear Ended December 31, 2022']",table_row,table_row
"['Report of Independent Registered Public Accounting Firm (PCAOB ID 238)\n<BLK>', '126', '<BLK>\nConsolidated Balance Sheets at December 31, 2023 and 2022']",footer,table_row
"['$2,591\xa0$5,880\n<BLK>', 'Total debt$22,387\xa0$27,179', '<BLK>\n<LONG>']",table_row,table_row
"['202693\n<BLK>', '202785', '<BLK>\n202877']",table_row,table_row
"['2019887873812801788730\xa0(58)\n<BLK>', '2020597573521477434\xa0(43)', '<BLK>\n2021597570545514\xa0(31)']",table_row,table_row
"['20191,0591,0581,0531,0621,0391,024\xa0(15)\n<BLK>', '2020524576538540519\xa0(21)', '<BLK>\n2021795793790818\xa028']",table_row,table_row
"['Obligations of states, municipalities and political subdivisions850\xa024\xa01,602\xa0133\xa02,452\xa0157\n<BLK>', 'Non-U.S. governments1,431\xa087\xa04,503\xa0583\xa05,934\xa0670', '<BLK>\nCorporate debt4,089\xa0171\xa018,612\xa02,070\xa022,701\xa02,241']",table_row,table_row
"['DEBT CASH TENDER OFFERS AND REDEMPTIONS\n<BLK>', 'In 2024, we repaid, redeemed and repurchased $2.0 billion aggregate principal amount of certain notes and debentures issued or guaranteed by AIG, for an aggregate purchase price of $2.1 billion, resulting in a total loss on extinguishment of debt of $14\xa0million. This includes the following:', '<BLK>\n•Repayment of $459 million aggregate principal amount of our 4.125% Notes due February 15, 2024.']",narrative,narrative
"['Total$(687)$935\xa0$(404)$(156)\n<BLK>', '(a)There were no issuances during the years ended December 31, 2023 and 2022.', '<BLK>\n<LONG>']",narrative,narrative
"['Statutory net income (loss)(a)(b):\n<BLK>', 'General Insurance companies:', '<BLK>\nDomestic$1,912\xa0$2,272\xa0$2,649']",table_row,table_row
"['Series A non-cumulative preferred stock and additional paid in capital, $5.00 par value; 100,000,000 shares authorized; shares issued: 2024 - 0 and 2023 - 20,000; liquidation preference $500\n<BLK>', '—\xa0485', '<BLK>\nCommon stock, $2.50 par value; 5,000,000,000 shares authorized; shares issued: 2024 - 1,906,671,492 and 2023 - 1,906,671,492']",table_row,table_row
"['2017353\xa0940\xa01,222\xa01,364\xa01,420\xa01,459\xa01,472\n<BLK>', '2018316\xa0978\xa01,161\xa01,289\xa01,303\xa01,339', '<BLK>\n2019264\xa0649\xa0820\xa0907\xa0944']",table_row,table_row
"['Note 11.  Derivatives and Hedge Accounting\n<BLK>', '•Derivative assets and liabilities, at fair value', '<BLK>\nNote 12.  Goodwill and Other Intangible Assets']",narrative,narrative
"['Net realized gains (losses) on Fortitude Re funds withheld assets:\n<BLK>', 'Net realized gains (losses) - Fortitude Re funds withheld assets(295)(486)1,003', '<BLK>\nNet realized gains (losses) - Fortitude Re funds withheld embedded derivative(2,007)7,481\xa0(603)']",table_row,table_row
"['124\n<BLK>', 'AIG | 2024 Form 10-K', '<BLK>\n<BLK>']",footer,footer
"['Total$7,462\xa0$12,231\xa0$14,742\xa0$16,767\xa0$20,143\xa0$22,714\xa0$25,738\xa0$28,260\xa0$(6)\n<BLK>', 'Cumulative Paid Losses and Allocated Loss Adjustment Expenses, Net of Reinsurance from the table below(24,120)', '<BLK>\nLiabilities for losses and allocated loss adjustment expenses and prior year development before 2014, net of reinsurance263\xa09']",table_row,table_row
"['Equity securities728\xa012\xa0575\xa011\n<BLK>', 'Total$5,969\xa0100\xa0%$5,060\xa0100\xa0%', '<BLK>\n170']",table_row,table_row
"['Deposit accounting liabilities3,005\xa02,612\n<BLK>', 'Commissions and premium taxes payable1,522\xa01,351', '<BLK>\nCurrent and deferred income tax liabilities426\xa0347']",table_row,table_row
"['Asset class:\n<BLK>', 'Equity securities20\xa0%20\xa0%19\xa0%', '<BLK>\nFixed maturity securities58\xa047\xa045']",table_row,table_row
"['Effect of changes in equity markets(1,236)(109)(1,345)1,382\xa0122\xa01,504\xa0(1,414)(203)(1,617)\n<BLK>', 'Effect of changes in equity index volatility(14)(5)(19)(75)1\xa0(74)33\xa020\xa053', '<BLK>\nActual outcome different from model expected outcome188\xa07\xa0195\xa0164\xa0(3)161\xa0106\xa08\xa0114']",table_row,table_row
"['American International Group, Inc.\n<BLK>', 'Consolidated Statements of Cash Flows (continued)', '<BLK>\nSupplementary Disclosure of Consolidated Cash Flow Information']",narrative,narrative
"['ITEM 8 | Report of Independent Registered Public Accounting Firm\n<BLK>', 'Report of Independent Registered Public Accounting Firm', '<BLK>\nTo the Board of Directors and Shareholders of American International Group, Inc.']",narrative,narrative
"['Other bond securities45\xa0—\xa045\n<BLK>', 'Equity securities8\xa0—\xa08', '<BLK>\nMortgage and other loans receivable']",table_row,table_row
"['•income taxes, in particular the recoverability of our deferred tax asset and establishment of provisions for uncertain tax positions; and\n<BLK>', '•goodwill impairment.', '<BLK>\n<LONG>']",narrative,narrative
"['Notes and bonds payable1.58% - 6.82%\n<BLK>', '2025 - 2055', '<BLK>\n$7,885\xa0$9,079']",table_row,table_row
"['Premiums earned:\n<BLK>', 'Direct$4,706\xa0$4,739\xa0$4,604', '<BLK>\nAssumed4,111\xa01,318\xa02,265']",table_row,table_row
"['Corporate debt34,013\xa0(20)606\xa0(2,253)32,346\n<BLK>', 'Mortgage-backed, asset-backed and collateralized:', '<BLK>\nRMBS6,423\xa0(9)219\xa0(426)6,207']",table_row,table_row
"['Total$912\xa0$5,705\xa0$4,793\xa0$796\xa0$4,736\xa0$3,940\n<BLK>', '*Cash flows and attributed fees for MRBs are determined on a policy level basis and are reported based on their asset or liability position at the balance sheet date.', '<BLK>\nFor additional information related to fair value measurements of MRBs, see Note 5.']",narrative,narrative
"['<LONG>\n<BLK>', 'AIG | 2023 Form 10-K', '<BLK>\n189']",footer,footer
"['Equity contracts—\xa01\xa0(9)\n<BLK>', 'Commodity contracts—\xa08\xa0(12)', '<BLK>\nCredit contracts3\xa0(2)(3)']",table_row,table_row
"['20162,241\xa02,240\xa02,226\xa02,221\xa02,219\xa02,216\xa02,209\xa02,212\xa03\xa01\xa01,794,987\n<BLK>', '20172,196\xa02,118\xa02,103\xa02,099\xa02,115\xa02,100\xa02,108\xa08\xa0—\xa01,718,502', '<BLK>\n20182,555\xa02,461\xa02,458\xa02,431\xa02,450\xa02,448\xa0(2)4\xa01,915,683']",table_row,table_row
"['Remove impact of Retroactive Reinsurance\n<BLK>', 'Amortization of deferred gain at inception136', '<BLK>\nPrior year development ceded under the Asbestos LPT85']",table_row,table_row
"['Restructuring and other costs—\xa0—\xa0—\xa0—\xa0(433)\n<BLK>', 'Non-recurring costs related to regulatory or accounting changes—\xa0—\xa0—\xa0—\xa0(68)', '<BLK>\nRevenues and pre-tax income$52,157\xa0$14,612\xa0$1,305\xa0$4,524\xa0$13,347']",table_row,table_row
"['Weighted average common shares outstanding - diluted(a)\n<BLK>', '725,233,068\xa0787,941,750\xa0864,884,879', '<BLK>\nIncome (loss) per common share attributable to AIG common shareholders:']",table_row,table_row
"['Calendar Years Ended December 31, (in millions)\n<BLK>', 'AccidentYear20162017201820192020202120222023Prior YearDevelopment', '<BLK>\nUnaudited']",table_row,table_row
"['<LONG>\n<BLK>', '138', '<BLK>\nAIG | 2024 Form 10-K']",footer,footer
"['Income (loss) from discontinued operations$(6.24)$1.24\xa0$9.31\n<BLK>', 'Income (loss) attributable to AIG common shareholders$(2.17)$4.98\xa0$12.94', '<BLK>\n<LONG>']",table_row,table_row
"['<LONG>\n<BLK>', 'Change in Accounting Principle', '<BLK>\nAs discussed in Note 1 to the consolidated financial statements, the Company changed the manner in which it accounts for long-duration insurance contracts in 2023.']",narrative,narrative
"['Incurred Losses and Allocated Loss Adjustment Expenses, Undiscounted and Net of Reinsurance\n<BLK>', 'Years Ended December 31, (in millions)', '<BLK>\nDecember 31, 2024']",table_row,table_row
"['Average Annual Percentage Payout of Incurred Losses by Age, Net of Reinsurance (Unaudited)\n<BLK>', 'Year1\xa02\xa03\xa04\xa05\xa06\xa07\xa08\xa09\xa010', ""<BLK>\nU.S. Workers' compensation11.9\xa0%17.5\xa0%11.0\xa0%7.5\xa0%4.5\xa0%3.3\xa0%2.7\xa0%1.2\xa0%1.4\xa0%1.5\xa0%""]",table_row,table_row
"['202084\xa0356\xa0648\xa0915\xa01,063\xa0—\n<BLK>', '202143\xa0151\xa0315\xa0468\xa0—', '<BLK>\n202230\xa0109\xa0177\xa0—']",table_row,table_row
"['Net realized gains (losses) - Fortitude Re funds withheld embedded derivative(75)(273)1,133\n<BLK>', 'Net realized gains (losses) on Fortitude Re funds withheld assets(114)(344)1,034', '<BLK>\nIncome (loss) from continuing operations before income tax expense (benefit)30\xa0(164)1,087']",table_row,table_row
"['Domestic$17,001\xa0$18,703\n<BLK>', 'Foreign12,299\xa011,527', '<BLK>\nTotal General Insurance companies$29,300\xa0$30,230']",table_row,table_row
"['<LONG>\n<BLK>', 'Other Invested Assets', '<BLK>\n<LONG>']",narrative,narrative
"['<BLK>\n<BLK>', 'ITEM 8 | Notes to Consolidated Financial Statements | 3. Segment Information', '<BLK>\n3. Segment Information']",footer,footer
"['Equity securities\n<BLK>', '632\xa040\xa056\xa0—\xa0—\xa0728', '<BLK>\nOther invested assets(b)']",table_row,table_row
"['Policyholder contract deposits account balance, end of year84,097\xa043,902\xa010,183\xa010,804\xa03,823\xa0152,809\n<BLK>', 'Other reconciling items(b)', '<BLK>\n(1,289)(259)117\xa0165\xa0(157)(1,423)']",table_row,table_row
"['2014$(159)$(198)$(207)$(240)$(241)$(296)$(276)$(297)$(21)\n<BLK>', '2015(333)(313)(326)(278)(324)(364)(439)(495)(56)', '<BLK>\n2016—\xa0—\xa0—\xa0—\xa0—\xa0—\xa0—\xa0—\xa0—']",table_row,table_row
"['of ADC\n<BLK>', 'Accident Year2014201520162017201820192020202120222023', '<BLK>\nUnaudited']",table_row,table_row
"['2023500465\xa0(35)\n<BLK>', '2024567', '<BLK>\nTotal$2,578\xa0$3,414\xa0$4,484\xa0$4,958\xa0$5,389\xa0$5,740\xa0$6,151\xa0$6,562\xa0$6,766\xa0$(363)']",table_row,table_row
"['Variable annuities guaranteed benefits2,358\xa0Discounted cash flowEquity volatility6.45% - 50.75%\n<BLK>', 'Base lapse rate0.16% - 28.80%', '<BLK>\nDynamic lapse multiplier(e)']",table_row,table_row
"['(Unfavorable) favorable prior year development and related amortization changes ceded under retroactive reinsurance agreements—\xa0(105)\n<BLK>', 'Net loss reserve discount benefit (charge)—\xa0(226)', '<BLK>\nNet results of businesses in run-off(d)']",table_row,table_row
"[""U.S. Workers' Compensation$(273)$(205)$(14)$(42)$(261)\n<BLK>"", 'U.S. Excess Casualty545\xa0238\xa022\xa0(32)228', '<BLK>\nU.S. Other Casualty12\xa044\xa0(38)(31)(25)']",table_row,table_row
"['<LONG>\n<BLK>', '<LONG>', '<BLK>\nEmbedded Derivatives within Reinsurance Contracts']",narrative,narrative
"['Net increase (decrease) due to divestitures and acquisitions—\xa0—\xa0—\xa0288\xa0—\xa0(918)(630)2,342\xa01,712\n<BLK>', 'Contributions from noncontrolling interests—\xa0—\xa0—\xa0—\xa0—\xa0—\xa0—\xa022\xa022', '<BLK>\nDistributions to noncontrolling interests—\xa0—\xa0—\xa0—\xa0—\xa0—\xa0—\xa0(682)(682)']",table_row,table_row
"['Liabilities for losses and loss adjustment expenses and prior year loss development, net of reinsurance$836\xa0$(23)$—\xa0$836\n<BLK>', 'Incurred Losses and Loss Adjustment Expenses, Undiscounted, Net of Reinsurance (including impact of ADC)', '<BLK>\nCalendar Years Ended December 31, (in millions)']",narrative,narrative
"['Balance at December 31, 2024:\n<BLK>', 'Goodwill - gross4,285\xa02,003\xa0478\xa017\xa06,783', '<BLK>\nAccumulated impairments(2,216)(947)(237)(10)(3,410)']",table_row,table_row
"['Other investments$—\xa0$—\xa0$80\xa0$80\xa0$13\xa0$25\xa0$6\n<BLK>', 'Other assets—\xa0—\xa0—\xa0—\xa0121\xa01\xa067', '<BLK>\nTotal$—\xa0$—\xa0$80\xa0$80\xa0$134\xa0$26\xa0$73']",table_row,table_row
"['20181,227\xa01,939\xa01,973\xa01,789\xa01,832\xa01,849\xa0—\n<BLK>', '2019884\xa01,295\xa01,379\xa01,416\xa01,491\xa0—', '<BLK>\n2020667\xa0679\xa0725\xa0824\xa0—']",table_row,table_row
"['Long-Term Incentive (LTI) Awards\n<BLK>', 'The LTIP provides for an annual award to certain employees, including our senior executive officers and other highly compensated employees that may be comprised of a combination of one or more of the following units: PSUs, RSUs or stock options.', '<BLK>\n<LONG>']",narrative,narrative
"['Income (loss) from continuing operations$5.02\xa0$13.10\xa0$12.10\n<BLK>', 'Income from discontinued operations$—\xa0$—\xa0$—', '<BLK>\nIncome (loss) attributable to AIG common shareholders$5.02\xa0$13.10\xa0$12.10']",table_row,table_row
"['Other assets130\xa0—\xa06\xa0136\n<BLK>', 'Total$5,122\xa0$(659)$(2,955)$1,508', '<BLK>\nLiabilities:']",table_row,table_row
"['Ending balance at original discount rate1,390\xa0213\xa024,603\xa015,098\xa021,512\xa062,816\n<BLK>', 'Effect of changes in discount rate assumptions (AOCI)(167)(2)(3,424)(2,634)(1,083)(7,310)', '<BLK>\nBalance, end of year$1,223\xa0$211\xa0$21,179\xa0$12,464\xa0$20,429\xa0$55,506']",table_row,table_row
"['Liability for unpaid losses and loss adjustment expenses$(70,393)$(39,994)$(75,167)$(42,955)\n<BLK>', 'Future policy benefits for life and accident and health insurance contracts(58,576)(35,005)(51,914)(27,836)', '<BLK>\nPolicyholder contract deposits(161,979)(158,171)(155,984)(152,375)']",table_row,table_row
"['<BLK>\n<BLK>', 'ITEM 8 | Notes to Consolidated Financial Statements | 15. Separate Account Assets and Liabilities', '<BLK>\n<LONG>']",footer,footer
"['Cash618\n<BLK>', 'Accrued investment income2,011', '<BLK>\nPremiums and other receivables, net of allowance for credit losses and disputes709']",table_row,table_row
"['Restricted cash included in Other assets*15\xa032\xa019\n<BLK>', 'Total cash and restricted cash shown in the Consolidated Statements of Cash Flows$1,372\xa0$1,573\xa0$1,571', '<BLK>\nCash paid during the period for:']",table_row,table_row
"['2019884\xa01,295\xa01,379\xa01,416\xa01,491\xa01,516\xa0—\n<BLK>', '2020667\xa0679\xa0725\xa0824\xa0846\xa0—', '<BLK>\n2021488\xa0650\xa0658\xa0662\xa0—']",table_row,table_row
"['Total revenues$4,589\xa0$28,500\xa0$31,560\n<BLK>', 'Total expenses(2,212)(2,789)(2,241)', '<BLK>\nNet income$2,377\xa0$25,711\xa0$29,319']",table_row,table_row
"['See accompanying Notes to Consolidated Financial Statements.\n<BLK>', '132', '<BLK>\nAIG | 2023 Form 10-K']",footer,footer
"['Future policy benefits 57,946\n<BLK>', 'Policyholder contract deposits161,979', '<BLK>\nMarket risk benefit liabilities, at fair value5,705']",table_row,table_row
"['Prior year development ceded under the Asbestos LPT85\n<BLK>', 'Prior year development ceded under the ADC289', '<BLK>\nTotal, prior years, excluding discount and amortization of deferred gain$254']",table_row,table_row
"['Investment Category\n<BLK>', 'Private equity funds:', '<BLK>\nLeveraged buyoutDebt and/or equity investments made as part of a transaction in which assets of mature companies are acquired from the current shareholders, typically with the use of financial leverage$3,617\xa0$2,313\xa0$3,146\xa0$2,448']",table_row,table_row
"['<=1%$8,766\xa0$2,161\xa0$21,702\xa0$32,629\n<BLK>', '> 1% - 2%4,208\xa024\xa02,195\xa06,427', '<BLK>\n> 2% - 3%9,502\xa0—\xa017\xa09,519']",table_row,table_row
"['OTHER SECURITIES MEASURED AT FAIR VALUE\n<BLK>', 'The following table presents the fair value of fixed maturity securities measured at fair value based on our election of the fair value option, which are reported in the other bond securities caption in the financial statements, and equity securities measured at fair value:', '<BLK>\n(in millions)December 31, 2024December 31, 2023']",narrative,narrative
"['Effect of interest rate changes(43)844\xa0219\n<BLK>', 'Net reserve discount benefit (charge)(195)703\xa0193', '<BLK>\nChange in discount on loss reserves ceded under retroactive reinsurance150\xa0(301)(42)']",table_row,table_row
"['(d)Primarily includes tax charges associated with tax adjustments related to prior year returns.\n<BLK>', '(e)Primarily due to 2023 and 2022 reductions in valuation allowance related to AIG’s U.S. federal consolidated income tax group tax attribute carryforwards.', '<BLK>\nDEFERRED TAX ASSET']",narrative,narrative
"['Investments in foreign subsidiaries66\xa0—\n<BLK>', 'Loss reserve discount424\xa0352', '<BLK>\nLoan loss and other reserves51\xa062']",table_row,table_row
"['AIG | 2024 Form 10-K\n<BLK>', '109', '<BLK>\n<BLK>']",footer,footer
"['December 31, 202220222021202020192018PriorTotal\n<BLK>', '(in millions)', '<BLK>\nLess than 65%$5,425\xa0$2,548\xa0$1,775\xa0$3,958\xa0$3,016\xa0$10,739\xa0$27,461']",table_row,table_row
"['<LONG>\n<BLK>', 'Liabilities:', '<BLK>\nDerivative liabilities, net:']",table_row,table_row
"['AIG | 2024 Form 10-K\n<BLK>', '135', '<BLK>\n<BLK>']",footer,footer
"['2022—\xa0—\xa0—\xa0—\xa0—\xa0—\xa0—\xa0—\xa0—\xa0—\n<BLK>', '2023—\xa0—\xa0—\xa0—\xa0—\xa0—\xa0—\xa0—\xa0—\xa0—', '<BLK>\n2024—\xa0—\xa0—\xa0—\xa0—\xa0—\xa0—\xa0—\xa0—\xa0—']",table_row,table_row
"['Effect of changes in cash flow assumptions—\xa0—\xa0164\xa0—\xa0(72)92\n<BLK>', 'Effect of actual variances from expected experience—\xa0—\xa0371\xa0—\xa014\xa0385', '<BLK>\nAdjusted beginning of year balance—\xa0—\xa012,954\xa0—\xa01,199\xa014,153']",table_row,table_row
"['Effect of changes in discount rate assumptions (AOCI)—\xa0—\xa0(1,872)—\xa0(66)(1,938)\n<BLK>', 'Balance, end of year$—\xa0$—\xa0$11,654\xa0$—\xa0$991\xa0$12,645', '<BLK>\nPresent value of expected future policy benefits']",table_row,table_row
"['Our actual income tax expense (benefit) from continuing operations differs from the statutory U.S. federal amount computed by applying the federal income tax rate due to the following:\n<BLK>', 'Years Ended December 31,202420232022', '<BLK>\n(dollars in millions)Pre-TaxIncome(Loss)TaxExpense(Benefit)Percent ofPre-TaxIncome(Loss)Pre-TaxIncome(Loss)TaxExpense(Benefit)Percent ofPre-TaxIncome(Loss)Pre-TaxIncome(Loss)TaxExpense(Benefit)Percent ofPre-TaxIncome(Loss)']",table_row,table_row
"['(in millions)202420232022\n<BLK>', 'North America Commercial$8,172\xa0$10,233\xa0$10,444', '<BLK>\nInternational Commercial8,145\xa07,964\xa07,701']",table_row,table_row
"['(in millions)\n<BLK>', 'Pre-adoption December 31, 2020 liability for future policy benefits balance$1,309\xa0$282\xa0$11,129\xa0$11,029\xa0$22,206\xa0$45,955', '<BLK>\nAdjustments for the reclassification to the deferred profit liability(65)(8)—\xa0(766)(859)(1,698)']",table_row,table_row
"['*The losses reported in the table are not covered by the ADC.\n<BLK>', 'Cumulative Paid Losses and Allocated Loss Adjustment Expenses, Net of Reinsurance*', '<BLK>\nYears Ended December 31, (in millions)']",narrative,narrative
"['December 31, 2023\n<BLK>', 'Accident Year20142015201620172018201920202021202220232023Prior YearDevelopmentTotal of IBNRLiabilitiesPlus ExpectedDevelopment onReported LossesCumulativeNumber ofReportedClaims', '<BLK>\nUnaudited']",table_row,table_row
"['Loss severity45.06% - 76.87% (60.97%)\n<BLK>', 'Constant default rate0.82% - 2.72% (1.77%)', '<BLK>\nYield5.98% - 7.75% (6.87%)']",table_row,table_row
"['(13)—\xa0—\xa062\xa0—\xa076\xa0125\n<BLK>', 'Effect of actual variances from expected experience(a)', '<BLK>\n(18)(5)(2)122\xa015\xa0—\xa0112']",table_row,table_row
"['Mortgage and other loans receivable, net(c)\n<BLK>', '$3,868\xa0$4,441', '<BLK>\n<LONG>']",table_row,table_row
"['—\xa0%N/A\n<BLK>', 'Rate of compensation increaseN/A2.38\xa0%N/AN/A', '<BLK>\nExpected return on assets6.25\xa0%2.67\xa0%—\xa0%N/A']",table_row,table_row
"['Dynamic lapse multiplier(e)\n<BLK>', '20.00% - 186.18%', '<BLK>\nMortality multiplier(e)(f)']",table_row,table_row
"['<LONG>\n<BLK>', 'At December 31, 2024, there were no assets and liabilities associated with our variable interests in consolidated VIEs.', '<BLK>\n(in millions)December 31, 2023']",narrative,narrative
"['Cumulative Paid Losses and Allocated Loss Adjustment Expenses, Net of Reinsurance from the table below501\n<BLK>', 'Liabilities for losses and allocated loss adjustment expenses and prior year development before 2014, net of reinsurance(223)29', '<BLK>\nUnallocated loss adjustment expense prior year development4']",table_row,table_row
"['Other Pledges and Restrictions\n<BLK>', '<LONG>', '<BLK>\nInvestments held in escrow accounts or otherwise subject to restriction as to their use were $73 million and $164\xa0million, comprised of bonds available for sale and short-term investments at December 31, 2024 and 2023, respectively.']",narrative,narrative
"['Due in one year or less$4,070\xa0$3,980\n<BLK>', 'Due after one year through five years22,194\xa022,163', '<BLK>\nDue after five years through ten years15,712\xa015,010']",table_row,table_row
"['<LONG>\n<BLK>', 'OTHER EVENTS', '<BLK>\n<LONG>']",narrative,narrative
"['Other bond securities:\n<BLK>', 'Obligations of states, municipalities and political subdivisions—\xa090\xa01\xa0—\xa0—\xa091', '<BLK>\nNon-U.S. governments—\xa037\xa0—\xa0—\xa0—\xa037']",table_row,table_row
"['ITEM 8 | Notes to Consolidated Financial Statements | 9. Deferred Policy Acquisition Costs\n<BLK>', '<LONG>', '<BLK>\n<LONG>']",narrative,narrative
"['0.00% - 2.03%\n<BLK>', '<LONG>', '<BLK>\n(b)Represents discount rates, estimates and assumptions that we believe would be used by market participants when valuing these assets and liabilities.']",narrative,narrative
"['Fixed maturity securities:\n<BLK>', 'U.S. investment grade(c)', '<BLK>\n45\xa02,213\xa010\xa02,268\xa0—\xa0—\xa0—\xa0—']",table_row,table_row
"['Note 16.Equity\n<BLK>', '171', '<BLK>\nNote 17.Earnings Per Common Share (EPS)']",table_row,table_row
"['The following table provides our attribution of our reinsurance recoverable for the ADC only (included in the table above):\n<BLK>', 'Calendar Years Ended December 31, (in millions)', '<BLK>\nAccidentYear201620172018201920202021202220232024Prior YearDevelopment']",narrative,table_row
"['Revenues and pre-tax income$54,450\xa0$11,767\xa0$1,125\xa0$4,557\xa0$14,299\n<BLK>', '146', '<BLK>\nAIG | 2023 Form 10-K']",footer,footer
"['Stock Options\n<BLK>', '<LONG>', '<BLK>\nAIG | 2024 Form 10-K']",narrative,narrative
"['FUTURE APPLICATION OF ACCOUNTING STANDARDS\n<BLK>', 'Income Tax', '<BLK>\n<LONG>']",narrative,narrative
"['20212,3392,2132,160\xa0(53)\n<BLK>', '20223,1713,281\xa0110', '<BLK>\n20232528']",table_row,table_row
"['of ADC\n<BLK>', 'Accident Year2015201620172018201920202021202220232024', '<BLK>\nUnaudited']",table_row,table_row
"['Weighted average shares outstanding:\n<BLK>', 'Basic651,448,307\xa0719,506,291\xa0778,621,118', '<BLK>\nDiluted657,283,160\xa0725,233,068\xa0787,941,750']",table_row,table_row
"['Accumulated impairments(2,216)(947)(237)(10)(3,410)\n<BLK>', 'Net goodwill$2,069\xa0$1,056\xa0$241\xa0$7\xa0$3,373', '<BLK>\n*Primarily represents amounts related to the sale of Validus Re through the date of disposition.']",table_row,table_row
"['Deferred(511)2,508\xa02,486\n<BLK>', 'Income tax expense (benefit)(20)3,025\xa02,441', '<BLK>\nIncome from continuing operations3,878\xa011,274\xa010,906']",table_row,table_row
"['20201,282\xa01,223\xa01,181\xa01,200\xa01,190\xa0(10)94\xa026,280\n<BLK>', '2021995\xa0958\xa0914\xa0923\xa09\xa085\xa022,968', '<BLK>\n20221,098\xa01,253\xa01,238\xa0(15)95\xa024,972']",table_row,table_row
"['Service cost4\xa05\xa014\xa016\xa0—\xa0—\xa0—\xa0—\n<BLK>', 'Interest cost154\xa0168\xa020\xa020\xa04\xa05\xa02\xa02', '<BLK>\nActuarial (gain) loss(b)']",table_row,table_row
"['Assets held for sale—\xa030\n<BLK>', 'Assets of discontinued operations—\xa0378,748', '<BLK>\nTotal assets$161,322\xa0$539,306']",table_row,table_row
"['<LONG>\n<BLK>', '–Certain lines of business are more likely to be subject to occurrences involving multiple claimants and features, which can distort measures based on the reported claim counts in the table below; and', '<BLK>\n–Reported claim counts are not adjusted for ceded reinsurance, which may distort the measure of frequency or severity.']",narrative,narrative
"['<LONG>\n<BLK>', '178', '<BLK>\nAIG | 2024 Form 10-K']",footer,footer
"['Changes in operating assets and liabilities:\n<BLK>', 'Insurance reserves341\xa0823\xa0(4,486)', '<BLK>\nPremiums and other receivables and payables - net(571)544\xa0(1,681)']",table_row,table_row
"['<LONG>\n<BLK>', '12. Goodwill and Other Intangible Assets', '<BLK>\n<LONG>']",narrative,narrative
"['Net liability for future policy benefits, end of year$1,373\xa0$264\xa0$13,073\xa0$13,890\xa0$26,400\xa0$55,000\n<BLK>', 'Liability for future policy benefits for certain participating contracts1,397', '<BLK>\nLiability for universal life policies with secondary guarantees and similar features(b)']",table_row,table_row
"['AIG | 2023 Form 10-K\n<BLK>', '219', '<BLK>\n<BLK>']",footer,footer
"['ITEM 8 | Notes to Consolidated Financial Statements | 14. Debt\n<BLK>', 'The following table presents maturities of long-term debt (including unamortized original issue discount, hedge accounting valuation adjustments and fair value adjustments, when applicable):', '<BLK>\nDecember 31, 2024Year Ending']",narrative,narrative
"['<LONG>\n<BLK>', '(c)At December 31, 2023 and 2022, $9.1 billion and $9.3 billion, respectively, of our total unconsolidated VIE assets were recorded as Other invested assets.', '<BLK>\n(d)These amounts represent our unfunded commitments to invest in private equity funds and hedge funds.']",table_row,narrative
"['Unaudited\n<BLK>', '2015$1,737\xa0$1,762\xa0$1,743\xa0$1,788\xa0$1,830\xa0$1,874\xa0$1,959\xa0$2,044\xa0$2,048\xa0$2,039\xa0$(9)$63\xa016,263\xa0$(485)$(50)$1,554\xa0$13', '<BLK>\n20161,605\xa01,855\xa01,993\xa02,064\xa02,139\xa02,281\xa02,325\xa02,308\xa02,322\xa014\xa0112\xa016,138\xa0—\xa0—\xa02,322\xa0112']",table_row,table_row
"['<LONG>\n<BLK>', '<LONG>', '<BLK>\n<LONG>']",narrative,narrative
"['AIG | 2023 Form 10-K\n<BLK>', '129', '<BLK>\n<BLK>']",footer,footer
"['Actual outcome different from model expected outcome188\xa07\xa0195\xa0164\xa0(3)161\xa0106\xa08\xa0114\n<BLK>', 'Effect of changes in future expected policyholder behavior(1)1\xa0—\xa0(2)(18)(20)53\xa0(36)17', '<BLK>\nEffect of changes in other future expected assumptions(85)(39)(124)(85)—\xa0(85)—\xa0—\xa0—']",table_row,table_row
"['International investment grade(c)\n<BLK>', '—\xa0125\xa0—\xa0125\xa0—\xa0138\xa0—\xa0138', '<BLK>\nU.S. and international high yield(d)']",table_row,table_row
"['(in millions)\n<BLK>', 'U.S. Plan Assets:', '<BLK>\nFixed maturity securities']",table_row,table_row
"['20171,137\xa02,625\xa03,281\xa03,638\xa03,897\xa03,999\xa04,055\xa04,129\xa0—\n<BLK>', '2018977\xa02,162\xa02,509\xa02,715\xa02,863\xa02,994\xa03,094\xa0—', '<BLK>\n20191,039\xa01,673\xa01,906\xa02,037\xa02,083\xa02,124\xa0—']",table_row,table_row
"['<LONG>\n<BLK>', 'Incurred Losses and Allocated Loss Adjustment Expenses, Undiscounted and Net of Reinsurance', '<BLK>\nYears Ended December 31, (in millions)']",narrative,narrative
"['The following table presents AIG’s continuing operations by segment:\n<BLK>', '(in millions)NetPremiumsWrittenNetPremiumsEarnedLosses', '<BLK>\nand Loss']",table_row,table_row
"['Corporate debt416\xa0(14)—\xa0—\xa0—\xa0(191)—\xa0211\xa0(15)—\n<BLK>', 'RMBS173\xa09\xa0—\xa0(24)—\xa0—\xa0—\xa0158\xa0(5)—', '<BLK>\nCMBS28\xa0(4)—\xa0(7)—\xa0—\xa0—\xa017\xa0—\xa0—']",table_row,table_row
"['Fixed maturity securities\n<BLK>', 'U.S. investment grade$10\xa0$1\xa0$—\xa0$(1)$—\xa0$—\xa0$—\xa0$—\xa0$10\xa0$1\xa0$—', '<BLK>\nMortgage and other asset backed securities5\xa0—\xa0—\xa0(4)—\xa0—\xa0—\xa0—\xa01\xa01\xa0—']",table_row,table_row
"['Fixed maturity securities\n<BLK>', 'U.S. investment grade$10\xa0$1\xa0$—\xa0$(1)$—\xa0$—\xa0$—\xa0$—\xa0$10\xa0$1\xa0$—', '<BLK>\nMortgage and other asset backed securities5\xa0—\xa0—\xa0(4)—\xa0—\xa0—\xa0—\xa01\xa01\xa0—']",table_row,table_row
"['<LONG>\n<BLK>', 'Our annual pension contribution in 2025 is expected to be approximately $53 million for our U.S. and non-U.S. pension plans. This estimate is subject to change, since contribution decisions are affected by various factors including our liquidity, market performance and management’s discretion.', '<BLK>\nThe expected future benefit payments, net of participants’ contributions, with respect to the defined benefit pension plans and other postretirement benefit plans, are as follows:']",narrative,narrative
"['Total derivative liabilities, net(a)\n<BLK>', '(583)28\xa0—\xa0102\xa0—\xa0—\xa0—\xa0(453)55\xa0—', '<BLK>\nFortitude Re funds withheld payable(41)273\xa0—\xa0(380)—\xa0—\xa0—\xa0(148)(151)—']",table_row,table_row
"['20161,339\xa01,343\xa01,321\xa01,391\xa01,340\xa01,323\xa01,293\xa01,297\xa04\xa0162\xa029,191\xa0—\xa0—\xa01,297\xa0162\n<BLK>', '2017602\xa0629\xa0738\xa0674\xa0668\xa0643\xa0654\xa011\xa021\xa021,266\xa0—\xa0—\xa0654\xa021', '<BLK>\n2018802\xa0845\xa0837\xa0870\xa0824\xa0810\xa0(14)148\xa016,967\xa0—\xa0—\xa0810\xa0148']",table_row,table_row
"['7,942\xa01,847\xa0—\xa0—\xa0—\xa09,789\n<BLK>', 'Other assets(c)', '<BLK>\n—\xa0—\xa0129\xa0—\xa0—\xa0129']",table_row,table_row
"['Total*$66,064\xa0$5,522\xa0$31,351\xa0$102,937\n<BLK>', 'Percentage of total65\xa0%5\xa0%30\xa0%100\xa0%', '<BLK>\n*Excludes policyholder contract deposits account balances that are not subject to guaranteed minimum crediting rates.']",table_row,table_row
"['The following table presents maturities of long-term debt (including unamortized original issue discount, hedge accounting valuation adjustments and fair value adjustments, when applicable):\n<BLK>', 'December 31, 2024Year Ending', '<BLK>\n(in millions)Total20252026202720282029Thereafter']",table_row,table_row
"['Derivatives(a)\n<BLK>', 'Excluded', '<BLK>\nComponents(b)']",table_row,table_row
"['Change in other—\xa0(12)—\xa0—\xa0—\xa0—\xa0—\xa0(12)\n<BLK>', 'Change in fair value of market risk benefits, net—\xa0—\xa01,635\xa0—\xa0—\xa0—\xa0—\xa01,635', '<BLK>\nChange in discount rates—\xa0—\xa0—\xa06,993\xa0—\xa0—\xa0—\xa06,993']",table_row,table_row
"['Balance, end of year$2,065\xa0$2,117\xa0$2,343\n<BLK>', '*Includes amounts related to the sale of Validus Re through the date of disposition.', '<BLK>\n10. Variable Interest Entities']",narrative,narrative
"['During 2022 and 2021, effective interest rates increased due to an increase in the forward yield curve component of the discount rates reflecting an increase in U.S. Treasury rates along with changes in payout pattern assumptions.\n<BLK>', 'Amortization of Deferred Gain on Retroactive Reinsurance', '<BLK>\nAmortization of the deferred gain on retroactive reinsurance includes $48\xa0million, $189\xa0million and $137\xa0million related to the adverse development reinsurance cover with NICO for the years ended December 31, 2023, 2022 and 2021, respectively.']",narrative,narrative
"['Net fair value of assets retained9,682\n<BLK>', 'Corebridge book value12,409', '<BLK>\nLess: Noncontrolling interests5,732']",table_row,table_row
"['Group RetirementUndiscounted expected future benefits and expense$313\xa0$321\xa0$328\n<BLK>', 'Undiscounted expected future gross premiums—\xa0—\xa0—', '<BLK>\nLife Insurance(b)']",table_row,table_row
"['0.00% - 2.29%\n<BLK>', 'Liabilities(d):', '<BLK>\nMarket risk benefit liabilities:']",table_row,table_row
"['9.19.3\n<BLK>', '(a)Other reconciling items primarily include Global Accident & Health (short-duration) contracts and certain long-duration contracts that are 100\xa0percent ceded of $691\xa0million and $785\xa0million at December 31, 2024 and 2023, respectively.', '<BLK>\n(b)The weighted average liability durations are calculated as the modified duration using projected future net liability cash flows that are aggregated at the segment level, utilizing the segment level weighted average interest rates and current discount rate, which can be found in the table below.']",narrative,narrative
"['201885\xa0215\xa0296\xa0359\xa0388\xa0409\xa0—\n<BLK>', '201993\xa0219\xa0301\xa0347\xa0389\xa0—', '<BLK>\n202064\xa0159\xa0205\xa0245\xa0—']",table_row,table_row
"['(in millions)December 31, 2024December 31, 2023\n<BLK>', ""U.S. workers' compensation$2,111\xa0$2,337"", '<BLK>\nRetroactive reinsurance(936)(1,104)']",table_row,table_row
"['Other(c)\n<BLK>', '115\xa0115\xa0118\xa0118\xa0Amortized cost', '<BLK>\nTotal$3,220\xa0$3,207\xa0$3,542\xa0$3,527']",table_row,table_row
"['AIG assets(17)(16)(9)(10)(10)(10)(1)(1)\n<BLK>', 'Plan assets(280)(171)(28)(31)—\xa0—\xa0—\xa0—', '<BLK>\nSettlements—\xa0(234)(9)(1)—\xa0—\xa0—\xa0—']",table_row,table_row
"['ITEM 8 | Notes to Consolidated Financial Statements | 6. Investments\n<BLK>', 'Contractual Maturities of Fixed Maturity Securities Available for Sale', '<BLK>\nThe following table presents the amortized cost and fair value of fixed maturity securities available for sale by contractual maturity:']",narrative,narrative
"['(in millions)\n<BLK>', 'FICO*:', '<BLK>\n780 and greater$514\xa0$589\xa0$2,283\xa0$622\xa0$240\xa0$608\xa0$4,856']",table_row,table_row
"['<LONG>\n<BLK>', 'U.S. PlansNon-U.S. Plans', '<BLK>\n(in millions)Level 1Level 2Level 3TotalLevel 1Level 2Level 3Total']",table_row,table_row
"['20211,4301,4081,3881,316\xa0(72)\n<BLK>', '20221,1301,1081,105\xa0(3)', '<BLK>\n20231,0431,041\xa0(2)']",table_row,table_row
"['CMBS25\xa0(11)13\xa0(32)108\xa0(78)1\xa026\xa0—\xa01\n<BLK>', 'CLO/ABS1,289\xa0(22)54\xa0(441)43\xa0(83)—\xa0840\xa0—\xa037', '<BLK>\nTotal bonds available for sale3,439\xa019\xa096\xa0(782)691\xa0(495)42\xa03,010\xa0—\xa0(16)']",table_row,table_row
"['Net gain (loss) on divestitures and other—\xa0—\xa0—\xa0—\xa0643\n<BLK>', 'Non-operating litigation reserves and settlements1\xa0—\xa0—\xa0—\xa0(1)', '<BLK>\nFavorable prior year development and related amortization changes ceded under retroactive reinsurance agreements—\xa0—\xa0—\xa0—\xa062']",table_row,table_row
"['AccidentYear20162017201820192020202120222023Prior YearDevelopment\n<BLK>', 'Unaudited', '<BLK>\n2014$902$905$915$844$912$949$869$861\xa0$(8)']",table_row,table_row
"['Net realized gains (losses)(c)\n<BLK>', '(61)(268)', '<BLK>\nNet gain (loss) on divestitures and other—\xa0(153)']",table_row,table_row
"['Net investment income - excluding Fortitude Re funds withheld assets$—\xa0$—\xa0$4\n<BLK>', 'Net investment income - Fortitude Re funds withheld assets1\xa0—\xa0(1)', '<BLK>\nNet realized gains (losses) - excluding Fortitude Re funds withheld assets']",table_row,table_row
"['<LONG>\n<BLK>', 'Unaudited', '<BLK>\n2014$938\xa0$1,069\xa0$1,275\xa0$1,260\xa0$1,339\xa0$1,283\xa0$1,248\xa0$1,269\xa0$1,259\xa0$1,245\xa0$(14)$277\xa02,985\xa0$(384)$(144)$861\xa0$133']",narrative,table_row
"['All secured financing transactions are collateralized and margined on a daily basis consistent with market standards and subject to enforceable master netting arrangements with rights of set off. We do not currently offset any such transactions.\n<BLK>', 'Insurance – Statutory and Other Deposits', '<BLK>\n<LONG>']",narrative,narrative
"['Note 15.Contingencies, Commitments and Guarantees\n<BLK>', '169', '<BLK>\nNote 16.Equity']",table_row,footer
"['U.S. Excess Casualty\n<BLK>', '<LONG>', '<BLK>\nRecent accident years reflect a strategy towards having higher attachment points on the portfolio through changing participations in various layers within an insured’s program.']",narrative,narrative
"['Equity contracts(271)99\xa0—\xa0(590)—\xa0—\xa0—\xa0(762)438\xa0—\n<BLK>', 'Other contracts(14)(64)—\xa067\xa0—\xa0—\xa0—\xa0(11)64\xa0—', '<BLK>\nTotal derivative liabilities, net(b)']",table_row,table_row
"['<LONG>\n<BLK>', '<LONG>', '<BLK>\nThe accounting for MRBs primarily impacted our Individual Retirement and Group Retirement operating segments. For additional disclosures about MRBs, see Note 14.']",narrative,narrative
"['Derivative assets, net(b)\n<BLK>', '45\xa045\xa090\xa090\xa0Fair value through net realized gains (losses)', '<BLK>\nOther(c)']",table_row,table_row
"['20171,282\xa01,221\xa01,151\xa01,263\xa01,323\xa01,311\xa01,351\xa01,398\xa047\xa0171\xa0149,728\n<BLK>', '20181,286\xa01,316\xa01,416\xa01,455\xa01,554\xa01,596\xa01,686\xa090\xa0229\xa0151,718', '<BLK>\n20191,189\xa01,204\xa01,276\xa01,291\xa01,282\xa01,307\xa025\xa0210\xa0142,854']",table_row,table_row
"['131\n<BLK>', 'Note 8.Reinsurance', '<BLK>\n134']",table_row,table_row
"['Effect of changes in discount rate assumptions (AOCI)(167)(2)(3,424)(2,634)(1,083)(7,310)\n<BLK>', 'Balance, end of year$1,223\xa0$211\xa0$21,179\xa0$12,464\xa0$20,429\xa0$55,506', '<BLK>\nNet liability for future policy benefits, end of year$1,223\xa0$211\xa0$9,525\xa0$12,464\xa0$19,438\xa0$42,861']",table_row,table_row
"['2021795793790818\xa028\n<BLK>', '2022793819827\xa08', '<BLK>\n2023933955\xa022']",table_row,table_row
"['254\n<BLK>', 'Schedules', '<BLK>\nSCHEDULE I']",narrative,table_row
"['Statutory capital and surplus(a)(b):\n<BLK>', 'General Insurance companies:', '<BLK>\nDomestic$17,001\xa0$18,703']",table_row,table_row
"['Actuarial losses(27)(28)(43)(b)\n<BLK>', 'Total(29)(30)(46)', '<BLK>\nTotal reclassifications for the period$(1,091)$(1,212)$882']",table_row,table_row
"['Transfers of Level 3 Assets\n<BLK>', '<LONG>', '<BLK>\nAIG | 2023 Form 10-K']",narrative,narrative
"['164\n<BLK>', 'AIG | 2024 Form 10-K', '<BLK>\n<BLK>']",footer,footer
"['Benefit obligation, beginning of year$3,475\xa0$4,795\xa0$826\xa0$1,157\xa0$131\xa0$174\xa0$32\xa0$47\n<BLK>', 'Service cost5\xa05\xa016\xa018\xa01\xa01\xa0—\xa0—', '<BLK>\nInterest cost168\xa0109\xa020\xa010\xa06\xa04\xa02\xa01']",table_row,table_row
"['Net Liability for unpaid loss and loss adjustment expenses, beginning of year43,065\xa043,813\xa043,289\n<BLK>', 'Losses and loss adjustment expenses incurred:', '<BLK>\nCurrent year15,100\xa016,434\xa016,434']",table_row,table_row
"['Total AIG U.S. consolidated federal income tax group tax losses and credits carryforwards on a U.S. GAAP basis(a)\n<BLK>', '$3,790\xa0$1,836\xa0$178\xa0$—\xa0$930\xa0$846', '<BLK>\n(a)Financial reporting basis reflects the impact of unrecognized tax benefits for tax years in which tax attributes can be realized through carryback upon settlement.']",table_row,table_row
"['(in millions)Total VIEAssetsOn-BalanceSheet(c)\n<BLK>', 'Off-BalanceSheetTotal', '<BLK>\nDecember 31, 2024']",table_row,table_row
"['Also included in Other invested assets are real estate held for investment. These investments are reported at cost, less depreciation and are subject to impairment review, as discussed below.\n<BLK>', 'NET INVESTMENT INCOME', '<BLK>\nNet investment income represents income primarily from the following sources:']",narrative,narrative
"['The following table summarizes the carrying amounts of other invested assets:\n<BLK>', '(in millions)December 31, 2023December 31, 2022', '<BLK>\nAlternative investments(a)(b)']",table_row,table_row
"['CLO/ABS12,748\xa0228\xa0408\xa02,070\xa0675\xa0(251)160\xa016,038\xa0—\xa0243\n<BLK>', 'Total bonds available for sale24,899\xa0530\xa0463\xa01,132\xa01,760\xa0(2,084)144\xa026,844\xa0—\xa098', '<BLK>\nOther bond securities:']",table_row,table_row
"['CLO/ABS—\xa03,629\xa01,289\xa0—\xa0—\xa04,918\n<BLK>', 'Total bonds available for sale', '<BLK>\n248\xa061,555\xa03,439\xa0—\xa0—\xa065,242']",table_row,table_row
"['2018—\xa0—\xa0—\xa0—\xa0—\xa0—\xa0—\xa0—\xa0—\xa0—\n<BLK>', '2019—\xa0—\xa0—\xa0—\xa0—\xa0—\xa0—\xa0—\xa0—\xa0—', '<BLK>\n2020—\xa0—\xa0—\xa0—\xa0—\xa0—\xa0—\xa0—\xa0—\xa0—']",table_row,table_row
"['Net realized gains (losses) on Fortitude Re funds withheld embedded derivative—\xa0(273)\n<BLK>', 'Net realized gains (losses)(c)', '<BLK>\n(12)(743)']",table_row,table_row
"['<LONG>\n<BLK>', 'AIG | 2023 Form 10-K', '<BLK>\n245']",footer,footer
"['2019—\xa0—\xa0—\xa0—\xa0—\xa0—\xa0—\xa0—\xa0—\n<BLK>', '2020—\xa0—\xa0—\xa0—\xa0—\xa0—\xa0—\xa0—\xa0—', '<BLK>\n2021—\xa0—\xa0—\xa0—\xa0—\xa0—\xa0—\xa0—\xa0—']",table_row,table_row
"['20171,130\xa01,682\xa01,830\xa01,896\xa01,930\xa01,949\xa01,949\xa01,960\n<BLK>', '20181,426\xa01,913\xa02,062\xa02,139\xa02,180\xa02,226\xa02,250', '<BLK>\n20191,120\xa01,576\xa01,690\xa01,746\xa01,777\xa01,798']",table_row,table_row
"['Incurred Losses and Loss Adjustment Expenses, Undiscounted, Net of Reinsurance (including impact of ADC)\n<BLK>', 'Calendar Years Ended December 31, (in millions)', '<BLK>\nAccidentYear20162017201820192020202120222023Prior YearDevelopment']",table_row,table_row
"['Note 21.Income Taxes\n<BLK>', '186', '<BLK>\nNote 22.Quarterly Financial Information (Unaudited)']",table_row,footer
"['(in millions)NorthAmericaInternationalLifeInsuranceOtherOperationsTotal\n<BLK>', 'Balance at January 1, 2022:', '<BLK>\nGoodwill - gross$3,791\xa0$3,443\xa0$239\xa0$60\xa0$7,533']",table_row,table_row
"['CMBS207\xa0(31)4\xa0(6)44\xa0(193)—\xa025\xa0—\xa0(11)\n<BLK>', 'CLO/ABS1,483\xa0(39)66\xa0(179)17\xa0(75)16\xa01,289\xa0—\xa03', '<BLK>\nTotal bonds available for sale4,475\xa035\xa073\xa0(885)308\xa0(583)16\xa03,439\xa0—\xa0(29)']",table_row,table_row
"['Forfeited or expired(909,792)50.13\n<BLK>', 'Outstanding, end of year12,295,661\xa0$50.69\xa06.81$210', '<BLK>\nExercisable, end of year9,810,882\xa0$47.95\xa06.24$194']",table_row,table_row
"['Total$38\xa0$2,685\xa0$—\xa0$—\xa0$—\xa0$2,723\n<BLK>', 'Remaining Contractual Maturity of the Agreements', '<BLK>\n(in millions)OvernightandContinuousup to30 days31 - 90days91 - 364days365 daysor greaterTotal']",table_row,table_row
"['Write-offs charged against the allowance(30)(168)(198)—\xa0(30)(30)—\xa0(29)(29)\n<BLK>', 'Other3\xa0(9)(6)(1)(2)(3)—\xa0—\xa0—', '<BLK>\nBalance, end of year$69\xa0$93\xa0$162\xa0$46\xa0$140\xa0$186\xa0$8\xa0$90\xa0$98']",table_row,table_row
"['Remaining Contractual Maturity of the Agreements\n<BLK>', '(in millions)OvernightandContinuousup to30 days31 - 90days91 - 364days365 daysor greaterTotal', '<BLK>\nDecember 31, 2023']",table_row,table_row
"['Unaudited\n<BLK>', '2014$795\xa0$1,545\xa0$1,869\xa0$2,073\xa0$2,207\xa0$2,293\xa0$2,329\xa0$2,352\xa0$2,362\xa0$2,418\xa0$(20)', '<BLK>\n2015844\xa01,572\xa01,878\xa02,121\xa02,240\xa02,308\xa02,344\xa02,391\xa02,457\xa0(67)']",table_row,table_row
"['CONSOLIDATED STATEMENTS OF INCOME (LOSS)\n<BLK>', 'Three Months Ended', '<BLK>\nMarch 31,June 30,September 30,December 31,']",table_row,table_row
"['•goodwill impairment;\n<BLK>', '•allowance for credit losses on certain investments, primarily on loans and available for sale fixed maturity securities;', '<BLK>\n•fair value measurements of certain financial assets and financial liabilities; and']",narrative,narrative
"['Foreign exchange contracts\n<BLK>', '—\xa0891\xa03\xa0—\xa0—\xa0894', '<BLK>\nEquity contracts']",table_row,table_row
"['Dividends paid on preferred stock(29)(29)(29)\n<BLK>', 'Dividends paid on common stock(997)(982)(1,083)', '<BLK>\nOther, net1,664\xa0545\xa01,222']",table_row,table_row
"['Total derivative liabilities\n<BLK>', '2\xa05,995\xa046\xa0(3,895)(1,917)231', '<BLK>\nFortitude Re funds withheld payable']",table_row,table_row
"[""U.S. Workers' Compensation\n<BLK>"", 'U.S. Workers’ Compensation is an extremely long-tail line of business, with loss emergence extending for decades. We generally use a combination of loss development, frequency/severity and expected loss ratio methods for workers’ compensation.', '<BLK>\n<LONG>']",narrative,narrative
"['Change in retirement plan liabilities adjustment\n<BLK>', 'Prior-service credit(2)(2)(3)(b)', '<BLK>\nActuarial losses(27)(28)(43)(b)']",table_row,table_row
"['Off-BalanceSheetTotal\n<BLK>', 'December 31, 2024', '<BLK>\nReal estate and investment entities(a)']",table_row,table_row
"['20211,4301,4081,388\xa0(20)\n<BLK>', '20221,1301,108\xa0(22)', '<BLK>\n20231043']",table_row,table_row
"['(e)Excludes investments that are measured at fair value using the NAV per share (or its equivalent), which totaled $608\xa0million and $517\xa0million at December 31, 2024 and 2023, respectively.\n<BLK>', '(f)Comprised of mutual fund investing in variety of equity, derivatives, and bonds.', '<BLK>\nThe inputs or methodologies used for valuing securities are not necessarily an indication of the risk associated with investing in these securities. Based on our investment strategy, we had no significant concentrations of risks at December 31, 2024.']",narrative,narrative
"['Net investment income on Fortitude Re funds withheld assets144\xa0144\n<BLK>', 'Net realized losses on Fortitude Re funds withheld assets—\xa0(39)', '<BLK>\nNet realized gains (losses) on Fortitude Re funds withheld embedded derivative—\xa0(75)']",table_row,table_row
"['February 13, 2025\n<BLK>', 'We have served as the Company’s auditor since 1980.', '<BLK>\nAIG | 2024 Form 10-K']",narrative,footer
"['The life insurance companies issued the following funding agreements to the FHLB of Dallas and FHLB of New York; these obligations are reported in Policyholder contract deposits in the Consolidated Balance Sheets:\n<BLK>', 'The following table presents details concerning our funding agreements as of December 31, 2023:', '<BLK>\nDecember 31, 2023Payments due by period']",narrative,narrative
"['Note 13.  Insurance Liabilities\n<BLK>', '•Liability for unpaid losses and loss adjustment expenses', '<BLK>\n•Discounting of reserves']",narrative,narrative
"['U.S. PlansNon-U.S. Plans\n<BLK>', '(in millions)20242023202420232024202320242023', '<BLK>\nChange in projected benefit obligation:']",table_row,table_row
"['Non-U.S. Pension Plans\n<BLK>', 'The assets of the non-U.S. pension plans are held in various trusts in multiple countries and are invested primarily in equities and fixed maturity securities to maximize the long-term return on assets for a given level of risk.', '<BLK>\nThe following table presents the asset allocation percentage by major asset class for non-U.S. pension plans and the target allocation:']",narrative,narrative
"['ITEM 8 | Notes to Consolidated Financial Statements | 22. Employee Benefits\n<BLK>', 'The following table presents the funded status of the plans reconciled to the amount reported in the Consolidated Balance Sheets.', '<BLK>\nAs of or for the Years EndedPensionPostretirement']",narrative,narrative
"['<LONG>\n<BLK>', 'There are limitations that should be considered on the reported claim count data in the tables below, including:', '<BLK>\n–Claim counts are presented only on a reported (not an ultimate) basis;']",narrative,narrative
"['The following table presents income (loss) from continuing operations before income tax expense (benefit) by U.S. and foreign location in which such pre-tax income (loss) was earned or incurred:\n<BLK>', 'Years Ended December 31,', '<BLK>\n(in millions)202320222021']",table_row,table_row
"['The following table presents details concerning our funding agreements as of December 31, 2023:\n<BLK>', 'December 31, 2023Payments due by period', '<BLK>\n(in millions)Gross Amounts20242025-20262027-2028ThereafterStated Interest rates']",table_row,table_row
"['(b)Represents the weighted average interest crediting rate of non-U.S. cash balance plans primarily in Japan and Switzerland.\n<BLK>', '(c)Compensation increases are no longer applicable as the plan is frozen effective January 1, 2016.', '<BLK>\nAIG | 2023 Form 10-K']",narrative,narrative
"['UnderwritingIncome(Loss)NetInvestmentIncomeReconciliationto Income(Loss) fromContinuingOperationsBeforeIncome TaxExpense\n<BLK>', '2024', '<BLK>\nNorth America Commercial$8,452\xa0$8,172\xa0$5,713\xa0$824\xa0$222\xa0$865\xa0$548']",table_row,table_row
"['Foreign exchange contracts\n<BLK>', '—\xa01,844\xa0—\xa0—\xa0—\xa01,844', '<BLK>\nEquity contracts']",table_row,table_row
"['Other income (expense) - net8\xa0—\n<BLK>', 'Gain (loss) on extinguishment of debt—\xa037', '<BLK>\nNet investment income on Fortitude Re funds withheld assets180\xa0180']",table_row,table_row
"['3,416,635,492\n<BLK>', '<LONG>', '<BLK>\nSHORT-DURATION REINSURANCE']",narrative,narrative
"['<LONG>\n<BLK>', 'Transfers of Level 3 Liabilities', '<BLK>\nThere were no significant transfers of derivative or other liabilities into or out of Level 3 for the year ended December 31, 2023. During the year ended December 31, 2022, transfers of derivatives into Level 3 were primarily due to increased long-dated European swaption activity with SOFR tenors.']",narrative,narrative
"['20197\xa043\xa079\xa0157\xa0216\xa0253\xa0—\n<BLK>', '20204\xa015\xa033\xa0128\xa0188\xa0—', '<BLK>\n20214\xa043\xa062\xa0161\xa0—']",table_row,table_row
"['Non-operating litigation reserves and settlements—\xa0(1)\n<BLK>', '(Unfavorable) favorable prior year development and related amortization changes ceded under retroactive reinsurance agreements—\xa062', '<BLK>\nNet loss reserve discount benefit (charge)—\xa0(195)']",table_row,table_row
"['NPA(g)\n<BLK>', '0.00% - 2.03%', '<BLK>\n<LONG>']",table_row,table_row
"['ITEM 8 | Notes to Consolidated Financial Statements | 21. Income Taxes\n<BLK>', 'TAX EXAMINATIONS', '<BLK>\nWe are currently under examination by the IRS for the tax years 2011 through 2019. We continue to engage in the IRS Appeals process for certain disagreed issues related to tax years 2007-2010. These tax years are still subject to ongoing computational review by IRS Appeals.']",narrative,narrative
"['$163\xa0$1\xa0$164\xa0$138\xa0$2\xa0$140\xa0$109\xa0$8\xa0$117\n<BLK>', '(a)Does not include allowance for credit losses of $8 million, $9 million and $9\xa0million, respectively, at December 31, 2024, 2023 and 2022 in relation to off-balance-sheet commitments to fund commercial mortgage loans, which is recorded in Other liabilities.', '<BLK>\n(b)Excludes $37.6\xa0billion of loan receivable from AIGFP, which has a full allowance for credit losses, recognized upon the deconsolidation of AIGFP. For additional information, see Note 1.']",narrative,narrative
"['<BLK>\n<BLK>', 'ITEM 8 | Notes to Consolidated Financial Statements | 13. Insurance Liabilities', '<BLK>\nThe following table provides our attribution of our reinsurance recoverable for the ADC only (included in the table above):']",footer,footer
"['(a)Financial reporting basis reflects the impact of unrecognized tax benefits for tax years in which tax attributes can be realized through carryback upon settlement.\n<BLK>', '(b)Carryforward periods are based on U.S. tax laws governing utilization of tax attributes. Expiration periods are based on the year the carryforward was generated.', '<BLK>\nASSESSMENT OF DEFERRED TAX ASSET VALUATION ALLOWANCE']",narrative,narrative
"['Corporate debt160,242\xa0(132)1,152\xa0(23,423)137,839\n<BLK>', 'Mortgage-backed, asset-backed and collateralized:', '<BLK>\nRMBS19,584\xa0(37)807\xa0(1,537)18,817']",table_row,table_row
"['OTHER COMMITMENTS\n<BLK>', 'In the normal course of business, we enter into commitments to invest in limited partnerships, private equity funds and hedge funds and to purchase and develop real estate in the U.S. and abroad. These commitments totaled $6.1\xa0billion and $6.6\xa0billion at December 31, 2023 and 2022, respectively.', '<BLK>\n236']",narrative,narrative
"['U.S. Pension Plan\n<BLK>', '<LONG>', '<BLK>\nThe following table presents the asset allocation percentage by major asset class for the U.S. qualified plan and the target allocation for 2025 based on the plan’s funded status at December 31, 2024:']",narrative,narrative
"['Fixed maturity securities and other invested assets transferred in connection with reinsurance transactions$(838)$(224)$(837)\n<BLK>', 'Non-cash consideration received from sale of Validus Re$290\xa0$—\xa0$—', '<BLK>\nNon-cash financing activities:']",table_row,table_row
"['<LONG>\n<BLK>', 'AIG | 2023 Form 10-K', '<BLK>\n127']",footer,footer
"['107\n<BLK>', 'Note 5.Fair Value Measurements', '<BLK>\n110']",table_row,table_row
"['(b)This primarily includes tax implications of the sales of Validus Re for year 2023.\n<BLK>', '(c)Effect of foreign operations is primarily related to income and losses in our foreign operations taxed at statutory tax rates different than 21 percent, and foreign income subject to U.S. taxation.', '<BLK>\n(d)Primarily includes tax charges associated with tax adjustments related to prior year returns.']",narrative,narrative
"['<LONG>\n<BLK>', 'Repurchase of AIG Common Stock', '<BLK>\n<LONG>']",narrative,narrative
"['Gains\n<BLK>', 'Gross', '<BLK>\nUnrealized']",table_row,table_row
"['Unallocated loss adjustment expense prior year development—\n<BLK>', 'Liabilities for losses and loss adjustment expenses and prior year loss development, net of reinsurance$—\xa0$(2)', '<BLK>\nCumulative Paid Losses and Allocated Loss Adjustment Expenses, Net of Reinsurance']",table_row,table_row
"['Granted1,352,039\xa059.72\n<BLK>', 'Exercised(1,039,998)41.29', '<BLK>\nForfeited or expired(909,792)50.13']",table_row,table_row
"['—\xa0—\xa0—\xa0—\xa0—\xa035\xa0—\xa035\n<BLK>', 'Total$244\xa0$2,501\xa0$20\xa0$2,765\xa0$194\xa0$403\xa0$134\xa0$731', '<BLK>\n(a)Includes passive and active U.S. equity strategies.']",table_row,table_row
"['Expenses(a)\n<BLK>', 'General', '<BLK>\nOperating']",table_row,table_row
"['2022793\xa0819\xa026\xa0617\xa012,457\xa0—\xa0—\xa0819\xa0617\n<BLK>', '2023933\xa0848\xa010,401\xa0—\xa0—\xa0933\xa0848', '<BLK>\nTotal$10,583\xa0$(55)$(496)$10,087']",table_row,table_row
"['Unaudited\n<BLK>', '2014$311\xa0$912\xa0$1,187\xa0$1,255\xa0$1,293\xa0$1,320\xa0$1,329\xa0$1,342\xa0$1,350\xa0$1,354', '<BLK>\n2015346\xa0920\xa01,193\xa01,295\xa01,331\xa01,354\xa01,362\xa01,363\xa01,362']",table_row,table_row
"['2016857\xa01,344\xa01,422\xa01,460\xa01,501\xa01,512\xa01,518\xa01,521\xa0—\n<BLK>', '2017941\xa01,672\xa01,896\xa01,789\xa01,826\xa01,852\xa01,861\xa0—', '<BLK>\n20181,227\xa01,939\xa01,973\xa01,789\xa01,832\xa01,849\xa0—']",table_row,table_row
"['2021795\xa0793\xa0790\xa0(3)519\xa010,572\xa0—\xa0—\xa0790\xa0519\n<BLK>', '2022793\xa0819\xa026\xa0617\xa012,457\xa0—\xa0—\xa0819\xa0617', '<BLK>\n2023933\xa0848\xa010,401\xa0—\xa0—\xa0933\xa0848']",table_row,table_row
"['of ADC\n<BLK>', 'Accident Year2014201520162017201820192020202120222023', '<BLK>\nUnaudited']",table_row,table_row
"['Medical (age 65 and older)20482046\n<BLK>', 'The following table presents the weighted average assumptions used to determine the net periodic benefit costs:', '<BLK>\nPensionPostretirement']",narrative,narrative
"['Losses\n<BLK>', 'Fair', '<BLK>\nValue']",table_row,table_row
"['Years Ended December 31,Gain (Loss)\n<BLK>', '(in millions)202320222021', '<BLK>\nAssets:']",table_row,table_row
"['Capitalization3,648\xa0562\xa062\xa0429\xa021\xa04,722\n<BLK>', 'Amortization expense(3,536)(519)(80)(415)(7)(4,557)', '<BLK>\nOther, including foreign exchange(230)1\xa0—\xa0(79)(1)(309)']",table_row,table_row
"['Change in prior service cost—\xa0—\xa0—\xa0—\xa0—\xa02\xa0—\xa02\n<BLK>', 'Change in deferred tax asset (liability)(20)(70)(28)(165)(45)(18)—\xa0(346)', '<BLK>\nCorebridge deconsolidation, net of tax42\xa08,513\xa0330\xa0(1,583)(88)—\xa0—\xa07,214']",table_row,table_row
"['•Favorable development on U.S Other Casualty of $149\xa0million, net of external reinsurance but before ADC cessions, largely driven by favorable experience in Commercial Auto, General Liability and Construction Wraps;\n<BLK>', '•Unfavorable development in U.S. Financial Lines of $939\xa0million, net of external reinsurance but before ADC cessions, due to higher severity trends particularly in Excess & Primary D&O and Excess & Financial Institutions E&O. This was partially offset by favorable development in EPLI;', '<BLK>\n•Favorable development  in U.S. Property and Special Risks of $81\xa0million driven by more favorable crop experience than anticipated;']",narrative,narrative
"['Treasury stock, at cost; 2024 - 1,300,512,040 shares; 2023 - 1,217,831,721 shares of common stock\n<BLK>', '(65,573)(59,189)', '<BLK>\nAdditional paid-in capital75,348\xa075,810']",table_row,table_row
"['191\n<BLK>', 'Note 12.Goodwill and Other Intangible Assets', '<BLK>\n194']",table_row,table_row
"['Amounts recognized reflect the amortization of the initial deferred gain at inception, as amended for subsequent changes in the deferred gain due to changes in subject reserves.\n<BLK>', 'FUTURE POLICY BENEFITS', '<BLK>\n<LONG>']",narrative,narrative
"['Equity contracts\n<BLK>', '7\xa01,187\xa0825\xa0—\xa0—\xa02,019', '<BLK>\nCredit contracts']",table_row,table_row
"['ITEM 8 | Notes to Consolidated Financial Statements | 6. Investments\n<BLK>', 'The following table summarizes the unrealized gains and losses recognized in Net investment income during the reporting period on equity securities and other investments still held at the reporting date:', '<BLK>\nYears Ended December 31,20242023']",narrative,narrative
"['The following table presents statutory net income (loss) and capital and surplus for our General Insurance companies in accordance with statutory accounting practices:\n<BLK>', '(in millions)202420232022', '<BLK>\nYears Ended December 31,']",table_row,table_row
"['Corporate debt33,031\xa0(28)581\xa0(1,758)31,826\n<BLK>', 'Mortgage-backed, asset-backed and collateralized:', '<BLK>\nRMBS8,820\xa0(6)209\xa0(419)8,604']",table_row,table_row
"['Proceeds from (payments for)\n<BLK>', 'Sales or distributions of:', '<BLK>\nAvailable for sale securities14,063\xa015,242\xa011,106']",table_row,table_row
"['(in millions)202420232022\n<BLK>', 'Revenues:', '<BLK>\nPremiums$2,723\xa0$7,690\xa0$5,091']",table_row,table_row
"['<BLK>\n<BLK>', 'ITEM 8 | Notes to Consolidated Financial Statements | 13. Insurance Liabilities', '<BLK>\nThe following table provides our attribution of our reinsurance recoverable for the ADC only (included in the table above):']",footer,footer
"['(in millions)IndividualRetirementGroupRetirementLifeInsuranceInstitutionalMarketsTotalIndividualRetirementGroupRetirementLifeInsuranceInstitutionalMarketsTotal\n<BLK>', 'Equity Funds$25,451\xa0$28,675\xa0$819\xa0$593\xa0$55,538\xa0$22,990\xa0$24,608\xa0$687\xa0$581\xa0$48,866', '<BLK>\nBond Funds4,037\xa03,292\xa044\xa01,303\xa08,676\xa03,802\xa04,081\xa046\xa01,321\xa09,250']",table_row,table_row
"['Net income (loss)\n<BLK>', '24\xa0(130)859', '<BLK>\nChange in unrealized appreciation (depreciation) on available for sale securities(a)']",table_row,table_row
"['104\n<BLK>', 'AIG | 2024 Form 10-K', '<BLK>\n<BLK>']",footer,footer
"['Short-term investments191\xa0281\xa0472\n<BLK>', 'Cash71\xa0—\xa071', '<BLK>\nAccrued investment income—\xa09\xa09']",table_row,table_row
"['51,553\xa049,605\n<BLK>', 'Other invested assets (portion measured at fair value: 2023 - $11,733; 2022 - $12,042)*', '<BLK>\n16,217\xa015,953']",table_row,table_row
"['At December 31, 2023Range ofInterest Rate(s)MaturityDate(s)Balance atDecember 31, 2023Balance atDecember 31, 2022\n<BLK>', '(in millions)', '<BLK>\nDebt issued or guaranteed by AIG:']",table_row,table_row
"['Total(d)\n<BLK>', '$3,473\xa0$69,731\xa0$4,640\xa0$(450)$(711)$76,683', '<BLK>\nLiabilities:']",table_row,table_row
"['ITEM 8 | Notes to Consolidated Financial Statements | 11. Derivatives and Hedge Accounting\n<BLK>', 'CREDIT RISK-RELATED CONTINGENT FEATURES', '<BLK>\n<LONG>']",narrative,narrative
"['IndividualRetirementGroupRetirementLifeInsuranceInstitutionalMarketsOther(c)\n<BLK>', 'Total', '<BLK>\n(in millions)']",table_row,table_row
"['Individual RetirementRange of Guaranteed Minimum Credited Rate\n<BLK>', '<=1%$6,498\xa0$2,078\xa0$26,873\xa0$35,449', '<BLK>\n> 1% - 2%3,749\xa022\xa01,771\xa05,542']",table_row,table_row
"['As of December 31, 2023 and December 31, 2022, approximately 83 percent and 77 percent, respectively, of our non-investment grade reinsurance exposure related to captive insurers. These arrangements are typically collateralized by letters of credit, funds withheld or trust agreements.\n<BLK>', 'AIG | 2023 Form 10-K', '<BLK>\n185']",footer,footer
"['—\xa0—\xa0—\xa0(270)(304)(574)\n<BLK>', 'Total derivative assets', '<BLK>\n—\xa0573\xa051\xa0(270)(304)50']",table_row,table_row
"['Net U.S. deferred tax assets$11,317\xa0$10,831\n<BLK>', 'Net deferred tax assets (liabilities) in AOCI4,286\xa05,881', '<BLK>\nValuation allowance(2,006)(3,128)']",table_row,table_row
"['20.00% - 186.16%\n<BLK>', 'Mortality multiplier(e)(f)', '<BLK>\n40.26% - 168.43%']",table_row,table_row
"['<LONG>\n<BLK>', '<LONG>', '<BLK>\nReinsurance recoverables are recognized in a manner consistent with the liabilities relating to the underlying reinsured contracts.']",narrative,narrative
"['AIG contributions17\xa016\xa042\xa047\xa010\xa010\xa01\xa01\n<BLK>', 'Benefits paid:', '<BLK>\nAIG assets(17)(16)(9)(10)(10)(10)(1)(1)']",table_row,table_row
"['Note 5.Fair Value Measurements\n<BLK>', '110', '<BLK>\nNote 6.Investments']",table_row,table_row
"['The following table presents the fair value of fixed maturity securities measured at fair value based on our election of the fair value option, which are reported in the other bond securities caption in the financial statements, and equity securities measured at fair value:\n<BLK>', '(in millions)December 31, 2023December 31, 2022', '<BLK>\nFairValuePercentof TotalFairValuePercentof Total']",table_row,table_row
"['PLEDGED INVESTMENTS\n<BLK>', 'Secured Financing and Similar Arrangements', '<BLK>\n<LONG>']",narrative,narrative
"['AIG | 2024 Form 10-K\n<BLK>', '171', '<BLK>\n<BLK>']",footer,footer
"['Years Ended December 31, (in millions)\n<BLK>', 'December 31, 2023', '<BLK>\n<LONG>']",table_row,table_row
"['ITEM 8 | Notes to Consolidated Financial Statements | 5. Fair Value Measurements\n<BLK>', '(in millions)Fair Value atDecember 31, 2023Valuation\xa0TechniqueUnobservable Input(b)', '<BLK>\nRange']",table_row,table_row
"['2021—\xa0—\xa0—\xa0—\xa0—\xa0—\xa0—\xa0—\xa0—\xa0—\n<BLK>', '2022—\xa0—\xa0—\xa0—\xa0—\xa0—\xa0—\xa0—\xa0—\xa0—', '<BLK>\n2023—\xa0—\xa0—\xa0—\xa0—\xa0—\xa0—\xa0—\xa0—\xa0—']",table_row,table_row
"['Total(c)\n<BLK>', '$11,066\xa0$(8,154)$—\xa0$(156)$(81)$5\xa0$(32)$2,648\xa0$8,950\xa0$—', '<BLK>\n(a)Excludes MRB assets of $912\xa0million at December 31, 2023 and $796\xa0million at December 31, 2022. For additional information, see Note 14.']",table_row,table_row
"['Diluted:\n<BLK>', 'Income (loss) from continuing operations$4.07\xa0$3.74\xa0$3.63', '<BLK>\nIncome (loss) from discontinued operations$(6.24)$1.24\xa0$9.31']",table_row,table_row
"['<LONG>\n<BLK>', '<LONG>', '<BLK>\n<LONG>']",narrative,narrative
"['(a)Represents netting of derivative exposures covered by qualifying master netting agreements.\n<BLK>', '114', '<BLK>\nAIG | 2024 Form 10-K']",footer,footer
"['Fortitude Re funds withheld payable—\xa0—\xa03,675\xa03,675\xa03,675\n<BLK>', 'Long-term debt—\xa09,623\xa0267\xa09,890\xa010,375', '<BLK>\nDebt of consolidated investment entities—\xa0—\xa0231\xa0231\xa0231']",table_row,table_row
"['20181,6401,7661,8822,0632,2252,322\xa097\n<BLK>', '20191,5031,5361,6271,9261,912\xa0(14)', '<BLK>\n20201,2131,2521,4081,457\xa049']",table_row,table_row
"['Years Ended December 31,\n<BLK>', '(dollars in millions, except per common share data)202320222021', '<BLK>\nNumerator for EPS:']",table_row,table_row
"['Non-cash investing activities:\n<BLK>', 'Fixed maturity securities available for sale received in connection with pension risk transfer transactions$4,317\xa0$1,121\xa0$2,284', '<BLK>\nFixed maturity securities and other invested assets received in connection with reinsurance transactions$110\xa0$110\xa0$161']",table_row,table_row
"['<LONG>\n<BLK>', 'Valuation of Insurance Liabilities - Unpaid Losses and Loss Adjustment Expenses (Loss Reserves), Net of Reinsurance', '<BLK>\n<LONG>']",narrative,narrative
"['International Commercial8,145\xa07,964\xa07,701\n<BLK>', 'Global Personal7,140\xa06,894\xa07,195', '<BLK>\nNet investment income4,255\xa03,446\xa02,370']",table_row,table_row
"['IndividualRetirementGroupRetirementLifeInsuranceInstitutionalMarketsOther(b)\n<BLK>', 'Total', '<BLK>\n(in millions)']",narrative,table_row
"['2020524576538540519\xa0(21)\n<BLK>', '2021795793790818\xa028', '<BLK>\n2022793819827\xa08']",table_row,table_row
"['•Interest income and related expenses, including amortization of premiums and accretion of discounts with changes in the timing and the amount of expected principal and interest cash flows reflected in yield, as applicable.\n<BLK>', '•Dividend income from common and preferred stocks.', '<BLK>\n•Realized and unrealized gains and losses from investments in other securities and investments for which we elected the fair value option.']",narrative,narrative
"['Income tax expense (benefit)226\xa0(146)2,144\n<BLK>', 'Income (loss) from discontinued operations, net of income taxes before loss on disposal of discontinued operations1,128\xa01,137\xa08,383', '<BLK>\nLoss on disposition of operations, net of tax(4,754)—\xa0—']",table_row,table_row
"['Cash flows from operating activities:\n<BLK>', 'Net income$11,275\xa0$(2)$11,273\xa0$9,923\xa0$983\xa0$10,906', '<BLK>\nAdjustments to reconcile net income (loss) to net cash provided by operating activities:']",table_row,table_row
"['Allowance\n<BLK>', 'for Credit', '<BLK>\nLosses(a)']",table_row,table_row
"['Other bond securities:\n<BLK>', 'RMBS3\xa0(1)(5)(3)', '<BLK>\nCLO/ABS13\xa0—\xa0(9)4']",table_row,table_row
"['Non-U.S. Plans(a)\n<BLK>', 'U.S. PlansNon-U.S. Plans', '<BLK>\n(in millions)20242023202420232024202320242023']",table_row,table_row
"['Loans charged off(109)—\xa0(109)(17)—\xa0(17)(2)—\xa0(2)\n<BLK>', 'Net charge-offs(109)—\xa0(109)(17)—\xa0(17)(2)—\xa0(2)', '<BLK>\nAddition to (release of) allowance for loan losses221\xa010\xa0231\xa0112\xa0(8)104\xa0(138)(26)(164)']",table_row,table_row
"['Laya Healthcare Limited\n<BLK>', 'On October 31, 2023, Corebridge completed the sale of Laya Healthcare Limited (Laya) to AXA and received gross proceeds of €691\xa0million ($731\xa0million), resulting in a pre-tax gain of $652\xa0million.', '<BLK>\nValidus Re']",narrative,table_row
"['Other policyholder funds2,862\n<BLK>', 'Fortitude Re funds withheld payable25,957', '<BLK>\nOther liabilities8,790']",table_row,table_row
"['Cumulative Paid Losses and Allocated Loss Adjustment Expenses, Net of Reinsurance from the table below118\n<BLK>', 'Liabilities for losses and allocated loss adjustment expenses and prior year development before 2014, net of reinsurance(3,632)17', '<BLK>\nUnallocated loss adjustment expense prior year development32']",table_row,table_row
"['Total Life and Retirement17,593\xa08,347\xa023\xa01,021\xa03,317\n<BLK>', 'Other Operations', '<BLK>\nOther Operations before consolidation and eliminations827\xa0714\xa01,131\xa05\xa0(1,542)']",table_row,table_row
"['Cash surrender value(c)\n<BLK>', '$88,685\xa0$40,210\xa0$9,026\xa0$2,583\xa0$1,712\xa0$142,216', '<BLK>\nYear Ended December 31, 2022IndividualRetirementGroupRetirementLifeInsuranceInstitutionalMarketsOther(d)']",table_row,table_row
"['CashCollateralTotal\n<BLK>', '(in millions)', '<BLK>\nAssets:']",table_row,table_row
"['Cumulative Paid Losses and Allocated Loss Adjustment Expenses, Net of Reinsurance*\n<BLK>', 'Years Ended December 31, (in millions)', '<BLK>\nAccident Year2014201520162017201820192020202120222023']",table_row,table_row
"['Restructuring and other costs(e)\n<BLK>', '—\xa0(745)', '<BLK>\nNon-recurring costs related to regulatory or accounting changes—\xa0(18)']",table_row,table_row
"['ITEM 8 | Notes to Consolidated Financial Statements | 18. Statutory Financial Data and Restrictions\n<BLK>', 'The amount of dividends available to be paid in 2025 from our insurance subsidiaries without prior regulatory approval was $2.5\xa0billion at December 31, 2024.', '<BLK>\nTo our knowledge, no AIG insurance company is currently on any regulatory or similar “watch list” with regard to solvency.']",narrative,narrative
"['Junior subordinated debt602\xa0—\xa0—\xa0—\xa0—\xa0—\xa0602\n<BLK>', 'AIG Japan Holdings Kabushiki Kaisha239\xa0239\xa0—\xa0—\xa0—\xa0—\xa0—', '<BLK>\nTotal general borrowings8,726\xa0385\xa0265\xa0848\xa0830\xa0257\xa06,141']",table_row,table_row
"['25.49.226.39.527.19.8\n<BLK>', '(a)The weighted average duration of liabilities is calculated as the modified duration using projected future net liability cash flows that are aggregated at the segment level, utilizing the segment level weighted average interest rates, which can be found in the table below.', '<BLK>\n(b)Represents Life and Retirement legacy insurance lines ceded to Fortitude Re.']",narrative,narrative
"['(in millions)202420232022Statements of Income (Loss)\n<BLK>', 'Unrealized appreciation (depreciation) of fixed maturity securities on which allowance for credit losses was taken', '<BLK>\nInvestments$—\xa0$(26)$7\xa0Net realized gains (losses)']",table_row,table_row
"['Net gain (loss) on divestitures and other—\xa0616\n<BLK>', '(Unfavorable) favorable prior year development and related amortization changes ceded under retroactive reinsurance agreements—\xa0(105)', '<BLK>\nNet loss reserve discount benefit (charge)—\xa0(226)']",table_row,table_row
"['<LONG>\n<BLK>', '(c)Presented as part of Other assets and Other liabilities on the Consolidated Balance Sheets.', '<BLK>\n(d)Excludes $15\xa0million of assets reclassified to Assets held for sale on the Consolidated Balance Sheets at December 31, 2023.']",narrative,narrative
"['Dividends on preferred stock ($1,462.50 per share)\n<BLK>', '—\xa0—\xa0—\xa0—\xa0(29)—\xa0(29)—\xa0(29)', '<BLK>\nDividends on common stock ($1.28 per share)']",table_row,table_row
"['(b)Included income from hedge funds, private equity funds and affordable housing partnerships. Hedge funds are recorded as of the balance sheet date. Private equity funds are generally reported on a one-quarter lag.\n<BLK>', '(c)Included in the years ended December 31, 2023, 2022 and 2021 were income (loss) of $(9) million, $186\xa0million and $65\xa0million, respectively, related to liabilities measured at fair value that are economically hedged with fixed maturity securities as described in (a) above.', '<BLK>\nNET REALIZED GAINS AND LOSSES']",narrative,narrative
"['of DAC(a)\n<BLK>', 'Other', '<BLK>\nAcquisition']",table_row,table_row
"['94\n<BLK>', 'AIG | 2024 Form 10-K', '<BLK>\n<BLK>']",footer,footer
"['North America Commercial$8,452\xa0$8,172\xa0$5,713\xa0$824\xa0$222\xa0$865\xa0$548\n<BLK>', 'International Commercial8,364\xa08,145\xa04,463\xa01,018\xa0342\xa01,095\xa01,227', '<BLK>\nGlobal Personal7,086\xa07,140\xa03,862\xa01,571\xa0573\xa0992\xa0142']",table_row,table_row
"['Numerator for EPS:\n<BLK>', 'Income (loss) from continuing operations$2,700\xa0$2,741\xa0$2,890', '<BLK>\nLess: Preferred stock dividends and preferred stock redemption premiums22\xa029\xa029']",table_row,table_row
"['Change in allowance for credit losses on loans(23)—\xa0(23)(28)3\xa0(25)19\xa0(3)16\n<BLK>', 'Foreign exchange transactions256\xa0(9)247\xa0124\xa05\xa0129\xa0266\xa0(10)256', '<BLK>\nAll other derivatives and hedge accounting(62)7\xa0(55)(165)(8)(173)159\xa0(3)156']",table_row,table_row
"['Shares, beginning of year1,906.7\xa0(1,217.9)688.8\xa01,906.7\xa0(1,172.6)734.1\xa01,906.7\xa0(1,088.0)818.7\n<BLK>', 'Shares issued—\xa06.8\xa06.8\xa0—\xa05.5\xa05.5\xa0—\xa05.5\xa05.5', '<BLK>\nShares repurchased—\xa0(89.5)(89.5)—\xa0(50.8)(50.8)—\xa0(90.1)(90.1)']",table_row,table_row
"['2017—\xa0—\xa0—\xa0—\xa0—\xa0—\xa0—\xa0—\xa0—\xa0—\n<BLK>', '2018—\xa0—\xa0—\xa0—\xa0—\xa0—\xa0—\xa0—\xa0—\xa0—', '<BLK>\n2019—\xa0—\xa0—\xa0—\xa0—\xa0—\xa0—\xa0—\xa0—\xa0—']",table_row,table_row
"['Market risk benefit liabilities(c)\n<BLK>', '—\xa08,739\xa08,739', '<BLK>\nOther policyholder funds(f)']",table_row,table_row
"['Liabilities for losses and allocated loss adjustment expenses and prior year development before 2014, net of reinsurance695\xa0(48)\n<BLK>', 'Unallocated loss adjustment expense prior year adjustment26', '<BLK>\nLiabilities for losses and loss adjustment expenses and prior year loss development, net of reinsurance$3,888\xa0$(114)']",table_row,table_row
"['Unallocated loss adjustment expense prior year adjustment(1)\n<BLK>', 'Liabilities for losses and loss adjustment expenses and prior year loss development, net of reinsurance$4,297\xa0$4', '<BLK>\n158']",table_row,table_row
"['2023—\xa0—\xa0—\xa0—\xa0—\xa0—\xa0—\xa0—\xa0—\xa0—\n<BLK>', '2024—\xa0—\xa0—\xa0—\xa0—\xa0—\xa0—\xa0—\xa0—\xa0—', '<BLK>\nTotal$(585)$(587)$(496)$(588)$(570)$(593)$(520)$(438)$(317)$121']",table_row,table_row
"['U.S. PlansNon-U.S. Plans(a)\n<BLK>', 'For the Year Ended December 31, 2023', '<BLK>\nDiscount rate5.22\xa0%2.51\xa0%5.19\xa0%5.23\xa0%']",table_row,table_row
"['202143\xa0151\xa0315\xa0468\xa0—\n<BLK>', '202230\xa0109\xa0177\xa0—', '<BLK>\n202346\xa0150\xa0—']",table_row,table_row
"['Calendar Years Ended December 31, (in millions)\n<BLK>', 'AccidentYear20162017201820192020202120222023Prior YearDevelopment', '<BLK>\nUnaudited']",table_row,table_row
"['Policy charges(1,368)(523)(52)(98)(2,041)\n<BLK>', 'Surrenders and withdrawals(4,261)(3,013)(32)(82)(7,388)', '<BLK>\nBenefit payments(1,039)(615)(10)(23)(1,687)']",table_row,table_row
"['ITEM 8 | Notes to Consolidated Financial Statements | 6. Investments\n<BLK>', 'PLEDGED INVESTMENTS', '<BLK>\nSecured Financing and Similar Arrangements']",narrative,narrative
"['•Deferred sales inducements\n<BLK>', '•Amortization of deferred policy acquisition costs', '<BLK>\nNote 10.  Variable Interest Entities']",narrative,table_row
"['Market risk benefit assets796\xa0Discounted cash flowEquity volatility6.45% - 50.75%\n<BLK>', 'Base lapse rate0.16% - 28.80%', '<BLK>\nDynamic lapse multiplier(e)']",table_row,table_row
"['(in millions)PurchasesSalesIssuances\n<BLK>', 'and', '<BLK>\nSettlements(a)']",table_row,table_row
"['Post-adoption January 1, 2021 DAC balance$4,421\xa0$1,094\xa0$4,918\xa0$33\xa0$10,466\n<BLK>', '*Excludes $2.5\xa0billion of DAC in General Insurance.', '<BLK>\n<LONG>']",narrative,narrative
"['<LONG>\n<BLK>', 'Incurred Losses and Allocated Loss Adjustment Expenses, Undiscounted and Net of Reinsurance', '<BLK>\nYears Ended December 31, (in millions)']",narrative,narrative
"['Individual Retirement6,264\xa04,917\xa02\xa0567\xa02,310\n<BLK>', 'Group Retirement2,734\xa01,999\xa01\xa082\xa0758', '<BLK>\nLife Insurance5,092\xa01,283\xa0—\xa0403\xa0358']",table_row,table_row
"['Note 7.Lending Activities\n<BLK>', '177', '<BLK>\nNote 8.Reinsurance']",footer,table_row
"['•an assessment of economic conditions, including real GDP growth, inflation, employment rates or unemployment duration, stock market volatility and changes in corporate bond spreads;\n<BLK>', '•changes in the legal, regulatory, judicial and social environment, including changes in road safety, public health and cleanup standards;', '<BLK>\n•changes in medical cost trends (inflation, intensity and utilization of medical services) and wage inflation trends;']",narrative,narrative
"['(in millions)NetInvestmentIncomeNet Realized(Gains) LossesTotal\n<BLK>', 'December 31, 2024', '<BLK>\nLiabilities:']",table_row,table_row
"['Foreign:\n<BLK>', 'Current423\xa0271\xa0171', '<BLK>\nDeferred53\xa0145\xa043']",table_row,table_row
"['Other(9)—\xa0(9)(11)—\xa0(11)24\xa0—\xa024\n<BLK>', 'Changes related to unrealized appreciation (depreciation) of investments302\xa0—\xa0302\xa0(1,824)—\xa0(1,824)(350)—\xa0(350)', '<BLK>\nBalance, end of year3,731\xa055\xa03,786\xa03,300\xa055\xa03,355\xa04,952\xa055\xa05,007']",table_row,table_row
"['Securitization\n<BLK>', 'Vehicles(e)', '<BLK>\nTotal']",table_row,table_row
"['Real estate and investment entities(a)\n<BLK>', '$528,053\xa0$9,125\xa0$3,720\xa0(d)', '<BLK>\n$12,845']",table_row,table_row
"['657,283,160\xa0725,233,068\xa0787,941,750\n<BLK>', 'Income (loss) per common share attributable to AIG common shareholders:', '<BLK>\nBasic:']",table_row,table_row
"['<LONG>\n<BLK>', 'LONG-DURATION REINSURANCE', '<BLK>\n<LONG>']",narrative,narrative
"['and Carryforward Periods(b)\n<BLK>', '(in millions)GrossEffected20282029203020312032 - After', '<BLK>\nNet operating loss carryforwards$18,046\xa0$3,790\xa0$1,836\xa0$178\xa0$—\xa0$930\xa0$846']",table_row,table_row
"['Total bonds available for sale$11,248\xa0$493\xa0$31,037\xa0$3,392\xa0$42,285\xa0$3,885\n<BLK>', '<LONG>', '<BLK>\nContractual Maturities of Fixed Maturity Securities Available for Sale']",narrative,narrative
"['Paid Impact\n<BLK>', 'of ADC', '<BLK>\nAccident Year2014201520162017201820192020202120222023']",table_row,table_row
"['Actuarial (gain) loss(b)\n<BLK>', '75\xa0(1,082)(8)(183)3\xa0(36)(2)(14)', '<BLK>\nBenefits paid:']",table_row,table_row
"['<LONG>\n<BLK>', 'Incurred Losses and Allocated Loss Adjustment Expenses, Undiscounted and Net of Reinsurance', '<BLK>\nYears Ended December 31, (in millions)']",narrative,narrative
"['December 31, 2023\n<BLK>', '<LONG>', '<BLK>\nUnaudited']",table_row,table_row
"['(f)Comprised of mutual fund investing in variety of equity, derivatives, and bonds.\n<BLK>', 'The inputs or methodologies used for valuing securities are not necessarily an indication of the risk associated with investing in these securities. Based on our investment strategy, we had no significant concentrations of risks at December 31, 2024.', '<BLK>\n184']",narrative,narrative
"['<LONG>\n<BLK>', 'Other income includes advisory fee income from the Life and Retirement broker dealer business.', '<BLK>\nCash represents cash on hand and demand deposits.']",narrative,narrative
"['Liabilities for losses and loss adjustment expenses and prior year loss development, net of reinsurance$(4,301)$153\n<BLK>', 'Cumulative Paid Losses and Allocated Loss Adjustment Expenses, Net of Reinsurance', '<BLK>\nYears Ended December 31, (in millions)']",table_row,narrative
"['200\n<BLK>', 'AIG | 2023 Form 10-K', '<BLK>\n<BLK>']",footer,footer
"['The following table presents a reconciliation of the beginning and ending balances of the total amounts of gross unrecognized tax benefits, excluding interest and penalties:\n<BLK>', 'Years Ended December 31,', '<BLK>\n(in millions)202420232022']",narrative,narrative
"['Comprehensive income (loss)$(4)$(38)$11\n<BLK>', '(a)The income tax expense (benefit) and the tax impact in Accumulated other comprehensive income (loss) (AOCI) was computed using AIG’s U.S. statutory tax rate of 21 percent.', '<BLK>\n<LONG>']",narrative,narrative
"['<LONG>\n<BLK>', 'The following table presents the transition rollforward of the liability for future policy benefits for nonparticipating contracts(a):', '<BLK>\nIndividualRetirementGroupRetirementLifeInsuranceInstitutionalMarketsOther(b)']",narrative,narrative
"['The following table presents the fair value of fixed maturity securities measured at fair value based on our election of the fair value option, which are reported in the other bond securities caption in the financial statements, and equity securities measured at fair value:\n<BLK>', '(in millions)December 31, 2024December 31, 2023', '<BLK>\nFairValuePercentof TotalFairValuePercentof Total']",table_row,table_row
"['Unallocated loss adjustment expense prior year development13\n<BLK>', 'Liabilities for losses and loss adjustment expenses and prior year loss development, net of reinsurance$5,936\xa0$51\xa0$(514)$5,422', '<BLK>\nIncurred Losses and Loss Adjustment Expenses, Undiscounted, Net of Reinsurance (including impact of ADC)']",table_row,table_row
"['Subtotal - Net U.S., foreign, state and local deferred tax assets14,445\xa014,804\n<BLK>', 'Net foreign, state and local deferred tax liabilities(346)(295)', '<BLK>\nTotal AIG net deferred tax assets (liabilities)$14,099\xa0$14,509']",table_row,table_row
"['International investment grade(c)\n<BLK>', '—\xa0125\xa0—\xa0125\xa0—\xa0138\xa0—\xa0138', '<BLK>\nU.S. and international high yield(d)']",table_row,table_row
"['24.00% - 146.00%\n<BLK>', '160', '<BLK>\nAIG | 2023 Form 10-K']",footer,footer
"['Income (loss) from discontinued operations, net of income tax expense—\xa0(1)—\n<BLK>', 'Net income (loss) attributable to AIG common shareholders$3,614\xa0$10,198\xa0$10,338', '<BLK>\nDenominator for EPS:']",table_row,table_row
"['ITEM 8 | Notes to Consolidated Financial Statements | 13. Insurance Liabilities\n<BLK>', 'Actuarial Assumption Updates for Liability for Future Policy Benefits', '<BLK>\n<LONG>']",narrative,narrative
"['(in millions)202320222021\n<BLK>', 'Net income$3,878\xa0$11,273\xa0$10,906', '<BLK>\nOther comprehensive income (loss), net of tax']",table_row,table_row
"['(in millions)CarryingValueFairValueCarryingValueFairValueCorresponding Accounting Policy\n<BLK>', 'Fixed maturity securities - available for sale(a)', '<BLK>\n$1,918\xa0$1,918\xa0$2,180\xa0$2,180\xa0Fair value through other comprehensive income (loss)']",table_row,table_row
"['Assets at Fair ValueImpairment Charges\n<BLK>', 'Non-Recurring BasisDecember 31,', '<BLK>\n(in millions)Level 1Level 2Level 3Total202320222021']",table_row,table_row
"['ITEM 8 | Notes to Consolidated Financial Statements | 5. Fair Value Measurements\n<BLK>', '(in millions)Fair Value atDecember 31, 2024Valuation\xa0TechniqueUnobservable Input(b)', '<BLK>\nRange']",table_row,table_row
"['(in millions)OvernightandContinuousup to30 days31 - 90days91 - 364days365 daysor greaterTotal\n<BLK>', 'December 31, 2022', '<BLK>\nBonds available for sale:']",table_row,table_row
"['$5,062\xa0$48\xa0$73\xa0$(790)$329\xa0$(599)$28\xa0$4,151\xa0$(31)$(29)\n<BLK>', '<LONG>', '<BLK>\nLiabilities:']",table_row,table_row
"['(in millions)EquitiesOther Invested Assets*TotalEquitiesOther Invested AssetsTotal\n<BLK>', 'Net gains recognized during the period on equity securities and other investments$149\xa0$696\xa0$845\xa0$53\xa0$249\xa0$302', '<BLK>\nLess: Net gains (losses) recognized during the period on equity securities and other investments sold during the period45\xa0461\xa0506\xa090\xa0(20)70']",table_row,table_row
"['Singapore2020-2023\n<BLK>', 'United Kingdom2022-2023', '<BLK>\nACCOUNTING FOR UNCERTAINTY IN INCOME TAXES']",table_row,table_row
"['ACCUMULATED OTHER COMPREHENSIVE INCOME (LOSS)\n<BLK>', 'The following table presents a rollforward of Accumulated other comprehensive income (loss):', '<BLK>\n<LONG>']",narrative,narrative
"['184\n<BLK>', 'AIG | 2024 Form 10-K', '<BLK>\n<BLK>']",footer,footer
"['Interest crediting rate4.02\xa0%1.07\xa0%(b)\n<BLK>', '—\xa0%N/A', '<BLK>\nRate of compensation increaseN/A2.38\xa0%N/AN/A']",table_row,table_row
"['Net deferred tax assets (liabilities) in AOCI421\xa0509\n<BLK>', 'Valuation allowance(798)(840)', '<BLK>\nSubtotal4,545\xa05,661']",table_row,table_row
"['Other contracts(1)(1)—\xa01\xa0—\xa0—\xa01\xa0—\xa0—\xa0—\n<BLK>', 'Total derivative liabilities, net(a)', '<BLK>\n(453)41\xa0—\xa0377\xa0—\xa0—\xa035\xa0—\xa0(1)—']",table_row,table_row
"['For the Year Ended December 31, 2022\n<BLK>', 'Discount rate2.75\xa0%1.09\xa0%2.87\xa0%2.89\xa0%', '<BLK>\nInterest crediting rate2.06\xa0%0.70\xa0%(b)']",table_row,table_row
"['AIG assets(17)(16)(9)(10)(10)(10)(1)(1)\n<BLK>', 'Plan assets(280)(171)(28)(31)—\xa0—\xa0—\xa0—', '<BLK>\nPlan amendment—\xa0—\xa01\xa0(1)—\xa0—\xa0—\xa0—']",table_row,table_row
"['(dollars in millions)ApartmentsOfficesRetailIndustrialHotelOthersTotal\n<BLK>', 'December 31, 2023', '<BLK>\nPast Due Status:']",table_row,table_row
"['<LONG>\n<BLK>', '•Reinsurance: Our reinsurance program varies by exposure type. Historically we have leveraged facultative and treaty reinsurance, both on a pro-rata and excess of loss basis. Our reinsurance program may change from year to year, which may affect the comparability of the data presented in our tables.', '<BLK>\n<LONG>']",narrative,narrative
"['95\n<BLK>', 'Consolidated Statements of Comprehensive Income (Loss) for the years ended December 31, 2024, 2023 and 2022', '<BLK>\n96']",table_row,table_row
"['2024—\xa0—\xa0—\xa0—\xa0—\xa0—\xa0—\xa0—\xa0—\xa0—\n<BLK>', 'Total$(141)$(98)$(87)$(94)$(99)$(107)$(115)$(100)$(97)$3', '<BLK>\nCumulative Paid Losses and Allocated Loss Adjustment Expenses, Net of Reinsurance from the table below70']",table_row,table_row
"['2023677\xa0668\xa0(9)122\xa047,201\xa0—\xa0—\xa0668\xa0122\n<BLK>', '2024604\xa0294\xa029,007\xa0—\xa0—\xa0604\xa0294', '<BLK>\nTotal$11,863\xa0$(25)$(9)$11,854']",table_row,table_row
"['Net investment income - Fortitude Re funds withheld assets1,544\xa0943\xa01,971\n<BLK>', 'Total net investment income14,592\xa011,767\xa014,612', '<BLK>\nNet realized gains (losses):']",table_row,table_row
"['Principal payments received on and sales of mortgage and other loans receivable1,007\xa01,265\xa01,886\n<BLK>', 'Purchases of:', '<BLK>\nAvailable for sale securities(22,990)(22,020)(19,396)']",table_row,table_row
"['The following table lists our total debt outstanding at December 31, 2024 and 2023. The interest rates presented in the following table are the range of contractual rates in effect at December 31, 2024, including fixed and variable-rates:\n<BLK>', 'At December 31, 2024Range ofInterest Rate(s)MaturityDate(s)Balance atDecember 31, 2024Balance atDecember 31, 2023', '<BLK>\n(in millions)']",table_row,table_row
"['Liabilities for losses and loss adjustment expenses and prior year development before accident year 2014, net of reinsurance4,327\xa0(65)(3,632)695\n<BLK>', 'Unallocated loss adjustment expense prior year development(6)', '<BLK>\nLiabilities for losses and loss adjustment expenses and prior year loss development, net of reinsurance$8,189\xa0$(267)$(4,301)$3,888']",table_row,table_row
"['<LONG>\n<BLK>', 'In general, the discount rates for the non-U.S. plans were developed using a similar methodology to the U.S. AIG Retirement Plan, by using country-specific Mercer Yield Curves.', '<BLK>\n<LONG>']",narrative,narrative
"['Supplemental Information: The information about incurred and paid loss development for all periods preceding the year ended December 31, 2024 and the related historical claims payout percentage disclosure is unaudited and is presented as supplementary information.\n<BLK>', 'The following tables present undiscounted, incurred and paid losses and allocated loss adjustment expenses by accident year, on a net basis after reinsurance, with a separate presentation of the ADC excluding the related amortization of the deferred gain:', ""<BLK>\nU.S. Workers' Compensation""]",narrative,narrative
"['Cumulative Paid Losses and Allocated Loss Adjustment Expenses, Net of Reinsurance*\n<BLK>', 'Years Ended December 31, (in millions)', '<BLK>\nAccident Year2015201620172018201920202021202220232024']",table_row,table_row
"['Years Ended December 31, (in millions)\n<BLK>', 'Accident Year2015201620172018201920202021202220232024', '<BLK>\nUnaudited']",table_row,table_row
"['Aggregate minimum required statutory capital and surplus:\n<BLK>', 'General Insurance companies:', '<BLK>\nDomestic$3,625\xa0$3,680']",table_row,table_row
"['<LONG>\n<BLK>', '<LONG>', '<BLK>\nFor additional information on embedded derivatives, see Notes 5 and 13.']",narrative,narrative
"['The following table presents the composition of Mortgage and other loans receivable, net:\n<BLK>', '(in millions)December 31, 2023December 31, 2022', '<BLK>\nCommercial mortgages(a)']",table_row,table_row
"['254\n<BLK>', 'AIG | 2023 Form 10-K', '<BLK>\n<BLK>']",footer,footer
"['Life and Retirement companies:\n<BLK>', 'Domestic$14,752\xa0$12,229', '<BLK>\nForeign467\xa0486']",table_row,table_row
"['Derivative assets(c):\n<BLK>', 'Interest rate contracts1\xa03,410\xa0311\xa0—\xa0—\xa03,722', '<BLK>\nForeign exchange contracts']",table_row,table_row
"['<LONG>\n<BLK>', 'AIG | 2024 Form 10-K', '<BLK>\n131']",footer,footer
"['250\n<BLK>', 'AIG | 2023 Form 10-K', '<BLK>\n<BLK>']",footer,footer
"['2023—\xa0—\xa0—\xa0—\xa0—\xa0—\xa0—\xa0—\xa0—\n<BLK>', 'Total$(30)$(27)$(23)$(10)$(9)$(10)$(15)$(16)$(1)', '<BLK>\nCumulative Paid Losses and Allocated Loss Adjustment Expenses, Net of Reinsurance from the table below16']",table_row,table_row
"['Assumed—\xa0—\xa0—\n<BLK>', 'Ceded(76)(78)(85)', '<BLK>\nNet$2,797\xa0$2,913\xa0$3,005']",table_row,table_row
"['Policyholder contract deposits(a)\n<BLK>', '$—\xa0$(1,107)$—\xa0$—\xa0$(1,107)', '<BLK>\nMarket risk benefit liabilities, net(b)']",table_row,table_row
"['Corporate debt282\xa019\xa0255\xa019\n<BLK>', 'Mortgage-backed, asset-backed and collateralized:', '<BLK>\nRMBS100\xa07\xa093\xa07']",table_row,table_row
"['Effect of changes in discount rate assumptions (AOCI)95\xa046\xa02,717\xa0870\xa05,673\xa09,401\n<BLK>', 'Balance, end of year$1,373\xa0$264\xa0$27,442\xa0$13,890\xa0$27,674\xa0$70,643', '<BLK>\nNet liability for future policy benefits, end of year$1,373\xa0$264\xa0$13,073\xa0$13,890\xa0$26,400\xa0$55,000']",table_row,table_row
"['Subtotal, adjusted pre-tax basis$(392)$(234)$—\xa0$(164)$(398)\n<BLK>', 'Remove impact of Retroactive Reinsurance', '<BLK>\nAmortization of deferred gain at inception164']",table_row,table_row
"['Liabilities for losses and loss adjustment expenses and prior year loss development, net of reinsurance$5,936\xa0$51\xa0$(514)$5,422\n<BLK>', 'Incurred Losses and Loss Adjustment Expenses, Undiscounted, Net of Reinsurance (including impact of ADC)', '<BLK>\nCalendar Years Ended December 31, (in millions)']",narrative,narrative
"['Years Ended December 31, (in millions)\n<BLK>', 'December 31, 2023', '<BLK>\n<LONG>']",table_row,table_row
"['Liabilities for losses and loss adjustment expenses and prior year loss development, net of reinsurance$(514)$(91)\n<BLK>', 'Cumulative Paid Losses and Allocated Loss Adjustment Expenses, Net of Reinsurance', '<BLK>\nYears Ended December 31, (in millions)']",narrative,narrative
"['Years Ended December 31,\n<BLK>', '(in millions)202320222021', '<BLK>\nGross unrecognized tax benefits, beginning of year$1,191\xa0$1,157\xa0$2,343']",table_row,table_row
"['For additional information on the Corebridge common stock offerings and share repurchases, see Note 1.\n<BLK>', 'The following table presents the effect of changes in our ownership interest in Corebridge on our equity:', '<BLK>\nYears Ended December 31,']",narrative,narrative
"['ITEM 8 | Notes to Consolidated Financial Statements | 13. Insurance Liabilities\n<BLK>', 'U.S. Excess Casualty', '<BLK>\n<LONG>']",narrative,narrative
"['142\n<BLK>', 'AIG | 2023 Form 10-K', '<BLK>\n<BLK>']",footer,footer
"['19\xa081\n<BLK>', 'Series AIGFP matched notes and bonds payable0.00% - 5.48%', '<BLK>\n2024 - 2046']",table_row,table_row
"['<LONG>\n<BLK>', '144', '<BLK>\nAIG | 2023 Form 10-K']",footer,footer
"['Net realized losses - Fortitude Re funds withheld assets(39)(71)(99)\n<BLK>', 'Net realized gains (losses) - Fortitude Re funds withheld embedded derivative(75)(273)1,133', '<BLK>\nNet realized gains (losses) on Fortitude Re funds withheld assets(114)(344)1,034']",table_row,table_row
"['2018—\xa0—\xa0—\xa0—\xa0—\xa0—\xa0—\xa0—\xa0—\xa0—\n<BLK>', '2019—\xa0—\xa0—\xa0—\xa0—\xa0—\xa0—\xa0—\xa0—\xa0—', '<BLK>\n2020—\xa0—\xa0—\xa0—\xa0—\xa0—\xa0—\xa0—\xa0—\xa0—']",table_row,table_row
"['Cash and restricted cash of held for sale assets(3)—\xa0—\n<BLK>', 'Cash and restricted cash at end of year$2,204\xa0$2,216\xa0$2,427', '<BLK>\n134']",table_row,table_row
"['2016821\xa01,747\xa02,076\xa02,296\xa02,464\xa02,539\xa02,616\xa02,647\xa02,679\xa0—\n<BLK>', '20171,137\xa02,625\xa03,281\xa03,638\xa03,897\xa03,999\xa04,055\xa04,129\xa0—', '<BLK>\n2018977\xa02,162\xa02,509\xa02,715\xa02,863\xa02,994\xa03,094\xa0—']",table_row,table_row
"['(b)We also recognized $21\xa0million of tax benefit due to share settlements occurring in 2023.\n<BLK>', 'EMPLOYEE PLANS', '<BLK>\n<LONG>']",narrative,narrative
"['Net liability for future policy benefits, end of year$430\xa0$447\n<BLK>', 'Deferred profit liability1\xa01', '<BLK>\nOther reconciling items(a)']",table_row,table_row
"['Due after ten years89,200\xa074,937\n<BLK>', 'Mortgage-backed, asset-backed and collateralized67,352\xa064,569', '<BLK>\nTotal$252,873\xa0$231,733']",table_row,table_row
"['Noncash revenues, expenses, gains and losses included in income (loss):\n<BLK>', 'Net losses on sales of securities available for sale and other assets637\xa0662\xa0637', '<BLK>\nNet (gain) loss on divestitures and other(616)29\xa0153']",table_row,table_row
"['(in millions)202420232022\n<BLK>', 'By Derivative Type:', '<BLK>\nInterest rate contracts$(6)$(12)$37']",table_row,table_row
"['The following table presents the accumulated benefit obligations for U.S. and non-U.S. pension benefit plans:\n<BLK>', 'At December 31,', '<BLK>\n(in millions)20242023']",narrative,table_row
"['(Income) loss from discontinued operations3,626\xa0(1,137)(8,383)\n<BLK>', 'Adjustments to reconcile net income (loss) to net cash provided by operating activities:', '<BLK>\nNoncash revenues, expenses, gains and losses included in income (loss):']",table_row,table_row
"['Non-U.S. governments—\xa037\xa0—\xa0—\xa0—\xa037\n<BLK>', 'Corporate debt—\xa02,697\xa0211\xa0—\xa0—\xa02,908', '<BLK>\nRMBS—\xa0105\xa0158\xa0—\xa0—\xa0263']",table_row,table_row
"['Year Ended December 31, 2023\n<BLK>', 'Unrealized change arising during period$(6)$7,172\xa0$(695)$(1,045)$137\xa0$118\xa0$—\xa0$5,681', '<BLK>\nLess: Reclassification adjustments included in net income(26)(1,036)—\xa0—\xa0—\xa0(29)—\xa0(1,091)']",table_row,table_row
"['Years Ended December 31, (in millions)\n<BLK>', 'December 31, 2023', '<BLK>\n<LONG>']",table_row,table_row
"['Purchase of common stock(6,652)(2,961)(5,200)\n<BLK>', 'Redemption of preferred stock(485)—\xa0—', '<BLK>\nDividends on preferred stock and preferred stock redemption premiums(22)(29)(29)']",table_row,table_row
"['December 31, 202320232022202120202019PriorTotal\n<BLK>', '(in millions)', '<BLK>\nFICO*:']",table_row,table_row
"['Short-term and long-term debt—\xa019,328\xa0275\xa019,603\xa021,243\n<BLK>', 'Debt of consolidated investment entities—\xa03,055\xa02,478\xa05,533\xa05,880', '<BLK>\nSeparate account liabilities - investment contracts—\xa080,649\xa0—\xa080,649\xa080,649']",table_row,table_row
"['2020844\xa01,613\xa01,874\xa02,190\xa02,414\xa0—\n<BLK>', '2021878\xa01,743\xa01,983\xa02,004\xa0—', '<BLK>\n20221,208\xa02,207\xa02,437\xa0—']",table_row,table_row
"['Expected term(d)\n<BLK>', '6.00years6.00years6.43years', '<BLK>\n(a)The dividend yield is the last dividend from Bloomberg times 4 divided by stock price based on Bloomberg Professional service as of the valuation date.']",table_row,table_row
"['$4,554\xa0$2,230\xa0$6,784\n<BLK>', 'Liabilities:', '<BLK>\nDebt of consolidated investment entities$1,094\xa0$1,106\xa0$2,200']",table_row,table_row
"['Note 14.  Debt\n<BLK>', '•Long-term debt', '<BLK>\n•Debt of consolidated investment entities']",narrative,table_row
"['ITEM 8 | Notes to Consolidated Financial Statements | 2. Summary of Significant Accounting Policies\n<BLK>', '<LONG>', '<BLK>\n<LONG>']",narrative,narrative
"['Our expectations and models used to estimate the allowance for losses on commercial mortgage loans are regularly updated to reflect the current economic environment.\n<BLK>', 'AIG | 2024 Form 10-K', '<BLK>\n133']",footer,footer
"['Institutional Markets4,160\xa01,051\xa02\xa07\xa0334\n<BLK>', 'Total Life and Retirement17,593\xa08,347\xa023\xa01,021\xa03,317', '<BLK>\nOther Operations']",table_row,table_row
"['Effect of actual variances from expected experience(16)—\xa0—\xa062\xa0—\xa020\xa066\n<BLK>', 'Adjusted beginning of year balance2,173\xa0—\xa0—\xa013,622\xa0—\xa01,098\xa016,893', '<BLK>\nIssuances122\xa0—\xa0—\xa01,277\xa0—\xa0—\xa01,399']",table_row,table_row
"['136\n<BLK>', 'AIG | 2023 Form 10-K', '<BLK>\n<BLK>']",footer,footer
"['<LONG>\n<BLK>', 'Segment Reporting', '<BLK>\n<LONG>']",narrative,narrative
"['Total100\xa0%100\xa0%100\xa0%\n<BLK>', '<LONG>', '<BLK>\n<LONG>']",narrative,narrative
"['Total Short-term and long-term debt$19,796\xa0$21,299\n<BLK>', 'Debt of consolidated investment entities - not guaranteed by AIG(c)', '<BLK>\n0% - 4.45%']",table_row,table_row
"['<LONG>\n<BLK>', 'December 31, 2024December 31, 2023', '<BLK>\n(in millions)Investment Category IncludesFair Value Using NAV Per Share (or its equivalent)Unfunded CommitmentsFair Value Using NAV Per Share (or its equivalent)Unfunded Commitments']",table_row,table_row
"['Valuation allowance(e)\n<BLK>', '(33)(0.9)(365)(12.7)(174)(4.6)', '<BLK>\nConsolidated total amounts']",table_row,table_row
"['2014$1,729\xa0$1,764\xa0$1,866\xa0$1,862\xa0$1,794\xa0$1,709\xa0$1,679\xa0$1,637\xa0$1,614\xa0$1,589\xa0$(25)$172\xa041,529\xa0$(349)$(143)$1,240\xa0$29\n<BLK>', '20151,708\xa01,864\xa01,866\xa01,814\xa01,722\xa01,675\xa01,634\xa01,612\xa01,592\xa0(20)355\xa037,109\xa0(438)(228)1,154\xa0127', '<BLK>\n20161,299\xa01,346\xa01,318\xa01,140\xa01,090\xa01,075\xa01,036\xa01,025\xa0(11)224\xa031,868\xa0—\xa0—\xa01,025\xa0224']",table_row,table_row
"['Add: Corebridge noncontrolling interests2\xa0610\xa033\xa0(105)(3)—\xa0—\xa0537\n<BLK>', 'Less: Noncontrolling interests17\xa0(559)(11)258\xa0(1)—\xa0—\xa0(296)', '<BLK>\nBalance, December 31, 2024, net of tax$(4)$(2,868)$—\xa0$68\xa0$(3,521)$(774)$—\xa0$(7,099)']",table_row,table_row
"['<LONG>\n<BLK>', 'As of December 31, 2024 and December 31, 2023, approximately 81 percent and 85 percent, respectively, of our non-investment grade reinsurance exposure related to captive insurers. These arrangements are typically collateralized by letters of credit, funds withheld or trust agreements.', '<BLK>\nReinsurance Recoverable Allowance']",narrative,narrative
"['Tax audit resolution(a)\n<BLK>', '(494)(12.8)—\xa0—\xa0(935)(7.0)', '<BLK>\nAffiliated dividend income, net of dividends received deduction59\xa01.5\xa0—\xa0—\xa0—\xa0—']",table_row,table_row
"['Paid Impact\n<BLK>', 'of ADC', '<BLK>\nAccident Year2015201620172018201920202021202220232024']",table_row,table_row
"['201628\xa080\xa0204\xa0388\xa0502\xa0566\xa0670\xa0798\xa0—\n<BLK>', '20171\xa045\xa0156\xa0505\xa0585\xa0676\xa0781\xa0—', '<BLK>\n20181\xa0125\xa0227\xa0315\xa0414\xa0494\xa0—']",table_row,table_row
"['•Future policy benefits\n<BLK>', '•Policyholder contract deposits', '<BLK>\n•Other policyholder funds']",narrative,table_row
"['ITEM 8 | Notes to Consolidated Financial Statements | 20. Employee Benefits\n<BLK>', '20. Employee Benefits', '<BLK>\nPENSION PLANS']",narrative,narrative
"['2020—\xa0—\xa0—\xa0—\xa0—\xa0—\xa0—\xa0—\xa0—\n<BLK>', '2021—\xa0—\xa0—\xa0—\xa0—\xa0—\xa0—\xa0—\xa0—', '<BLK>\n2022—\xa0—\xa0—\xa0—\xa0—\xa0—\xa0—\xa0—\xa0—']",table_row,table_row
"['For additional information about our ability to pay dividends to our shareholders, see Note 18.\n<BLK>', 'AIG | 2023 Form 10-K', '<BLK>\n243']",footer,footer
"['Ending balance at original discount rate1,749\xa02,041\n<BLK>', 'Effect of changes in discount rate assumptions (AOCI)(203)(339)', '<BLK>\nBalance, end of year$1,546\xa0$1,702']",table_row,table_row
"['2023\n<BLK>', 'General Insurance', '<BLK>\nNorth America$11,921\xa0$—\xa0$1,671\xa0$1,207\xa0(a)']",table_row,table_row
"['ITEM 8 | Notes to Consolidated Financial Statements | 13. Insurance Liabilities\n<BLK>', 'Incurred Losses and Loss Adjustment Expenses, Undiscounted, Net of Reinsurance (including impact of ADC)', '<BLK>\nCalendar Years Ended December 31, (in millions)']",narrative,narrative
"['Cumulative Paid Losses and Allocated Loss Adjustment Expenses, Net of Reinsurance*\n<BLK>', 'Years Ended December 31, (in millions)', '<BLK>\nAccident Year2014201520162017201820192020202120222023']",table_row,table_row
"['Contributions from noncontrolling interests—\xa0—\xa0—\xa0—\xa0—\xa0—\xa0—\xa049\xa049\n<BLK>', 'Distributions to noncontrolling interests—\xa0—\xa0—\xa0—\xa0—\xa0—\xa0—\xa0(710)(710)', '<BLK>\nOther—\xa0—\xa0—\xa0111\xa06\xa0—\xa0117\xa069\xa0186']",narrative,table_row
"['Net transfers from (to) separate account3,617\xa02,705\xa03\xa0792\xa0—\xa07,117\n<BLK>', 'Interest credited2,188\xa01,141\xa0413\xa0507\xa0168\xa04,417', '<BLK>\nOther(16)11\xa020\xa0(3)(9)3']",table_row,table_row
"['Our analyses and conclusions about prior year reserves also help inform our judgments about the current accident year loss and loss adjustment expense ratios we selected.\n<BLK>', 'Loss Development Information', '<BLK>\n<LONG>']",narrative,narrative
"['At December 31,\n<BLK>', 'Statutory capital and surplus(a)(b):', '<BLK>\nGeneral Insurance companies:']",table_row,table_row
"['Total bonds available for sale4,215\xa0(628)(2,455)1,132\n<BLK>', 'Other bond securities:', '<BLK>\nObligations of states, municipalities and political subdivisions3\xa0(2)—\xa01']",table_row,table_row
"['Total other bond securities1,527\xa059\xa0—\xa0123\xa05\xa0(238)80\xa01,556\xa0(56)—\n<BLK>', 'Equity securities39\xa01\xa0—\xa027\xa010\xa0(20)(1)56\xa01\xa0—', '<BLK>\nOther invested assets2,075\xa0(150)11\xa090\xa044\xa0—\xa0—\xa02,070\xa0(151)—']",table_row,table_row
"['The following table presents the asset allocation percentage by major asset class for non-U.S. pension plans and the target allocation:\n<BLK>', 'At December 31,Target 2025Actual 2024Actual 2023', '<BLK>\nAsset class:']",table_row,table_row
"['Corporate debt26\xa0—\xa0132\xa0158\n<BLK>', 'RMBS62\xa0(5)(41)16', '<BLK>\nCMBS—\xa0(1)—\xa0(1)']",table_row,table_row
"['LEGAL CONTINGENCIES\n<BLK>', 'Overview', '<BLK>\n<LONG>']",narrative,narrative
"['4,639\xa0255\xa0754\xa0(e)\n<BLK>', '1,009', '<BLK>\nTotal$372,300\xa0$2,978\xa0$1,593\xa0$4,571']",table_row,table_row
"['<LONG>\n<BLK>', '•paid and unpaid amounts recoverable;', '<BLK>\n•whether the balance is in dispute or subject to legal collection;']",narrative,narrative
"['<BLK>\n<BLK>', 'ITEM 8 | Notes to Consolidated Financial Statements | 10. Variable Interest Entities', '<BLK>\nBALANCE SHEET CLASSIFICATION AND EXPOSURE TO LOSS']",footer,footer
"['IndividualRetirementGroupRetirementTotal\n<BLK>', '(in millions)', '<BLK>\nMarket risk benefit in an asset position$176\xa0$—\xa0$176']",table_row,table_row
"['Total General Insurance companies$3,779\xa0$3,319\xa0$4,222\n<BLK>', 'Life and Retirement companies:', '<BLK>\nDomestic$3,354\xa0$3,091\xa0$2,588']",table_row,table_row
"['Transfers of Level 3 Liabilities\n<BLK>', 'There were no significant transfers of derivative or other liabilities into or out of Level 3 for the year ended December 31, 2023. During the year ended December 31, 2022, transfers of derivatives into Level 3 were primarily due to increased long-dated European swaption activity with SOFR tenors.', '<BLK>\nQUANTITATIVE INFORMATION ABOUT LEVEL 3 FAIR VALUE MEASUREMENTS']",narrative,narrative
"['Net cash provided by (used in) investing activities1,672\xa0(7,021)(3,626)\n<BLK>', 'Cash flows from financing activities:', '<BLK>\nProceeds from (payments for)']",table_row,table_row
"['Note 9.  Deferred Policy Acquisition Costs\n<BLK>', '•Deferred policy acquisition costs', '<BLK>\n•Deferred sales inducements']",narrative,table_row
"['The following table summarizes the components of assets and liabilities held-for-sale on the Consolidated Balance Sheets at December 31, 2023 after elimination of intercompany balances:\n<BLK>', '(in millions)AIG LifeOtherTotal', '<BLK>\nAssets:']",table_row,table_row
"['Total other bond securities34\xa0(10)(32)(8)\n<BLK>', 'AIG | 2024 Form 10-K', '<BLK>\n117']",footer,footer
"['2,140\xa0187\xa02,327\n<BLK>', 'Adjustment for the removal of related balances in Accumulated other comprehensive income (loss) originating from unrealized gains (losses)(d)', '<BLK>\n(516)(89)(605)']",table_row,table_row
"['Fortitude Re funds withheld payable (portion measured at fair value: 2023 - $(1,226); 2022 - $(2,235))\n<BLK>', '29,484\xa030,383', '<BLK>\nOther liabilities (portion measured at fair value: 2023 - $624; 2022 - $343)*']",table_row,table_row
"['At December 31, 2024 and 2023, the loss reserves reflect a net loss reserve discount of $1.2 billion and $1.2\xa0billion, respectively, including tabular and non-tabular calculations based upon the following assumptions:\n<BLK>', '•The non-tabular workers’ compensation discount is calculated separately for companies domiciled in New York, Pennsylvania and Delaware, and follows the statutory regulations (prescribed or historically permitted) for each state.', '<BLK>\n–For New York companies, the discount is based on a 5 percent interest rate and the companies’ own payout patterns.']",narrative,narrative
"['20201,2131,2521,4081,457\xa049\n<BLK>', '20211,4301,4081,388\xa0(20)', '<BLK>\n20221,1301,108\xa0(22)']",table_row,table_row
"['Singapore2019-2022\n<BLK>', 'United Kingdom2022-2022', '<BLK>\nACCOUNTING FOR UNCERTAINTY IN INCOME TAXES']",table_row,table_row
"['Cash71\xa0—\xa071\n<BLK>', 'Accrued investment income—\xa09\xa09', '<BLK>\nOther assets102\xa070\xa0172']",table_row,table_row
"['106\n<BLK>', 'AIG | 2024 Form 10-K', '<BLK>\n<BLK>']",footer,footer
"['Income tax expense3,006\xa019\xa03,025\xa02,176\xa0265\xa02,441\n<BLK>', 'Income (loss) from continuing operations11,276\xa0(2)11,274\xa09,923\xa0983\xa010,906', '<BLK>\nNet income (loss)11,275\xa0(2)11,273\xa09,923\xa0983\xa010,906']",table_row,table_row
"['Other invested assets263\xa0—\xa0(173)90\n<BLK>', 'Other assets130\xa0—\xa06\xa0136', '<BLK>\nTotal$5,122\xa0$(659)$(2,955)$1,508']",table_row,table_row
"['2,155\xa0—\xa0—\xa02,155\xa02,155\n<BLK>', 'Other assets45\xa0—\xa0—\xa045\xa045', '<BLK>\nLiabilities:']",table_row,table_row
"['Non-cash financing activities:\n<BLK>', 'Interest credited to policyholder contract deposits included in financing activities$2,416\xa0$4,501\xa0$3,676', '<BLK>\nFee income debited to policyholder contract deposits included in financing activities$(1,426)$(2,122)$(1,694)']",table_row,table_row
"['(c)Also reflects units that vest as a result of an accelerated vesting event that occurred prior to the specified vesting date but for which share delivery has not yet occurred.\n<BLK>', '(d)At December 31, 2024, the total unrecognized compensation cost for outstanding RSUs and PSUs was $96 million and the weighted-average and expected period of years over which that cost is expected to be recognized are 1.00 year and 2.25 years.', '<BLK>\nStock Options']",narrative,narrative
"['ITEM 8 | Notes to Consolidated Financial Statements | 13. Insurance Liabilities\n<BLK>', 'The following table provides our attribution of our reinsurance recoverable for the ADC only (included in the table above):', '<BLK>\nCalendar Years Ended December 31, (in millions)']",narrative,narrative
"['Derivative liabilities, net(687)12\xa0181\xa0(494)\n<BLK>', 'Fortitude Re funds withheld payable—\xa0—\xa0(676)(676)', '<BLK>\nOther liabilities—\xa0—\xa0112\xa0112']",table_row,table_row
"['4,657\xa0Discounted cash flowEquity volatility6.45% - 50.75%\n<BLK>', 'Base lapse rate0.20% - 50.00%', '<BLK>\nDynamic lapse multiplier(e)']",table_row,table_row
"['The following table presents premiums earned and policy fees for our long-duration life insurance and annuity operations:\n<BLK>', 'Years Ended December 31,', '<BLK>\n(in millions)202320222021']",table_row,table_row
"['2017—\xa0—\xa0—\xa0—\xa0—\xa0—\xa0—\xa0—\xa0—\xa0—\n<BLK>', '2018—\xa0—\xa0—\xa0—\xa0—\xa0—\xa0—\xa0—\xa0—\xa0—', '<BLK>\n2019—\xa0—\xa0—\xa0—\xa0—\xa0—\xa0—\xa0—\xa0—\xa0—']",table_row,table_row
"['<LONG>\n<BLK>', '<LONG>', '<BLK>\nThe following table presents supplementary credit quality information related to commercial mortgages:']",narrative,narrative
"['CLO/ABS—\xa0389\xa0910\xa0—\xa0—\xa01,299\n<BLK>', 'Total other bond securities', '<BLK>\n—\xa02,958\xa01,527\xa0—\xa0—\xa04,485']",table_row,table_row
"['Other—\xa0(25)(2)—\xa0(27)\n<BLK>', 'Balance at December 31, 2024:', '<BLK>\nGoodwill - gross4,285\xa02,003\xa0478\xa017\xa06,783']",table_row,table_row
"['Certain hedge funds, private equity funds, and other investment partnerships for which we have elected the fair value option are reported at fair value with changes in fair value recognized in Net investment income.\n<BLK>', 'Other Invested Assets – Equity Method Investments', '<BLK>\n<LONG>']",narrative,narrative
"['<LONG>\n<BLK>', '<LONG>', '<BLK>\n<LONG>']",narrative,narrative
"['Policyholder contract withdrawals(27,957)(20,722)(22,481)\n<BLK>', 'Issuance of long-term debt1,982\xa07,477\xa0107', '<BLK>\nIssuance of debt of consolidated investment entities225\xa0933\xa04,338']",table_row,table_row
"['Net increase (decrease) due to divestitures and acquisitions—\xa0—\xa0—\xa0(3,793)—\xa03,938\xa0145\xa02,524\xa02,669\n<BLK>', 'Contributions from noncontrolling interests—\xa0—\xa0—\xa0—\xa0—\xa0—\xa0—\xa049\xa049', '<BLK>\nDistributions to noncontrolling interests—\xa0—\xa0—\xa0—\xa0—\xa0—\xa0—\xa0(710)(710)']",table_row,table_row
"['CMBS—\xa0(15)(17)(32)\n<BLK>', 'CLO/ABS447\xa0(681)(207)(441)', '<BLK>\nTotal bonds available for sale584\xa0(778)(588)(782)']",table_row,table_row
"['Mortgage-backed, asset-backed and collateralized:\n<BLK>', 'RMBS8,820\xa0(6)209\xa0(419)8,604', '<BLK>\nCMBS3,988\xa0(3)32\xa0(91)3,926']",table_row,table_row
"['Crop Risk Services\n<BLK>', '<LONG>', '<BLK>\nSeparation of Life and Retirement Business and Relationship with Blackstone Inc.']",narrative,narrative
"['201793\xa0224\xa0294\xa0333\xa0367\xa0389\xa0395\xa0—\n<BLK>', '201885\xa0215\xa0296\xa0359\xa0388\xa0409\xa0—', '<BLK>\n201993\xa0219\xa0301\xa0347\xa0389\xa0—']",table_row,table_row
"['Other—\xa0—\xa0—\xa0233\xa0(18)—\xa0215\xa06\xa0221\n<BLK>', 'Balance, December 31, 2022$485\xa0$4,766\xa0$(56,473)$79,915\xa0$34,893\xa0$(22,616)$40,970\xa0$2,484\xa0$43,454', '<BLK>\nCommon stock issued under stock plans—\xa0—\xa0298\xa0(423)—\xa0—\xa0(125)—\xa0(125)']",table_row,table_row
"['Note 16.  Debt\n<BLK>', '•Long-term debt', '<BLK>\n•Debt of consolidated investment entities']",narrative,table_row
"['Equity contracts(444)487\xa0—\xa0(313)—\xa0(1)—\xa0(271)(246)—\n<BLK>', 'Credit contracts30\xa03\xa0—\xa0(1)—\xa0—\xa0(32)—\xa0(31)—', '<BLK>\nOther contracts(13)(65)—\xa064\xa0—\xa0—\xa0—\xa0(14)65\xa0—']",table_row,table_row
"['Subtotal - Net U.S., foreign, state and local deferred tax assets4,956\xa06,186\n<BLK>', 'Net foreign, state and local deferred tax liabilities(426)(347)', '<BLK>\nTotal AIG net deferred tax assets (liabilities)$4,530\xa0$5,839']",table_row,table_row
"['Note 21.Share-Based Compensation Plans\n<BLK>', '244', '<BLK>\nNote 22.Employee Benefits']",footer,table_row
"['(in millions, except for average crediting rate)\n<BLK>', 'Policyholder contract deposits account balance, beginning of year$89,554\xa0$43,395\xa0$10,224\xa0$11,734\xa0$3,587\xa0$158,494', '<BLK>\nDeposits18,188\xa05,352\xa01,632\xa03,813\xa044\xa029,029']",table_row,table_row
"['U.S. Personal Insurance8362,0482,884\n<BLK>', 'UK/Europe Casualty and Financial lines7,2801,9529,232', '<BLK>\nUK/Europe Property and Special Risks2,3551,7614,116']",table_row,table_row
"['The following is the aggregated summarized financial information of our equity method investees, including those for which the fair value option has been elected:\n<BLK>', 'Years Ended December 31,', '<BLK>\n(in millions)2024*20232022']",narrative,narrative
"['(d)Consists primarily of investments in securities or debt obligations that have a rating below investment grade.\n<BLK>', '(e)Excludes investments that are measured at fair value using the NAV per share (or its equivalent), which totaled $517\xa0million and $580\xa0million at December 31, 2023 and 2022, respectively.', '<BLK>\n(f)Comprised of private capital financing including private debt and private equity securities.']",narrative,narrative
"['There are limitations that should be considered on the reported claim count data in the tables below, including:\n<BLK>', '–Claim counts are presented only on a reported (not an ultimate) basis;', '<BLK>\n<LONG>']",narrative,narrative
"['Non-U.S. Plan Assets:\n<BLK>', 'Insurance contracts$132\xa0$6\xa0$—\xa0$—\xa0$—\xa0$—\xa0$—\xa0$—\xa0$138\xa0$—\xa0$—', '<BLK>\nTotal$132\xa0$6\xa0$—\xa0$—\xa0$—\xa0$—\xa0$—\xa0$—\xa0$138\xa0$—\xa0$—']",table_row,table_row
"['•Favorable development  in U.S. Property and Special Risks of $81\xa0million driven by more favorable crop experience than anticipated;\n<BLK>', '<LONG>', '<BLK>\n•Favorable development on UK/Europe Property and Special Risks of $153\xa0million driven by Global Specialty, primarily from accident years 2020 and 2021. This favorable experience was seen in each product line and in every region;']",narrative,narrative
"['AIG | 2023 Form 10-K\n<BLK>', '185', '<BLK>\n<BLK>']",footer,footer
"['Liabilities:\n<BLK>', 'Unearned premiums$65', '<BLK>\nFuture policy benefits 57,946']",table_row,table_row
"['Mortgage-backed, asset-backed and collateralized:\n<BLK>', 'RMBS100\xa07\xa093\xa07', '<BLK>\nCMBS43\xa03\xa033\xa02']",table_row,table_row
"['December 31, 2023December 31, 2022\n<BLK>', '(in millions)CarryingValueFairValueCarryingValueFairValueCorresponding Accounting Policy', '<BLK>\nFixed maturity securities - available for sale(a)']",table_row,table_row
"['(in millions)202320222021202320222021\n<BLK>', 'General Insurance$477\xa0$487\xa0$547\xa0$9\xa0$8\xa0$7', '<BLK>\nIndividual Retirement202\xa0224\xa0186\xa055\xa042\xa041']",table_row,table_row
"['Valuation and Qualifying Accounts for the years ended December 31, 2023, 2022 and 2021\n<BLK>', '275', '<BLK>\nAIG | 2023 Form 10-K']",footer,footer
"['CLO/ABS31,167\xa0—\xa0183\xa0(1,353)29,997\n<BLK>', 'Total mortgage-backed, asset-backed and collateralized67,421\xa0(69)1,050\xa0(3,833)64,569', '<BLK>\nTotal bonds available for sale(b)']",table_row,table_row
"['188\n<BLK>', 'AIG | 2024 Form 10-K', '<BLK>\n<BLK>']",footer,footer
"['Unaudited\n<BLK>', '2015$(401)$(456)$(313)$(301)$(281)$(262)$(252)$(282)$(273)$9', '<BLK>\n2016—\xa0—\xa0—\xa0—\xa0—\xa0—\xa0—\xa0—\xa0—\xa0—']",table_row,table_row
"['Changes in fair value of securities used to hedge guaranteed living benefits60\xa060\xa0—\xa0—\xa061\n<BLK>', 'Change in the fair value of market risk benefits, net(b)', '<BLK>\n—\xa0—\xa0—\xa0—\xa0447']",table_row,table_row
"['<LONG>\n<BLK>', 'Valuation of Certain Level 3 Fixed Maturity Securities', '<BLK>\n<LONG>']",narrative,narrative
"['HEDGE ACCOUNTING\n<BLK>', '<LONG>', '<BLK>\n<LONG>']",narrative,narrative
"['133\n<BLK>', 'Consolidated Statements of Cash Flows for the years ended December 31, 2023, 2022 and 2021', '<BLK>\n134']",table_row,table_row
"['Total$(697)$(787)$(589)$(523)$(526)$(475)$(478)$(496)$(18)\n<BLK>', 'Cumulative Paid Losses and Allocated Loss Adjustment Expenses, Net of Reinsurance from the table below298', '<BLK>\nLiabilities for losses and allocated loss adjustment expenses and prior year development before 2014, net of reinsurance(1,053)(6)']",table_row,table_row
"['The following table presents the impacts in connection with the adoption of LDTI on our previously reported Consolidated Statements of Comprehensive Income (Loss):\n<BLK>', 'Year Ended December 31, 2022Year Ended December 31, 2021', '<BLK>\nAsPreviouslyReportedEffect ofChangeUpdatedBalances Post-Adoption of LDTIAsPreviouslyReportedEffect ofChangeUpdatedBalances Post-Adoption of LDTI']",table_row,table_row
"['Favorable prior year development and related amortization changes ceded under retroactive reinsurance agreements—\xa0—\xa0—\xa0—\xa0186\n<BLK>', 'Net loss reserve discount benefit (charge)—\xa0—\xa0—\xa0—\xa0193', '<BLK>\nPension expense related to a one-time lump sum payment to former employees—\xa0—\xa0—\xa0—\xa0(34)']",table_row,table_row
"['<BLK>\n<BLK>', 'ITEM 8 | Notes to Consolidated Financial Statements | 5. Fair Value Measurements', '<BLK>\n<LONG>']",footer,footer
"['December 31, 2023Year Ending\n<BLK>', '(in millions)Total20242025202620272028Thereafter', '<BLK>\nDebt issued or guaranteed by AIG:']",table_row,table_row
"['•Institutional Markets – consists of stable value wrap products, structured settlement and pension risk transfer annuities, corporate- and bank-owned life insurance, high net worth products and guaranteed investment contracts (GICs).\n<BLK>', 'For further discussion on the ongoing separation of the Life and Retirement business from AIG and other recent activity, see Note 1.', '<BLK>\nOTHER OPERATIONS']",narrative,narrative
"['<LONG>\n<BLK>', 'Due to the deconsolidation of AIGFP and its subsidiaries, as of December 31, 2024, a $100\xa0million guarantee related to the obligations of AIGFP and certain of its subsidiaries was recognized, and is reported in Other liabilities.', '<BLK>\n<LONG>']",narrative,narrative
"['180\n<BLK>', 'AIG | 2023 Form 10-K', '<BLK>\n<BLK>']",footer,footer
"['Other bond securities:\n<BLK>', 'Corporate debt—\xa01\xa0—\xa044\xa0—\xa0—\xa0—\xa045\xa01\xa0—', '<BLK>\nRMBS65\xa04\xa0—\xa0(18)—\xa0—\xa0—\xa051\xa0(7)—']",table_row,table_row
"['20201,213\xa01,252\xa01,408\xa01,457\xa01,470\xa013\xa0260\xa010,461\xa0—\xa0—\xa01,470\xa0260\n<BLK>', '20211,430\xa01,408\xa01,388\xa01,316\xa0(72)700\xa07,226\xa0—\xa0—\xa01,316\xa0700', '<BLK>\n20221,130\xa01,108\xa01,105\xa0(3)857\xa05,939\xa0—\xa0—\xa01,105\xa0857']",table_row,table_row
"['Subtotal411\xa0525\n<BLK>', 'Subtotal - Net U.S., foreign, state and local deferred tax assets4,956\xa06,186', '<BLK>\nNet foreign, state and local deferred tax liabilities(426)(347)']",table_row,table_row
"['Service cost*$5\xa0$5\xa0$5\xa0$16\xa0$18\xa0$21\xa0$1\xa0$1\xa0$1\xa0$—\xa0$—\xa0$1\n<BLK>', 'Interest cost168\xa0109\xa092\xa020\xa010\xa09\xa06\xa04\xa03\xa02\xa01\xa02', '<BLK>\nExpected return on assets(193)(213)(243)(21)(17)(21)—\xa0—\xa0—\xa0—\xa0—\xa0—']",table_row,table_row
"['N/AN/A\n<BLK>', 'Rate of compensation increaseN/A(c)', '<BLK>\n2.42\xa0%N/AN/A']",table_row,table_row
"['(b)Does not reflect allowance for credit losses.\n<BLK>', 'The following table presents credit quality performance indicators for residential mortgages by year of vintage:', '<BLK>\nDecember 31, 202320232022202120202019PriorTotal']",narrative,narrative
"['Years Ended December 31, (in millions)\n<BLK>', 'December 31, 2024', '<BLK>\nAccident Year20152016201720182019202020212022202320242024Prior YearDevelopmentTotal of IBNRLiabilitiesPlus ExpectedDevelopment onReported LossesCumulativeNumber ofReportedClaims']",table_row,table_row
"['Reductions:\n<BLK>', 'Securities sold during the period(4)(2)(6)(3)(9)(12)—\xa0(45)(45)', '<BLK>\nAddition to (release of) the allowance for credit losses on securities that had an allowance recorded in a previous period, for which there was no intent to sell before recovery of amortized cost basis(3)13\xa010\xa0(1)(7)(8)(13)(46)(59)']",table_row,table_row
"['Estimated Fair ValueCarryingValue\n<BLK>', '(in millions)Level 1Level 2Level 3Total', '<BLK>\nDecember 31, 2023']",table_row,table_row
"['Total$232\xa0$2,468\xa0$11\xa0$2,711\xa0$212\xa0$384\xa0$138\xa0$734\n<BLK>', '(a)Includes passive and active U.S. equity strategies.', '<BLK>\n(b)Includes passive and active international equity strategies.']",narrative,narrative
"['Total*\n<BLK>', '213$1,267\xa0$1,223\xa0$518\xa0$460\xa0$247\xa0$121\xa0$3,836\xa0100\xa0%', '<BLK>\nAllowance for credit losses$9\xa0$75\xa0$36\xa0$7\xa0$9\xa0$2\xa0$138\xa04\xa0%']",table_row,table_row
"['Dynamic lapse multiplier(e)\n<BLK>', '20.00% - 186.18%', '<BLK>\nMortality multiplier(e)(f)']",table_row,table_row
"['$91,356\xa0$225,085\xa0$33,013\xa0$(3,864)$(2,220)$343,370\n<BLK>', 'Liabilities:', '<BLK>\nPolicyholder contract deposits$—\xa0$55\xa0$7,942\xa0$—\xa0$—\xa0$7,997']",table_row,table_row
"['•Current delinquency rates;\n<BLK>', '•Expected default rates and the timing of such defaults;', '<BLK>\n•Loss severity and the timing of any recovery; and']",narrative,narrative
"['<BLK>\n<BLK>', 'ITEM 8 | Notes to Consolidated Financial Statements | 4. Held-For-Sale Classification', '<BLK>\nThe following table summarizes the components of assets and liabilities held-for-sale on the Consolidated Balance Sheets at December 31, 2023 after elimination of intercompany balances:']",footer,footer
"['Total$(333)$(313)$(326)$(278)$(324)$(364)$(439)$(495)$(485)$10\n<BLK>', 'Cumulative Paid Losses and Allocated Loss Adjustment Expenses, Net of Reinsurance from the table below367', '<BLK>\nLiabilities for losses and allocated loss adjustment expenses and prior year development before 2015, net of reinsurance(396)(88)']",table_row,table_row
"['Venture capitalEarly-stage, high-potential, growth companies expected to generate a return through an eventual realization event, such as an initial public offering or sale of the company270\xa0141\xa0272\xa0183\n<BLK>', 'Growth equityFunds that make investments in established companies for the purpose of growing their businesses680\xa0117\xa0732\xa060', '<BLK>\nMezzanineFunds that make investments in the junior debt and equity securities of leveraged companies292\xa098\xa0598\xa0142']",table_row,table_row
"['*Certain contracts contain both guaranteed GMDB and GMWB features and are modeled together for the purposes of calculating the MRB.\n<BLK>', 'The following is a reconciliation of MRBs by amounts in an asset position and in a liability position to the MRBs amount in the Consolidated Balance Sheets:', '<BLK>\nDecember 31, 2023December 31, 2022']",narrative,narrative
"['Corporate debt45\xa0—\xa0—\xa0—\xa01\xa0(45)—\xa01\xa0—\xa0—\n<BLK>', 'RMBS51\xa01\xa0—\xa0(3)—\xa0(3)4\xa050\xa02\xa0—', '<BLK>\nCLO/ABS138\xa01\xa0—\xa04\xa02\xa0(32)—\xa0113\xa0(1)—']",table_row,table_row
"['Re-Attributionof ADCRecovery(b)\n<BLK>', 'Amortizationof DeferredGain atInceptionPrior YearDevelopmentAfterAmortizationandRe-attribution', ""<BLK>\nU.S. Workers' Compensation$(273)$(205)$(14)$(42)$(261)""]",table_row,table_row
"['International Commercial7,877\xa07,701\xa04,301\xa0938\xa0378\xa0945\xa01,139\n<BLK>', 'Global Personal6,736\xa07,195\xa03,888\xa01,214\xa0813\xa01,115\xa0165', '<BLK>\nTotal General Insurance$25,512\xa0$25,340\xa0$15,407\xa0$3,533\xa0$1,365\xa0$2,987\xa0$2,048\xa0$2,382\xa0$4,430']",table_row,table_row
"['>90 days delinquent or in process of foreclosure1—\xa0—\xa042\xa0—\xa0—\xa0—\xa042\xa01\n<BLK>', 'Total*', '<BLK>\n213$1,267\xa0$1,223\xa0$518\xa0$460\xa0$247\xa0$121\xa0$3,836\xa0100\xa0%']",table_row,table_row
"['Unaudited\n<BLK>', '2014$2,600\xa0$2,396\xa0$2,490\xa0$2,480\xa0$2,494\xa0$2,477\xa0$2,460\xa0$2,446\xa0$2,440\xa0$2,437\xa0$(3)$4\xa060,766\xa0$(52)$(2)$2,385\xa0$2', '<BLK>\n20152,567\xa02,506\xa02,489\xa02,492\xa02,466\xa02,471\xa02,479\xa02,490\xa02,493\xa03\xa04\xa059,513\xa0(100)(1)2,393\xa03']",table_row,table_row
"['Net transfers from (to) general account and other235\xa0(383)(2)53\xa0(97)\n<BLK>', 'Balance, end of year$45,178\xa0$34,361\xa0$799\xa0$4,515\xa0$84,853', '<BLK>\nCash surrender value*$44,124\xa0$34,169\xa0$777\xa0$4,518\xa0$83,588']",table_row,table_row
"['Distributions to noncontrolling interests—\xa0—\xa0—\xa0—\xa0—\xa0—\xa0—\xa0(682)(682)\n<BLK>', 'Other—\xa0—\xa0101\xa0273\xa03\xa0—\xa0377\xa07\xa0384', '<BLK>\nBalance, December 31, 2021$485\xa0$4,766\xa0$(51,618)$81,669\xa0$25,695\xa0$5,071\xa0$66,068\xa0$2,966\xa0$69,034']",table_row,table_row
"['20151,092\xa01,233\xa01,262\xa01,170\xa01,244\xa01,234\xa01,238\xa01,258\xa01,266\xa08\xa074\xa0113,865\n<BLK>', '20161,314\xa01,453\xa01,497\xa01,498\xa01,601\xa01,597\xa01,610\xa01,613\xa03\xa0100\xa0142,721', '<BLK>\n20171,343\xa01,323\xa01,252\xa01,321\xa01,381\xa01,366\xa01,408\xa042\xa0177\xa0149,665']",table_row,table_row
"['Policy charges(840)(477)(1,524)(67)(64)(2,972)\n<BLK>', 'Surrenders and withdrawals(14,025)(8,310)(256)(722)(93)(23,406)', '<BLK>\nBenefit payments(3,770)(2,518)(281)(2,405)(300)(9,274)']",table_row,table_row
"['Total\n<BLK>', '(in millions, except for liability durations)', '<BLK>\nPresent value of expected net premiums']",table_row,table_row
"['Effect of changes in cash flow assumptions(a)\n<BLK>', '—\xa0—\xa0193\xa0—\xa0(83)110', '<BLK>\nEffect of actual variances from expected experience(a)']",table_row,table_row
"['ITEM 8 | Notes to Consolidated Financial Statements | 18. Equity\n<BLK>', 'The Series A Preferred Stock does not have voting rights, except in limited circumstances, including in the case of certain dividend non-payments.', '<BLK>\n<LONG>']",narrative,narrative
"['AIG | 2023 Form 10-K\n<BLK>', '183', '<BLK>\n<BLK>']",footer,footer
"['1,388\xa0221\xa01,609\n<BLK>', 'Adjustments for the cumulative effect of the changes to our own credit risk between the original contract issuance date and the Transition Date(c)', '<BLK>\n2,140\xa0187\xa02,327']",table_row,table_row
"['Credit contracts\n<BLK>', '—\xa0—\xa031\xa0—\xa0—\xa031', '<BLK>\nCounterparty netting and cash collateral']",table_row,table_row
"['Net impact from elimination of international reporting lag—\xa03\xa0937\n<BLK>', 'Elimination and consolidations(3)(5)10', '<BLK>\nTotal Revenue$27,251\xa0$27,938\xa0$29,996']",table_row,table_row
"['AIG | 2024 Form 10-K\n<BLK>', '153', '<BLK>\n<BLK>']",footer,footer
"['Liabilities for losses and loss adjustment expenses and prior year development before accident year 2014, net of reinsurance37\xa02\n<BLK>', 'Unallocated loss adjustment expense prior year development—', '<BLK>\nLiabilities for losses and loss adjustment expenses and prior year loss development, net of reinsurance$1,483\xa0$(57)']",table_row,table_row
"['(14)(0.4)(18)(0.1)(18)(0.1)\n<BLK>', 'Uncertain tax positions(a)', '<BLK>\n162\xa04.2\xa0(17)(0.1)(9)(0.1)']",table_row,table_row
"['Changes in Level 3 Fair Value Measurements\n<BLK>', 'The following table presents changes in our U.S. and non-U.S. Level 3 plan assets measured at fair value:', '<BLK>\n<LONG>']",narrative,narrative
"['<LONG>\n<BLK>', 'POLICYHOLDER CONTRACT DEPOSITS', '<BLK>\n<LONG>']",narrative,narrative
"['•goodwill impairment.\n<BLK>', '<LONG>', '<BLK>\nAIG | 2024 Form 10-K']",narrative,narrative
"['Other, including foreign exchange—\xa0—\xa0(1)(1)\n<BLK>', 'Balance, end of year$1,693\xa0$2\xa0$116\xa0$1,811', '<BLK>\n*Represents Life and Retirement legacy insurance lines ceded to Fortitude Re. At December 31, 2023, 2022 and 2021, Other policyholder funds, excluding URR, totaled $1.5\xa0billion, $1.6\xa0billion and $1.7\xa0billion, respectively.']",table_row,table_row
"['—\xa0145\xa02,075\xa0—\xa0—\xa02,220\n<BLK>', 'Derivative assets(c):', '<BLK>\nInterest rate contracts1\xa03,410\xa0311\xa0—\xa0—\xa03,722']",table_row,table_row
"['AccidentYear201620172018201920202021202220232024Prior YearDevelopment\n<BLK>', 'Unaudited', '<BLK>\n2015$1,429$1,430$1,462$1,552$1,550$1,595$1,605$1,553$1,554\xa0$1']",table_row,table_row
"['Postretirement benefits are offered in certain non-U.S. countries and vary by geographic location.\n<BLK>', 'AIG | 2023 Form 10-K', '<BLK>\n247']",footer,footer
"['267\xa0273\n<BLK>', 'Validus notes and bonds payable—\xa0269', '<BLK>\nTotal AIG general borrowings10,338\xa011,775']",table_row,table_row
"['Unrealized gains (losses) recognized during the reporting period on equity securities and other investments still held at the reporting date$104\xa0$235\xa0$339\xa0$(37)$269\xa0$232\n<BLK>', '*Includes unrealized gains (losses) on AIG’s ownership interest in Corebridge and gain on sale of shares of $439\xa0million in the year ended December\xa031, 2024.', '<BLK>\nEVALUATING INVESTMENTS FOR AN ALLOWANCE FOR CREDIT LOSSES AND IMPAIRMENTS']",narrative,narrative
"['<LONG>\n<BLK>', 'There were no loans that had defaulted during the year ended December\xa031, 2023, that had been previously modified with borrowers experiencing financial difficulties.', '<BLK>\n<LONG>']",narrative,narrative
"['—\xa0—\xa0—\xa0—\xa0(997)—\xa0(997)—\xa0(997)\n<BLK>', 'Other comprehensive income—\xa0—\xa0—\xa0—\xa0—\xa04,641\xa04,641\xa01,299\xa05,940', '<BLK>\nNet increase (decrease) due to divestitures and acquisitions—\xa0—\xa0—\xa0(3,793)—\xa03,938\xa0145\xa02,524\xa02,669']",table_row,table_row
"['Guaranteed Benefits on Variable Annuities\n<BLK>', '<LONG>', '<BLK>\n<LONG>']",narrative,narrative
"['Total deferred tax assets6,503\xa07,950\n<BLK>', 'Deferred tax liabilities:', '<BLK>\nDeferred policy acquisition costs(278)(316)']",table_row,table_row
"['•Favorable development in U.S. Personal Insurance of $64\xa0million driven by favorable development on prior year catastrophes across several events primarily in the 2017-2020 accident years;\n<BLK>', 'AIG | 2023 Form 10-K', '<BLK>\n197']",footer,footer
"['Sales of alternative investments(16)—\xa0(16)29\xa0—\xa029\xa015\xa0—\xa015\n<BLK>', 'Other19\xa0(1)18\xa018\xa0(4)14\xa037\xa0—\xa037', '<BLK>\nNet realized losses – excluding Fortitude Re funds withheld embedded derivative(434)(39)(473)(734)(71)(805)(207)(99)(306)']",table_row,table_row
"['•Unfavorable development in U.S. Property and Special Risks of $172 million  driven largely by the impact of reductions in reinsurance recoveries driven by changes in catastrophe loss estimates.\n<BLK>', 'Our analyses and conclusions about prior year reserves also help inform our judgments about the current accident year loss and loss adjustment expense ratios we selected.', '<BLK>\n198']",narrative,narrative
"['Liabilities for losses and loss adjustment expenses and prior year loss development, net of reinsurance$(1)$(1)\n<BLK>', 'Cumulative Paid Losses and Allocated Loss Adjustment Expenses, Net of Reinsurance', '<BLK>\nYears Ended December 31, (in millions)']",narrative,narrative
"['Listed below are the tax years that remain subject to examination by major tax jurisdictions:\n<BLK>', 'At December 31, 2023Open Tax Years', '<BLK>\nMajor Tax Jurisdiction']",table_row,table_row
"['For additional information on index credits accounted for as embedded derivatives, see Note 5.\n<BLK>', 'Under a funding agreement-backed notes issuance program, an unaffiliated, non-consolidated statutory trust issues medium-term notes to investors, which are secured by funding agreements issued to the trust by one of our Life and Retirement companies through our Institutional Markets business.', '<BLK>\nThe following table presents the transition rollforward of Policyholder contract deposits account balances(a):']",narrative,narrative
"['<BLK>\n<BLK>', 'ITEM 8 | Notes to Consolidated Financial Statements | 13. Insurance Liabilities', '<BLK>\nU.S. Property and Special Risks']",footer,footer
"['18. Equity\n<BLK>', 'SHARES OUTSTANDING', '<BLK>\nPreferred Stock']",narrative,narrative
"['Consolidated Balance Sheets\n<BLK>', '(in millions, except for share data)December 31,2023December 31,2022', '<BLK>\nAssets:']",table_row,table_row
"['Total$505,521\xa0$9,392\xa0$4,685\xa0$14,077\n<BLK>', '(a)Comprised primarily of hedge funds and private equity funds.', '<BLK>\n<LONG>']",narrative,narrative
"['Allowance for credit losses$9\xa0$75\xa0$36\xa0$7\xa0$9\xa0$2\xa0$138\xa04\xa0%\n<BLK>', '*Does not reflect allowance for credit losses.', '<BLK>\nMETHODOLOGY USED TO ESTIMATE THE ALLOWANCE FOR CREDIT LOSSES']",narrative,table_row
"['20192,1772,1462,2112,2222,1772,198\xa021\n<BLK>', '20203,3913,3203,2803,2383,269\xa031', '<BLK>\n20212,3392,2132,1602,190\xa030']",table_row,table_row
"['Mortgage and other loans receivable$—\xa0$89\xa0$45,755\xa0$45,844\xa0$49,442\n<BLK>', 'Other invested assets—\xa0848\xa06\xa0854\xa0854', '<BLK>\nShort-term investments—\xa06,668\xa0—\xa06,668\xa06,668']",table_row,table_row
"['82\xa01\xa083\n<BLK>', 'Total$1,176\xa0$1,107\xa0$2,283', '<BLK>\n(in millions)Real Estate and']",table_row,table_row
"['Other Operations Run-Off(7)(7)—\xa0—\xa0(7)\n<BLK>', 'Other product lines(162)(172)—\xa0—\xa0(172)', '<BLK>\nSubtotal, adjusted pre-tax basis$(392)$(234)$—\xa0$(164)$(398)']",table_row,table_row
"['2021597570545\xa0(25)\n<BLK>', '2022523493\xa0(30)', '<BLK>\n2023500']",table_row,table_row
"['Years Ended December 31,\n<BLK>', '(in millions)20232022', '<BLK>\nIncrease (decrease) in unrealized appreciation (depreciation) of investments:']",table_row,table_row
"['Mortgage and other loans receivable$—\xa0$272\xa0$48,264\xa0$48,536\xa0$51,553\n<BLK>', 'Other invested assets—\xa0913\xa06\xa0919\xa0919', '<BLK>\nShort-term investments(a)']",table_row,table_row
"['U.S.$1,818\xa0$900\xa0$1,950\n<BLK>', 'Foreign2,052\xa01,967\xa01,822', '<BLK>\nTotal$3,870\xa0$2,867\xa0$3,772']",table_row,table_row
"['Corporate debt2,527\xa0Discounted cash flowYield4.98% - 9.36% (7.17%)\n<BLK>', 'RMBS(a)', '<BLK>\n5,235\xa0Discounted cash flowConstant prepayment rate4.89% - 10.49% (7.69%)']",table_row,table_row
"['Future policy benefits for life and accident and health insurance contracts(e)\n<BLK>', '56,878\xa010,486\xa067,364', '<BLK>\nPolicyholder contract deposits(e)']",table_row,table_row
"['<LONG>\n<BLK>', 'Non-U.S. Pension Plans', '<BLK>\nThe assets of the non-U.S. pension plans are held in various trusts in multiple countries and are invested primarily in equities and fixed maturity securities to maximize the long-term return on assets for a given level of risk.']",narrative,narrative
"['Junior subordinated debt4.88% - 8.18%\n<BLK>', '2037 - 2058', '<BLK>\n992\xa0991']",table_row,table_row
"['5. Fair Value Measurements\n<BLK>', 'FAIR VALUE MEASUREMENTS ON A RECURRING BASIS', '<BLK>\n<LONG>']",narrative,narrative
"['(in millions)Total VIEAssetsOn-BalanceSheet(c)\n<BLK>', 'Off-BalanceSheetTotal', '<BLK>\nDecember 31, 2023']",table_row,table_row
"['> 3% - 4%6,610\xa037\xa05\xa06,652\n<BLK>', '> 4% - 5%426\xa0—\xa04\xa0430', '<BLK>\n> 5%32\xa0—\xa03\xa035']",table_row,table_row
"['AIG general borrowings:\n<BLK>', 'Notes and bonds payable0% - 6.82%', '<BLK>\n2024 - 2055']",table_row,table_row
"['Net investment income on Fortitude Re funds withheld assets1,971\xa01,971\xa0—\xa0—\xa01,971\n<BLK>', 'Net realized gains (losses) on Fortitude Re funds withheld assets1,003\xa0—\xa0—\xa0—\xa01,003', '<BLK>\nNet realized gains (losses) on Fortitude Re funds withheld embedded derivative(603)—\xa0—\xa0—\xa0(603)']",table_row,table_row
"['Policy loans330\xa0330\xa0355\xa0355\xa0Amortized cost\n<BLK>', 'Short-term investments176\xa0176\xa075\xa075\xa0Fair value through net investment income', '<BLK>\nFunds withheld investment assets28,772\xa028,681\xa029,566\xa029,511']",table_row,table_row
"['Calendar Years Ended December 31, (in millions)\n<BLK>', 'AccidentYear201620172018201920202021202220232024Prior YearDevelopment', '<BLK>\nUnaudited']",table_row,table_row
"['Non-U.S. governments233\xa08,156\xa07\xa0—\xa0—\xa08,396\n<BLK>', 'Corporate debt—\xa032,023\xa0323\xa0—\xa0—\xa032,346', '<BLK>\nRMBS—\xa04,415\xa01,792\xa0—\xa0—\xa06,207']",table_row,table_row
"['Net income attributable to AIG or noncontrolling interests—\xa0—\xa0—\xa0—\xa010,227\xa0—\xa010,227\xa01,046\xa011,273\n<BLK>', 'Dividends on preferred stock ($1,462.50 per share)', '<BLK>\n—\xa0—\xa0—\xa0—\xa0(29)—\xa0(29)—\xa0(29)']",table_row,table_row
"['Direct$31,208\xa0$30,781\xa0$32,053\n<BLK>', 'Assumed3,947\xa07,050\xa07,137', '<BLK>\nCeded(11,618)(12,267)(12,425)']",table_row,table_row
"['<LONG>\n<BLK>', 'The discount for asbestos reserves has been fully accreted.', '<BLK>\n<LONG>']",narrative,narrative
"['Liabilities for losses and loss adjustment expenses and prior year development before accident year 2014, net of reinsurance271\xa027\xa0(223)48\n<BLK>', 'Unallocated loss adjustment expense prior year development17', '<BLK>\nLiabilities for losses and loss adjustment expenses and prior year loss development, net of reinsurance$6,186\xa0$94\xa0$(514)$5,672']",table_row,table_row
"['Accumulated impairments(1,145)(2,255)(67)(10)(3,477)\n<BLK>', 'Net goodwill2,646\xa01,188\xa0172\xa050\xa04,056', '<BLK>\nIncrease (decrease) due to:']",table_row,table_row
"['December 31, 2024\n<BLK>', 'Liabilities:', '<BLK>\nDerivative liabilities, net$—\xa0$41\xa0$41']",table_row,table_row
"['Interest$1,059\xa0$1,127\xa0$1,348\n<BLK>', 'Taxes$984\xa0$746\xa0$862', '<BLK>\nNon-cash investing activities:']",table_row,table_row
"['AIG | 2023 Form 10-K\n<BLK>', '159', '<BLK>\n<BLK>']",footer,footer
"['Note 15.Separate Account Assets and Liabilities\n<BLK>', '231', '<BLK>\nNote 16.Debt']",footer,table_row
"['<LONG>\n<BLK>', '<LONG>', '<BLK>\nPLEDGED INVESTMENTS']",narrative,narrative
"['2.43\xa0%N/AN/A\n<BLK>', 'December 31, 2023', '<BLK>\nDiscount rate4.98\xa0%2.85\xa0%4.97\xa0%5.37\xa0%']",table_row,table_row
"['Pursuant to an Exchange Act Rule 10b5-1 repurchase plan, from January\xa01, 2025 to February\xa07, 2025, we repurchased approximately 13\xa0million shares of AIG Common Stock for an aggregate purchase price of approximately $952\xa0million.\n<BLK>', 'DIVIDENDS DECLARED', '<BLK>\nOn February\xa011, 2025, our Board of Directors declared a cash dividend on AIG Common Stock of $0.40 per share, payable on March\xa031, 2025 to shareholders of record on March\xa017, 2025.']",narrative,narrative
"['(e)Excludes investments that are measured at fair value using the NAV per share (or its equivalent), which totaled $517\xa0million and $580\xa0million at December 31, 2023 and 2022, respectively.\n<BLK>', '(f)Comprised of private capital financing including private debt and private equity securities.', '<BLK>\n(g)Comprised of mutual fund investing in variety of equity, derivatives, and bonds.']",narrative,narrative
"['<LONG>\n<BLK>', '<LONG>', '<BLK>\nNon-redeemable noncontrolling interest is the portion of equity (net assets) and net income (loss) in a subsidiary not attributable, directly or indirectly, to AIG.']",narrative,narrative
"['Years Ended December 31, (in millions)\n<BLK>', 'December 31, 2023', '<BLK>\nAccident Year20142015201620172018201920202021202220232023Prior YearDevelopmentTotal of IBNRLiabilitiesPlus ExpectedDevelopment onReported LossesCumulativeNumber ofReportedClaims']",table_row,table_row
"['U.S. Property and Special Risks35.2\xa032.2\xa011.8\xa08.1\xa04.9\xa03.1\xa01.8\xa01.3\xa01.5\xa02.3\n<BLK>', 'U.S. Personal Insurance61.6\xa023.8\xa05.2\xa00.8\xa02.4\xa00.9\xa00.5\xa00.3\xa00.3\xa00.3', '<BLK>\nUK/Europe Casualty and Financial Lines5.6\xa014.3\xa012.2\xa011.3\xa09.3\xa010.3\xa06.1\xa04.9\xa03.7\xa02.1']",table_row,table_row
"['<LONG>\n<BLK>', '<LONG>', '<BLK>\nASSUMPTIONS']",narrative,narrative
"['Note 14.Debt\n<BLK>', '167', '<BLK>\nNote 15.Contingencies, Commitments and Guarantees']",table_row,table_row
"['<LONG>\n<BLK>', 'Interrelationships Between Unobservable Inputs', '<BLK>\n<LONG>']",narrative,narrative
"['<LONG>\n<BLK>', '<LONG>', '<BLK>\nLEASE COMMITMENTS']",narrative,narrative
"['Non-redeemable noncontrolling interests2,233\xa0251\xa02,484\n<BLK>', 'Total equity42,235\xa01,219\xa043,454', '<BLK>\nTotal liabilities and equity526,634\xa0(4,406)522,228']",table_row,table_row
"['Assets:\n<BLK>', 'Bonds available for sale$167\xa0$14\xa0$181', '<BLK>\nOther invested assets—\xa067\xa067']",table_row,table_row
"['Change in unrealized appreciation (depreciation) of investments(119)(47,647)—\xa0—\xa0—\xa0—\xa0—\xa0(47,766)\n<BLK>', 'Change in other—\xa0(12)—\xa0—\xa0—\xa0—\xa0—\xa0(12)', '<BLK>\nChange in fair value of market risk benefits, net—\xa0—\xa01,635\xa0—\xa0—\xa0—\xa0—\xa01,635']",table_row,table_row
"['Deferred profit liability2,236\n<BLK>', 'Other reconciling items(c)', '<BLK>\n2759']",table_row,table_row
"['Note 14.Market Risk Benefits\n<BLK>', '229', '<BLK>\nNote 15.Separate Account Assets and Liabilities']",footer,table_row
"['December 31, 2022\n<BLK>', 'Bonds available for sale:', '<BLK>\nU.S. government and government sponsored entities$7,094\xa0$—\xa0$21\xa0$(496)$6,619']",table_row,table_row
"['ITEM 8 | Notes to Consolidated Financial Statements | 7. Lending Activities\n<BLK>', 'NumberofLoansClassPercentofTotal', '<BLK>\n(dollars in millions)ApartmentsOfficesRetailIndustrialHotelOthersTotal']",table_row,table_row
"['Balance at January 1, 2022:\n<BLK>', 'Goodwill - gross$3,791\xa0$3,443\xa0$239\xa0$60\xa0$7,533', '<BLK>\nAccumulated impairments(1,145)(2,255)(67)(10)(3,477)']",table_row,table_row
"['24.00% - 180.00%\n<BLK>', 'Utilization(h)', '<BLK>\n60.00% - 97.50%']",table_row,table_row
"['Changes related to unrealized appreciation (depreciation) of investments302\xa0—\xa0302\xa0(1,824)—\xa0(1,824)(350)—\xa0(350)\n<BLK>', 'Balance, end of year3,731\xa055\xa03,786\xa03,300\xa055\xa03,355\xa04,952\xa055\xa05,007', '<BLK>\nLess: Reinsurance recoverable(164)—\xa0(164)(191)—\xa0(191)(200)—\xa0(200)']",table_row,table_row
"['237\n<BLK>', 'Note 19.Earnings Per Common Share (EPS)', '<BLK>\n241']",table_row,table_row
"['20171\xa045\xa0156\xa0505\xa0585\xa0676\xa0781\xa0—\n<BLK>', '20181\xa0125\xa0227\xa0315\xa0414\xa0494\xa0—', '<BLK>\n20197\xa043\xa079\xa0157\xa0216\xa0—']",table_row,table_row
"['Rate of compensation increaseN/A2.38\xa0%N/AN/A\n<BLK>', 'Expected return on assets6.25\xa0%2.67\xa0%—\xa0%N/A', '<BLK>\nFor the Year Ended December 31, 2022']",table_row,table_row
"['Total net realized gains (losses)(548)(1,078)827\n<BLK>', 'Other income7\xa06\xa034', '<BLK>\nTotal revenues27,251\xa027,938\xa029,996']",table_row,table_row
"['<LONG>\n<BLK>', 'The following table presents short-duration insurance premiums written and earned:', '<BLK>\nYears Ended December 31,']",narrative,narrative
"['Distributions to noncontrolling interests—\xa0—\xa0—\xa0—\xa0—\xa0—\xa0—\xa0(284)(284)\n<BLK>', 'Other—\xa0—\xa0—\xa0233\xa0(18)—\xa0215\xa06\xa0221', '<BLK>\nBalance, December 31, 2022$485\xa0$4,766\xa0$(56,473)$79,915\xa0$34,893\xa0$(22,616)$40,970\xa0$2,484\xa0$43,454']",table_row,table_row
"['Income from discontinued operations$—\xa0$—\xa0$—\n<BLK>', 'Net income (loss) attributable to AIG common shareholders$4.98\xa0$12.94\xa0$11.95', '<BLK>\nWeighted average shares outstanding:']",table_row,table_row
"['During 2023, we recognized favorable prior year loss reserve development of $392\xa0million excluding discount and amortization of deferred gain. The development was primarily driven by:\n<BLK>', '•Favorable development on U.S. Workers’ Compensation of $267\xa0million, net of external reinsurance but before ADC cessions due to a continuation of favorable loss cost trends in guaranteed cost and excess segments across most accident years;', '<BLK>\n•Favorable development on U.S. Excess Casualty of $32\xa0million, net of external reinsurance but before ADC cessions, driven by favorable development on the Excess Construction Runoff Portfolio;']",narrative,narrative
"['$88,685\xa0$40,210\xa0$9,026\xa0$2,583\xa0$1,712\xa0$142,216\n<BLK>', 'Year Ended December 31, 2022IndividualRetirementGroupRetirementLifeInsuranceInstitutionalMarketsOther(d)', '<BLK>\nTotal']",table_row,table_row
"['ITEM 8 | Notes to Consolidated Financial Statements | 6. Investments\n<BLK>', '6. Investments', '<BLK>\nFIXED MATURITY SECURITIES']",narrative,narrative
"['December 31, 2023\n<BLK>', 'Bonds available for sale:', '<BLK>\nNon-U.S. governments$—\xa0$277\xa0$—\xa0$—\xa0$—\xa0$277']",table_row,table_row
"['Obligations of states, municipalities and political subdivisions\n<BLK>', '—\xa03,140\xa03\xa0—\xa0—\xa03,143', '<BLK>\nNon-U.S. governments161\xa07,939\xa07\xa0—\xa0—\xa08,107']",table_row,table_row
"['Total$4,599\xa0$1,140\xa0$1,663\xa0$7,402\n<BLK>', 'Total*$66,064\xa0$5,522\xa0$31,351\xa0$102,937', '<BLK>\nPercentage of total65\xa0%5\xa0%30\xa0%100\xa0%']",table_row,table_row
"['<LONG>\n<BLK>', 'For additional information related to embedded derivatives, see Note 11.', '<BLK>\nAdditionally, we elect the fair value option for certain alternative investments when such investments are eligible for this election. We believe this measurement basis is consistent with the applicable accounting guidance used by the respective investment company funds themselves.']",narrative,narrative
"['Fixed maturity securities:\n<BLK>', 'U.S. investment grade(c)', '<BLK>\n24\xa02,230\xa010\xa02,264\xa0—\xa0—\xa0—\xa0—']",table_row,table_row
"['2024 - 2051\n<BLK>', '$2,591\xa0$5,880', '<BLK>\nTotal debt$22,387\xa0$27,179']",table_row,table_row
"['(357)(9.3)(25)(0.2)718\xa05.4\n<BLK>', 'Consolidated total amounts', '<BLK>\n3,858\xa0(20)(0.5)14,298\xa03,025\xa021.2\xa0$13,347\xa02,441\xa018.3']",table_row,table_row
"['Total Corebridge debt9,368\xa09,368\n<BLK>', 'GIAs, at fair value - supported by Corebridge assets(b)', '<BLK>\n4.88% - 5.04%']",table_row,table_row
"['2019—\xa0—\xa0—\xa0—\xa0—\xa0—\xa0—\xa0—\xa0—\n<BLK>', '2020—\xa0—\xa0—\xa0—\xa0—\xa0—\xa0—\xa0—\xa0—', '<BLK>\n2021—\xa0—\xa0—\xa0—\xa0—\xa0—\xa0—\xa0—\xa0—']",table_row,table_row
"['Integration and transaction costs associated with acquiring or divesting businesses—\xa0—\xa0—\xa0—\xa0(194)\n<BLK>', 'Restructuring and other costs—\xa0—\xa0—\xa0—\xa0(570)', '<BLK>\nNon-recurring costs related to regulatory or accounting changes—\xa0—\xa0—\xa0—\xa0(37)']",table_row,table_row
"['Change in unrealized appreciation (depreciation) of fixed maturity securities on which allowance for credit losses was taken(87)(7)(94)35\xa09\xa044\n<BLK>', 'Change in unrealized appreciation (depreciation) of all other investments(32,775)(5,633)(38,408)(6,001)(1,150)(7,151)', '<BLK>\nChange in fair value of market risk benefits attributable to changes in our own credit risk—\xa01,294\xa01,294\xa0—\xa0179\xa0179']",table_row,table_row
"['Cumulative Paid Losses and Allocated Loss Adjustment Expenses, Net of Reinsurance from the table below(5,241)\n<BLK>', 'Liabilities for losses and allocated loss adjustment expenses and prior year development before 2015, net of reinsurance381\xa037', '<BLK>\nUnallocated loss adjustment expense prior year adjustment(4)']",table_row,table_row
"['<LONG>\n<BLK>', 'The following table presents the computation of basic and diluted EPS:', '<BLK>\nYears Ended December 31,']",narrative,narrative
"['To the Board of Directors and Shareholders of American International Group, Inc.\n<BLK>', 'Opinions on the Financial Statements and Internal Control over Financial Reporting', '<BLK>\n<LONG>']",narrative,narrative
"['<BLK>\n<BLK>', 'ITEM 8 | Notes to Consolidated Financial Statements | 21. Share-Based Compensation Plans', '<BLK>\nThe following weighted-average assumptions were used for stock options granted:']",footer,footer
"['Equity contracts\n<BLK>', '—\xa018\xa048\xa0—\xa0—\xa066', '<BLK>\nCredit contracts']",table_row,table_row
"['Change in other—\xa018\xa0—\xa0—\xa0—\xa0—\xa0—\xa018\n<BLK>', 'Change in fair value of market risk benefits, net—\xa0—\xa0130\xa0—\xa0—\xa0—\xa0—\xa0130', '<BLK>\nChange in discount rates—\xa0—\xa0—\xa0946\xa0—\xa0—\xa0—\xa0946']",table_row,table_row
"['Total AIG net deferred tax assets (liabilities)$4,530\xa0$5,839\n<BLK>', '188', '<BLK>\nAIG | 2024 Form 10-K']",footer,footer
"['Consolidated Statements of Comprehensive Income (Loss) for the years ended December 31, 2023, 2022 and 2021\n<BLK>', '132', '<BLK>\nConsolidated Statements of Equity for the years ended December 31, 2023, 2022 and 2021']",footer,table_row
"['$5,625$146$401$4,557$521\n<BLK>', '*Discount Note Advance (DNA) Auction is based on either a 4-Week or 3-Month tenor, depending on contractual terms of each borrowing.', '<BLK>\nAIG | 2023 Form 10-K']",narrative,narrative
"['CHANGES IN LEVEL 3 RECURRING FAIR VALUE MEASUREMENTS\n<BLK>', '<LONG>', '<BLK>\n<LONG>']",narrative,narrative
"['Other Invested Assets\n<BLK>', '<LONG>', '<BLK>\n<LONG>']",narrative,narrative
"['Common stock issued under stock plans—\xa0—\xa0294\xa0(368)—\xa0—\xa0(74)—\xa0(74)\n<BLK>', 'Purchase of common stock—\xa0—\xa0(5,149)—\xa0—\xa0—\xa0(5,149)—\xa0(5,149)', '<BLK>\nNet income attributable to AIG or noncontrolling interests—\xa0—\xa0—\xa0—\xa010,227\xa0—\xa010,227\xa01,046\xa011,273']",table_row,table_row
"['Change in fair value of liabilities under fair value option attributable to changes in own credit risk—\xa0—\xa0—\xa0—\xa0—\xa0—\xa0(6)(6)\n<BLK>', 'Total other comprehensive loss(94)(38,408)1,294\xa05,544\xa0(613)(20)(6)(32,303)', '<BLK>\nAdd: Corebridge noncontrolling interests—\xa02,485\xa011\xa0(393)14\xa0(1)—\xa02,116']",table_row,table_row
"['Mortgage and other asset-backed securities—\xa043\xa05\xa048\xa0—\xa0—\xa0—\xa0—\n<BLK>', 'Other investment types(e):', '<BLK>\nFutures(15)—\xa0—\xa0(15)—\xa0—\xa0—\xa0—']",table_row,table_row
"['2023677668\xa0(9)\n<BLK>', '2024604', '<BLK>\nTotal$3,012\xa0$4,886\xa0$7,330\xa0$8,813\xa0$9,851\xa0$10,187\xa0$10,668\xa0$11,276\xa0$11,854\xa0$(26)']",table_row,table_row
"['171\n<BLK>', 'Note 17.Earnings Per Common Share (EPS)', '<BLK>\n174']",table_row,table_row
"['AIG Japan Holdings Kabushiki Kaisha(a)\n<BLK>', '267\xa0—\xa0267\xa0—\xa0—\xa0—\xa0—', '<BLK>\nTotal AIG general borrowings10,338\xa0459\xa0413\xa0268\xa0905\xa0340\xa07,953']",table_row,table_row
"['<LONG>\n<BLK>', 'Life insurance policy loans are carried at unpaid principal balances. There is no allowance for policy loans because these loans serve to reduce the death benefit paid when the death claim is made and the balances are effectively collateralized by the cash surrender value of the policy.', '<BLK>\nThe following table presents the composition of Mortgage and other loans receivable, net:']",narrative,narrative
"['Paid Impact\n<BLK>', 'of ADC', '<BLK>\nAccident Year2015201620172018201920202021202220232024']",table_row,table_row
"['Change in other comprehensive income (loss) related to discontinued operations(945)3,401\xa0(25,235)\n<BLK>', 'Change in fair value of liabilities under fair value option attributable to changes in our own credit risk—\xa0—\xa0(6)', '<BLK>\nCorebridge Deconsolidation7,214\xa0—\xa0—']",table_row,table_row
"[""Our Life and Retirement companies' net borrowing capacity under such facilities with FHLB of Dallas and FHLB of New York as of December 31, 2023 is $3.7\xa0billion. As of December 31, 2023, we pledged $8.7\xa0billion as collateral to the FHLB, including assets backing funding agreements.\n<BLK>"", 'The life insurance companies issued the following funding agreements to the FHLB of Dallas and FHLB of New York; these obligations are reported in Policyholder contract deposits in the Consolidated Balance Sheets:', '<BLK>\nThe following table presents details concerning our funding agreements as of December 31, 2023:']",narrative,narrative
"['•Mortgage and other loans receivable – net of allowance\n<BLK>', 'Note 8.  Reinsurance', '<BLK>\n•Reinsurance assets – net of allowance']",narrative,narrative
"['NumberofLoansClassPercentofTotal\n<BLK>', '(dollars in millions)ApartmentsOfficesRetailIndustrialHotelOthersTotal', '<BLK>\nDecember 31, 2023']",table_row,table_row
"['Valuation of Insurance Liabilities - Unpaid Losses and Loss Adjustment Expenses (Loss Reserves), Net of Reinsurance\n<BLK>', '<LONG>', '<BLK>\n<LONG>']",narrative,narrative
"['<BLK>\n<BLK>', 'ITEM 8 | Notes to Consolidated Financial Statements | 3. Segment Information', '<BLK>\nThe following table presents AIG’s continuing operations by segment:']",footer,footer
"['Total revenues46,802\xa054,450\xa052,157\n<BLK>', 'Benefits, losses and expenses:', '<BLK>\nPolicyholder benefits and losses incurred (including remeasurement losses of $342, $304 and $247 for the years ended December 31, 2023, 2022 and 2021, respectively)']",table_row,table_row
"['CMBS22\xa0Discounted cash flowYield9.84% - 17.24% (13.54%)\n<BLK>', '<LONG>', '<BLK>\n(b)Represents discount rates, estimates and assumptions that we believe would be used by market participants when valuing these assets and liabilities.']",narrative,narrative
"['Other(d)\n<BLK>', '9\xa00.3\xa0150\xa05.2\xa0184\xa04.8', '<BLK>\nValuation allowance(e)']",table_row,table_row
"['<LONG>\n<BLK>', '188', '<BLK>\nAIG | 2023 Form 10-K']",footer,footer
"['Total100\xa0%100\xa0%100\xa0%\n<BLK>', '<LONG>', '<BLK>\nNon-U.S. Pension Plans']",narrative,narrative
"['EMPLOYEE PLANS\n<BLK>', '<LONG>', '<BLK>\nOur share-settled awards are settled with previously acquired shares held in AIG’s treasury.']",narrative,narrative
"['Restricted cash included in Other assets*45\xa033\xa032\n<BLK>', 'Total cash and restricted cash shown in the Consolidated Statements of Cash Flows$2,204\xa0$2,216\xa0$2,427', '<BLK>\nCash paid during the period for:']",table_row,table_row
"['Unaudited\n<BLK>', '2014$1,439\xa0$1,470\xa0$1,431\xa0$1,460\xa0$1,450\xa0$1,426\xa0$1,387\xa0$1,382\xa0$1,360\xa0$1,349\xa0$(11)$(2)48,030', '<BLK>\n20151,552\xa01,469\xa01,531\xa01,463\xa01,444\xa01,434\xa01,421\xa01,455\xa01,442\xa0(13)7\xa054,639']",table_row,table_row
"['(in millions)AdjustedRevenuesNetInvestmentIncomeInterestExpenseAmortizationof DACAdjustedPre-taxIncome(Loss)\n<BLK>', '2023', '<BLK>\nGeneral Insurance']",table_row,table_row
"['> 2% - 3%13,968\xa03\xa0—\xa013,971\n<BLK>', '> 3% - 4%666\xa0—\xa0—\xa0666', '<BLK>\n> 4% - 5%6,843\xa0—\xa0—\xa06,843']",table_row,table_row
"['<LONG>\n<BLK>', '12. Goodwill and Other Intangible Assets', '<BLK>\n<LONG>']",narrative,narrative
"['ITEM 8 | Notes to Consolidated Financial Statements | 10. Variable Interest Entities\n<BLK>', 'The following table presents total assets of unconsolidated VIEs in which we hold a variable interest, as well as our maximum exposure to loss associated with these VIEs:', '<BLK>\nMaximum Exposure to Loss']",narrative,narrative
"['(a)The dividend yield is the last dividend from Bloomberg times 4 divided by stock price based on Bloomberg Professional service as of the valuation date.\n<BLK>', '(b)The expected volatility is based on the implied volatility of 24 months stock option estimated by the Bloomberg Professional service as of the valuation date.', '<BLK>\n<LONG>']",narrative,narrative
"['•fair value measurements of certain financial assets and financial liabilities; and\n<BLK>', '•income taxes, in particular the recoverability of our deferred tax asset and establishment of provisions for uncertain tax positions.', '<BLK>\n<LONG>']",narrative,narrative
"['<BLK>\n<BLK>', 'ITEM 8 | Notes to Consolidated Financial Statements | 18. Equity', '<BLK>\nNONCONTROLLING INTEREST']",footer,footer
"['13. Insurance Liabilities\n<BLK>', 'LIABILITY FOR UNPAID LOSSES AND LOSS ADJUSTMENT EXPENSES (LOSS RESERVES)', '<BLK>\n<LONG>']",narrative,narrative
"['(a)Gains and losses on derivative instruments designated and qualifying in fair value hedges that are included in the assessment of hedge effectiveness.\n<BLK>', '(b)Gains and losses on derivative instruments designated and qualifying in fair value hedges that are excluded from the assessment of hedge effectiveness and recognized in income on a mark-to-market basis.', '<BLK>\nDERIVATIVES NOT DESIGNATED AS HEDGING INSTRUMENTS']",narrative,narrative
"['Long-term debt—\xa07,981\xa0240\xa08,221\xa08,764\n<BLK>', 'Debt of consolidated investment entities—\xa0—\xa0158\xa0158\xa0158', '<BLK>\nEstimated Fair ValueCarryingValue']",table_row,table_row
"['Diluted687,961,518\xa0744,099,186\xa0666,955,168\xa0730,547,112\xa0647,365,442\xa0718,727,312\xa0627,289,135\xa0708,033,686\n<BLK>', '23. Subsequent Events', '<BLK>\nCALIFORNIA WILDFIRES']",narrative,table_row
"['North America Commercial$8,172\xa0$10,233\xa0$10,444\n<BLK>', 'International Commercial8,145\xa07,964\xa07,701', '<BLK>\nGlobal Personal7,140\xa06,894\xa07,195']",table_row,table_row
"['Asset class:\n<BLK>', 'Equity securities9\xa0%13\xa0%8\xa0%', '<BLK>\nFixed maturity securities80\xa072\xa077']",table_row,table_row
"['Change in deferred tax asset (liability)(6)(1,074)151\xa0174\xa0(35)(42)—\xa0(832)\n<BLK>', 'Total other comprehensive income14\xa07,134\xa0(544)(871)102\xa0105\xa0—\xa05,940', '<BLK>\nAdd: Corebridge noncontrolling interests13\xa04,524\xa0153\xa0(732)(18)(2)—\xa03,938']",table_row,table_row
"['Total$5,435\xa0$(194)\n<BLK>', 'AIG | 2024 Form 10-K', '<BLK>\n155']",footer,footer
"['Accident Year20152016201720182019202020212022202320242024Prior YearDevelopmentTotal of IBNRLiabilitiesPlus ExpectedDevelopment onReported LossesCumulativeNumber ofReportedClaims\n<BLK>', 'Unaudited', '<BLK>\n2015$1,516\xa0$1,472\xa0$1,457\xa0$1,431\xa0$1,410\xa0$1,400\xa0$1,388\xa0$1,421\xa0$1,407\xa0$1,399\xa0$(8)$3\xa054,684']",table_row,table_row
"['<BLK>\n<BLK>', 'ITEM 8 | Notes to Consolidated Financial Statements | 5. Fair Value Measurements', '<BLK>\nMRBs and Embedded Derivatives within Policyholder Contract Deposits']",footer,footer
"['Deferred tax liabilities:\n<BLK>', 'Investments in foreign subsidiaries—\xa0(41)', '<BLK>\nDeferred policy acquisition costs(1,853)(1,847)']",table_row,table_row
"['Other Invested Assets – Equity Method Investments\n<BLK>', '<LONG>', '<BLK>\nSummarized Financial Information of Equity Method Investees']",narrative,narrative
"['We have accrued our current estimate of probable loss with respect to these litigation matters.\n<BLK>', 'LEASE COMMITMENTS', '<BLK>\n<LONG>']",narrative,narrative
"['ITEM 8 | Notes to Consolidated Financial Statements | 13. Insurance Liabilities\n<BLK>', 'The following table presents the rollforward of activity in loss reserves:', '<BLK>\nYears Ended December 31,']",narrative,narrative
"['(b)Represents discount rates, estimates and assumptions that we believe would be used by market participants when valuing these assets and liabilities.\n<BLK>', '<LONG>', '<BLK>\n<LONG>']",narrative,narrative
"['<LONG>\n<BLK>', '<LONG>', '<BLK>\n<LONG>']",narrative,narrative
"['Total$8,084\xa0$(42)$(846)$7,238\n<BLK>', 'Cumulative Paid Losses and Allocated Loss Adjustment Expenses, Net of Reinsurance from the table below(4,724)—\xa0251\xa0(4,473)', '<BLK>\nLiabilities for losses and loss adjustment expenses and prior year development before accident year 2014, net of reinsurance2,044\xa0(75)(1,488)556']",table_row,table_row
"['Mortgage and other loans receivable—\xa02,221\xa02,221\n<BLK>', 'Other invested assets', '<BLK>\nAlternative investments(a)']",table_row,table_row
"['Assets:\n<BLK>', 'Mortgage and other loans receivable$—\xa0$272\xa0$48,264\xa0$48,536\xa0$51,553', '<BLK>\nOther invested assets—\xa0913\xa06\xa0919\xa0919']",table_row,table_row
"['The following table presents a reconciliation of the beginning and ending balances of the total amounts of gross unrecognized tax benefits, excluding interest and penalties:\n<BLK>', 'Years Ended December 31,', '<BLK>\n(in millions)202320222021']",table_row,table_row
"['(c)Presented as part of Other assets and Other liabilities on the Consolidated Balance Sheets.\n<BLK>', '(d)Excludes $15\xa0million of assets reclassified to Assets held for sale on the Consolidated Balance Sheets at December 31, 2023.', '<BLK>\nCHANGES IN LEVEL 3 RECURRING FAIR VALUE MEASUREMENTS']",narrative,narrative
"['2021597\xa0570\xa0545\xa0514\xa0(31)212\xa011,293\xa0—\xa0—\xa0514\xa0212\n<BLK>', '2022523\xa0493\xa0464\xa0(29)209\xa09,829\xa0—\xa0—\xa0464\xa0209', '<BLK>\n2023500\xa0465\xa0(35)273\xa08,954\xa0—\xa0—\xa0465\xa0273']",table_row,table_row
"['Foreign exchange contracts\n<BLK>', '—\xa01,138\xa0—\xa0—\xa0—\xa01,138', '<BLK>\nEquity contracts']",table_row,table_row
"['SHARES OUTSTANDING\n<BLK>', 'Preferred Stock', '<BLK>\n<LONG>']",narrative,narrative
"['Other assets45\xa0—\xa0—\xa045\xa045\n<BLK>', 'Liabilities:', '<BLK>\nPolicyholder contract deposits associated with investment-type contracts—\xa090\xa0130,094\xa0130,184\xa0140,652']",table_row,table_row
"['The following table provides our attribution of our reinsurance recoverable for the ADC only (included in the table above):\n<BLK>', 'Calendar Years Ended December 31, (in millions)', '<BLK>\nAccidentYear201620172018201920202021202220232024Prior YearDevelopment']",narrative,table_row
"['ITEM 8 | Notes to Consolidated Financial Statements | 8. Reinsurance\n<BLK>', '<LONG>', '<BLK>\n<LONG>']",narrative,narrative
"['<LONG>\n<BLK>', '3. Segment Information', '<BLK>\nWe report our results of operations consistent with the manner in which our chief operating decision makers review the business to assess performance and allocate resources, as follows:']",narrative,narrative
"['2037 - 2058\n<BLK>', '602\xa0992', '<BLK>\nAIG Japan Holdings Kabushiki Kaisha0.27% - 0.73%']",table_row,table_row
"['978\xa041\xa0—\xa0—\xa0127\n<BLK>', 'Revenues and pre-tax income$54,450\xa0$11,767\xa0$1,125\xa0$4,557\xa0$14,299', '<BLK>\n146']",table_row,table_row
"['Redemption of preferred stock(485)—\xa0—\n<BLK>', 'Dividends on preferred stock and preferred stock redemption premiums(22)(29)(29)', '<BLK>\nDividends on common stock(1,002)(997)(982)']",table_row,table_row
"['Expenses(a)(b)\n<BLK>', 'UnderwritingIncome(Loss)NetInvestmentIncomeReconciliationto Income(Loss) fromContinuingOperationsBeforeIncome TaxExpense', '<BLK>\n2022']",table_row,table_row
"['Total debt issued or guaranteed by AIG10,375\xa011,874\n<BLK>', 'Corebridge debt:', '<BLK>\nCRBGLH notes and bonds payable(a)']",table_row,table_row
"['Utilization(h)\n<BLK>', '90.00% - 97.50%', '<BLK>\nNPA(g)']",table_row,table_row
"['(a)Excludes discontinued operations and other divested businesses.\n<BLK>', '(b)The 2024 statutory net income and capital and surplus reflect our best estimate as of the date of AIG’s Form 10-K filing.', '<BLK>\n<LONG>']",narrative,narrative
"['The following table presents the components of the net deferred tax assets (liabilities):\n<BLK>', 'December 31,', '<BLK>\n(in millions)20232022']",table_row,table_row
"['Change in net actuarial loss—\xa0—\xa0—\xa0—\xa0—\xa0143\xa0—\xa0143\n<BLK>', 'Change in prior service cost—\xa0—\xa0—\xa0—\xa0—\xa04\xa0—\xa04', '<BLK>\nChange in deferred tax asset (liability)(6)(1,074)151\xa0174\xa0(35)(42)—\xa0(832)']",table_row,table_row
"['Net income (loss) attributable to AIG common shareholders10,247\xa0(49)10,198\xa09,359\xa0979\xa010,338\n<BLK>', 'Income (loss) per common share attributable to AIG common shareholders:', '<BLK>\nCommon stock - Basic13.16\xa0(0.06)13.10\xa010.95\xa01.15\xa012.10']",table_row,table_row
"['(in millions)\n<BLK>', 'Corebridge pre-tax income$1,574', '<BLK>\nEquity method income (loss) related to Corebridge (based on fair value)$601']",table_row,table_row
"['U.S. PlansNon-U.S. PlansU.S. PlansNon-U.S. Plans\n<BLK>', '(in millions)202320222021202320222021202320222021202320222021', '<BLK>\nComponents of net periodic benefit cost:']",table_row,table_row
"['AIG | 2024 Form 10-K\n<BLK>', '143', '<BLK>\n<BLK>']",footer,footer
"['<LONG>\n<BLK>', 'Fixed Maturity Securities', '<BLK>\nWhenever available, we obtain quoted prices in active markets for identical assets at the balance sheet date to measure fixed maturity securities at fair value. Market price data is generally obtained from dealer markets.']",narrative,narrative
"['<BLK>\n<BLK>', 'ITEM 8 | Notes to Consolidated Financial Statements | 6. Investments', '<BLK>\nContractual Maturities of Fixed Maturity Securities Available for Sale']",footer,footer
"['Other Operations(122)(1,000)\n<BLK>', 'Elimination and consolidations14\xa063', '<BLK>\nTotal2,274\xa02,869']",table_row,table_row
"['4. Held-For-Sale Classification\n<BLK>', 'HELD-FOR-SALE CLASSIFICATION', '<BLK>\n<LONG>']",narrative,narrative
"['North America$13,031\xa0$14,701\xa0$15,163\n<BLK>', 'International14,220\xa013,237\xa014,833', '<BLK>\nConsolidated$27,251\xa0$27,938\xa0$29,996']",table_row,table_row
"['269\n<BLK>', 'SCHEDULE II', '<BLK>\nCondensed Financial Information of Registrant at December 31, 2023 and 2022 and for the years ended December 31, 2023, 2022 and 2021']",table_row,table_row
"['•Favorable development on UK/Europe and Japan Personal Insurance of $111\xa0million driven by Japan Auto and A&H business with additional favorable experience in UK and Europe; and\n<BLK>', '•Favorable development of $264\xa0million in total on other product lines, net of external reinsurance but before ADC cessions, driven by runoff construction business and favorable results from our Canadian business across most products.', '<BLK>\nDuring 2021, we recognized favorable prior year loss reserve development of $171 million excluding discount and amortization of deferred gain. The development was primarily driven by:']",narrative,narrative
"['ITEM 8 | Notes to Consolidated Financial Statements | 8. Reinsurance\n<BLK>', 'The following table provides supplemental information for loss and benefit reserves, gross and net of ceded reinsurance:', '<BLK>\nAt December 31,20232022']",narrative,narrative
"['Listed below are the tax years that remain subject to examination by major tax jurisdictions:\n<BLK>', 'At December 31, 2024Open Tax Years', '<BLK>\nMajor Tax Jurisdiction']",table_row,table_row
"['7.57% - 8.50%\n<BLK>', '2030 - 2046', '<BLK>\n227\xa0227']",table_row,table_row
"['<LONG>\n<BLK>', 'The following table summarizes outstanding share-settled LTI awards(a):', '<BLK>\nNumber of UnitsWeighted Average Grant-Date Fair Value']",narrative,narrative
"['Liability for unpaid losses and loss adjustment expenses$(69,168)$(40,032)$(70,393)$(39,994)\n<BLK>', 'Future policy benefits(1,317)(591)(1,467)(644)', '<BLK>\nReserve for unearned premiums(17,232)(12,928)(17,375)(13,105)']",table_row,table_row
"['2014$795\xa0$1,545\xa0$1,869\xa0$2,073\xa0$2,207\xa0$2,293\xa0$2,329\xa0$2,352\xa0$2,362\xa0$2,418\xa0$(20)\n<BLK>', '2015844\xa01,572\xa01,878\xa02,121\xa02,240\xa02,308\xa02,344\xa02,391\xa02,457\xa0(67)', '<BLK>\n2016821\xa01,747\xa02,076\xa02,296\xa02,464\xa02,539\xa02,616\xa02,647\xa0—']",table_row,table_row
"['<LONG>\n<BLK>', 'Plan Assets', '<BLK>\n<LONG>']",narrative,narrative
"['(in millions)December 31, 2023December 31, 2022\n<BLK>', 'Fixed maturity securities available for sale$2,723$2,968', '<BLK>\nAt December 31, 2023 and 2022, amounts borrowed under repurchase and securities lending agreements totaled $2.6\xa0billion and $3.1\xa0billion, respectively.']",table_row,table_row
"['December 31, 2024\n<BLK>', '<LONG>', '<BLK>\nUnaudited']",table_row,table_row
"['ITEM 8 | Financial Statements and Supplementary Data\n<BLK>', 'AMERICAN INTERNATIONAL GROUP, INC.', '<BLK>\nREFERENCE TO FINANCIAL STATEMENTS AND SCHEDULES']",narrative,narrative
"['DEBT CASH TENDER OFFERS AND REDEMPTIONS\n<BLK>', '<LONG>', '<BLK>\n•Repaid £311\xa0million aggregate principal amount of our 5.00% Notes due 2023, which was equivalent to approximately $388\xa0million at the time of repayment.']",narrative,narrative
"['Liabilities(170)(183)(165)(167)(87)(97)(30)(31)\n<BLK>', 'Total amounts recognized$14\xa0$(73)$(43)$(70)$(87)$(97)$(30)$(31)', '<BLK>\nPre-tax amounts recognized in AOCI:']",table_row,table_row
"['Debt of consolidated investment entities2,360\n<BLK>', 'Separate account liabilities91,005', '<BLK>\nTotal liabilities held for sale/liabilities of discontinued operations$366,089']",table_row,table_row
"['The following table presents the impacts in connection with the adoption of LDTI on our previously reported Consolidated Statements of Income (Loss):\n<BLK>', 'Year Ended December 31, 2022Year Ended December 31, 2021', '<BLK>\nAsPreviouslyReportedEffect ofChangeUpdatedBalances Post-Adoption of LDTIAsPreviouslyReportedEffect ofChangeUpdatedBalances Post-Adoption of LDTI']",table_row,table_row
"['Total benefits, losses and expenses42,155\xa0(2,004)40,151\xa039,958\xa0(1,148)38,810\n<BLK>', 'Income from continuing operations before income tax expense (benefit)14,282\xa017\xa014,299\xa012,099\xa01,248\xa013,347', '<BLK>\nIncome tax expense3,006\xa019\xa03,025\xa02,176\xa0265\xa02,441']",table_row,table_row
"['<LONG>\n<BLK>', '<LONG>', '<BLK>\n<LONG>']",narrative,narrative
"['Unaudited\n<BLK>', '2014$(8)$(8)$(12)$(4)$(4)$(5)$(8)$(8)$—', '<BLK>\n2015(22)(19)(11)(6)(5)(5)(7)(8)(1)']",table_row,table_row
"['(a)Gains and losses on derivative instruments designated and qualifying in fair value hedges that are included in the assessment of hedge effectiveness.\n<BLK>', '(b)Gains and losses on derivative instruments designated and qualifying in fair value hedges that are excluded from the assessment of hedge effectiveness and recognized in income on a mark-to-market basis.', '<BLK>\n142']",narrative,narrative
"['Effect of changes in discount rate assumptions (AOCI)(203)(339)\n<BLK>', 'Balance, end of year$1,546\xa0$1,702', '<BLK>\nPresent value of expected future policy benefits']",table_row,table_row
"['Policyholder contract deposits158,891\xa0(2,907)155,984\n<BLK>', 'Market risk benefit liabilities—\xa04,736\xa04,736', '<BLK>\nOther policyholder funds3,909\xa0(446)3,463']",table_row,table_row
"['Change in discount on loss reserves ceded under retroactive reinsurance150\xa0(301)(42)\n<BLK>', 'Net change in total reserve discount*$(45)$402\xa0$151', '<BLK>\n*Excludes $61 million, $19 million and $(35)\xa0million of discount related to certain long-tail liabilities in the UK for the years ended December 31, 2023, 2022 and 2021, respectively.']",table_row,table_row
"['Accident Year2015201620172018201920202021202220232024\n<BLK>', 'Unaudited', '<BLK>\n2015$844\xa0$1,572\xa0$1,878\xa0$2,121\xa0$2,240\xa0$2,308\xa0$2,344\xa0$2,391\xa0$2,457\xa0$2,462\xa0$(70)']",table_row,table_row
"['Expected annual dividend yield(a)\n<BLK>', '2.11\xa0%2.14\xa0%2.08\xa0%', '<BLK>\nExpected volatility(b)']",table_row,table_row
"['<LONG>\n<BLK>', 'The accompanying consolidated financial statements have been prepared in accordance with accounting principles generally accepted in the United States (U.S. GAAP). All material intercompany accounts and transactions have been eliminated.', '<BLK>\nSALES/DISPOSALS OF ASSETS AND BUSINESSES']",narrative,narrative
"['<LONG>\n<BLK>', 'As of December 31, 2023 and December 31, 2022, approximately 83 percent and 77 percent, respectively, of our non-investment grade reinsurance exposure related to captive insurers. These arrangements are typically collateralized by letters of credit, funds withheld or trust agreements.', '<BLK>\nAIG | 2023 Form 10-K']",narrative,narrative
"['American International Group, Inc.\n<BLK>', 'Consolidated Balance Sheets', '<BLK>\n(in millions, except for share data)December 31,2024December 31,2023']",narrative,narrative
"['Total$232\xa0$2,468\xa0$11\xa0$2,711\xa0$212\xa0$384\xa0$138\xa0$734\n<BLK>', 'December 31, 2022', '<BLK>\nAssets:']",table_row,table_row
"['<LONG>\n<BLK>', 'Incurred Losses and Allocated Loss Adjustment Expenses, Undiscounted and Net of Reinsurance*', '<BLK>\nYears Ended December 31, (in millions)']",narrative,narrative
"['<BLK>\n<BLK>', 'ITEM 8 | Notes to Consolidated Financial Statements | 22. Quarterly Financial Information (Unaudited)', '<BLK>\n22. Quarterly Financial Information (Unaudited)']",footer,footer
"['Incurred Losses and Allocated Loss Adjustment Expenses, Undiscounted and Net of Reinsurance\n<BLK>', 'Years Ended December 31, (in millions)', '<BLK>\nDecember 31, 2024']",narrative,table_row
"['<LONG>\n<BLK>', 'AIG | 2024 Form 10-K', '<BLK>\n121']",footer,footer
"['CashCollateralTotal\n<BLK>', '(in millions)', '<BLK>\nAssets:']",table_row,table_row
"['The following table presents the gross realized gains and gross realized losses from sales or maturities of our available for sale securities:\n<BLK>', 'Years Ended December 31,', '<BLK>\n202420232022']",narrative,narrative
"['Income from continuing operations before income tax expense (benefit)14,282\xa017\xa014,299\xa012,099\xa01,248\xa013,347\n<BLK>', 'Income tax expense3,006\xa019\xa03,025\xa02,176\xa0265\xa02,441', '<BLK>\nIncome (loss) from continuing operations11,276\xa0(2)11,274\xa09,923\xa0983\xa010,906']",table_row,table_row
"['2020954906913894890\xa0(4)\n<BLK>', '2021748765762752\xa0(10)', '<BLK>\n2022517529525\xa0(4)']",table_row,table_row
"['<LONG>\n<BLK>', 'AIG | 2024 Form 10-K', '<BLK>\n119']",footer,footer
"['Total AIG Consolidated$4,255\xa0$3,870\n<BLK>', '2023', '<BLK>\nNorth America Commercial$11,432\xa0$10,233\xa0$6,323\xa0$1,371\xa0$231\xa0$953\xa0$1,355']",table_row,table_row
"['The following table presents the gain (loss) recognized in income on our derivative instruments in fair value hedging relationships in the Consolidated Statements of Income (Loss):\n<BLK>', 'Gains/(Losses) Recognized in Income for:', '<BLK>\n(in millions)Hedging']",narrative,table_row
"['20181\xa0125\xa0227\xa0315\xa0414\xa0494\xa0527\xa0—\n<BLK>', '20197\xa043\xa079\xa0157\xa0216\xa0253\xa0—', '<BLK>\n20204\xa015\xa033\xa0128\xa0188\xa0—']",table_row,table_row
"['We did not purchase securities with more than insignificant credit deterioration since their origination during the twelve months ended December 31, 2023, 2022 and 2021.\n<BLK>', 'Other Invested Assets', '<BLK>\n<LONG>']",narrative,narrative
"['(in millions)202420232022\n<BLK>', 'Undiscounted expected future benefits and expense$2,816\xa0$3,194\xa0$3,325', '<BLK>\nUndiscounted expected future gross premiums3,911\xa04,403\xa04,558']",table_row,table_row
"['Derivative liabilities, net:\n<BLK>', 'Interest rate contracts—\xa09\xa0—\xa0(245)(81)6\xa0—\xa0(311)71\xa0—', '<BLK>\nForeign exchange contracts(1)—\xa0—\xa01\xa0—\xa0—\xa0—\xa0—\xa0(1)—']",table_row,table_row
"['2020—\xa0—\xa0—\xa0—\xa0—\xa0—\xa0—\xa0—\xa0—\xa0—\n<BLK>', '2021—\xa0—\xa0—\xa0—\xa0—\xa0—\xa0—\xa0—\xa0—\xa0—', '<BLK>\n2022—\xa0—\xa0—\xa0—\xa0—\xa0—\xa0—\xa0—\xa0—\xa0—']",table_row,table_row
"['RMBS100\xa07\xa093\xa07\n<BLK>', 'CMBS43\xa03\xa033\xa02', '<BLK>\nCLO/ABS and other collateralized securities246\xa017\xa0207\xa016']",table_row,table_row
"['Net realized gains (losses) on Fortitude Re funds withheld embedded derivative—\xa0(75)\n<BLK>', 'Net realized gains (losses)(c)', '<BLK>\n8\xa0(428)']",table_row,table_row
"['Income tax expense1,170\xa0126\xa0882\n<BLK>', 'Income from continuing operations2,700\xa02,741\xa02,890', '<BLK>\nIncome (loss) from discontinued operations, net of income taxes(3,626)1,137\xa08,383']",table_row,table_row
"['Total$529,080\xa0$9,183\xa0$4,468\xa0$13,651\n<BLK>', 'December 31, 2022', '<BLK>\nReal estate and investment entities(a)']",table_row,table_row
"['(dollars in millions)ApartmentsOfficesRetailIndustrialHotelOthersTotal\n<BLK>', 'December 31, 2023', '<BLK>\nPast Due Status:']",table_row,table_row
"['Excluded\n<BLK>', 'Components(b)', '<BLK>\nHedgedItemsNet Impact']",table_row,table_row
"['Pension expense related to a one-time lump sum payment to former employees—\xa0—\xa0—\xa0—\xa0(84)\n<BLK>', 'Integration and transaction costs associated with acquiring or divesting businesses—\xa0—\xa0—\xa0—\xa0(252)', '<BLK>\nRestructuring and other costs—\xa0—\xa0—\xa0—\xa0(553)']",table_row,table_row
"['Unrealized\n<BLK>', 'Losses', '<BLK>\nFair']",table_row,table_row
"['Supplementary Insurance Information at December 31, 2023 and 2022 and for the years ended December 31, 2023, 2022 and 2021\n<BLK>', '274', '<BLK>\nSCHEDULE IV']",footer,table_row
"['Liabilities for losses and loss adjustment expenses and prior year loss development, net of reinsurance$(211)$10\n<BLK>', 'Cumulative Paid Losses and Allocated Loss Adjustment Expenses, Net of Reinsurance', '<BLK>\nYears Ended December 31, (in millions)']",narrative,narrative
"['Secured Financing and Similar Arrangements\n<BLK>', '<LONG>', '<BLK>\n<LONG>']",narrative,narrative
"['Incurred Losses and Allocated Loss Adjustment Expenses, Undiscounted and Net of Reinsurance\n<BLK>', 'Years Ended December 31, (in millions)', '<BLK>\nDecember 31, 2023']",table_row,table_row
"['<LONG>\n<BLK>', '<LONG>', '<BLK>\nEFFECTIVE TAX RATE']",narrative,narrative
"['Our long-term debt is denominated in various currencies, with both fixed and variable interest rates. Long-term debt is carried at the principal amount borrowed, including unamortized discounts, hedge accounting valuation adjustments and fair value adjustments, when applicable.\n<BLK>', 'The following table lists our total debt outstanding at December 31, 2024 and 2023. The interest rates presented in the following table are the range of contractual rates in effect at December 31, 2024, including fixed and variable-rates:', '<BLK>\nAt December 31, 2024Range ofInterest Rate(s)MaturityDate(s)Balance atDecember 31, 2024Balance atDecember 31, 2023']",narrative,narrative
"['Net investment income on Fortitude Re funds withheld assets180\xa0180\n<BLK>', 'Net realized losses on Fortitude Re funds withheld assets—\xa0(71)', '<BLK>\nNet realized gains (losses) on Fortitude Re funds withheld embedded derivative—\xa0(273)']",table_row,table_row
"['•Discounting of reserves\n<BLK>', '•Future policy benefits', '<BLK>\n•Policyholder contract deposits']",narrative,table_row
"['N/AN/A\n<BLK>', 'Rate of compensation increaseN/A2.28\xa0%N/AN/A', '<BLK>\nExpected return on assets5.15\xa0%2.23\xa0%N/AN/A']",table_row,table_row
"['Purchases of:\n<BLK>', 'Available for sale securities(40,466)(38,885)(74,204)', '<BLK>\nOther securities(1,581)(3,714)(2,034)']",table_row,table_row
"['Total(a)\n<BLK>', '$31,627\xa0$666\xa0$(3,929)$689\xa0$3,785\xa0$(4,191)$—\xa0$28,647\xa0$154\xa0$(2,683)', '<BLK>\n<LONG>']",table_row,table_row
"['<BLK>\n<BLK>', 'ITEM 8 | Notes to Consolidated Financial Statements | 18. Equity', '<BLK>\nACCUMULATED OTHER COMPREHENSIVE INCOME (LOSS)']",footer,footer
"['Years Ended December 31,\n<BLK>', '(in millions)202320222021', '<BLK>\nCash flows from operating activities:']",table_row,table_row
"['Credit contracts\n<BLK>', '—\xa0—\xa032\xa0—\xa0—\xa032', '<BLK>\nOther contracts—\xa0—\xa014\xa0—\xa0—\xa014']",table_row,table_row
"['ITEM 8 | Notes to Consolidated Financial Statements | 3. Segment Information\n<BLK>', '<LONG>', '<BLK>\n•Institutional Markets – consists of stable value wrap products, structured settlement and pension risk transfer annuities, corporate- and bank-owned life insurance, high net worth products and guaranteed investment contracts (GICs).']",narrative,narrative
"['Issuance of debt of consolidated investment entities—\xa0—\xa071\n<BLK>', 'Repayments of long-term debt(2,047)(2,304)(9,455)', '<BLK>\nRepayments of debt of consolidated investment entities(1)(45)(305)']",table_row,table_row
"['20211,375\xa01,335\xa01,347\xa012\xa0723\xa076,503\n<BLK>', '20221,300\xa01,261\xa0(39)894\xa071,630', '<BLK>\n20231,472\xa01,100\xa057,306']",table_row,table_row
"['Consolidated Statements of Cash Flows (continued)\n<BLK>', 'Supplementary Disclosure of Consolidated Cash Flow Information', '<BLK>\nYears Ended December 31,']",narrative,narrative
"['December 31, 2023\n<BLK>', 'Real estate and investment entities(a)', '<BLK>\n$528,053\xa0$9,125\xa0$3,720\xa0(d)']",table_row,table_row
"['(b)Represents Life and Retirement legacy insurance lines ceded to Fortitude Re.\n<BLK>', 'The weighted average interest rates are calculated using projected future net liability cash flows that are aggregated to the segment level, and are represented as an annual rate.', '<BLK>\nAIG | 2023 Form 10-K']",narrative,narrative
"['Non-U.S. governments10,702\xa01,526\xa0779\xa0191\xa011,481\xa01,717\n<BLK>', 'Corporate debt110,683\xa019,756\xa013,778\xa03,609\xa0124,461\xa023,365', '<BLK>\nRMBS10,953\xa01,293\xa01,005\xa0182\xa011,958\xa01,475']",table_row,table_row
"['(in millions)Fair Value atDecember 31, 2023Valuation\xa0TechniqueUnobservable Input(b)\n<BLK>', 'Range', '<BLK>\n(Weighted Average)(c)']",table_row,table_row
"['Restricted cash included in Short-term investments*4\xa0140\xa0197\n<BLK>', 'Restricted cash included in Other assets*45\xa033\xa032', '<BLK>\nTotal cash and restricted cash shown in the Consolidated Statements of Cash Flows$2,204\xa0$2,216\xa0$2,427']",table_row,table_row
"['Interest credited to policyholder contract deposits included in financing activities$2,416\xa0$4,501\xa0$3,676\n<BLK>', 'Fee income debited to policyholder contract deposits included in financing activities$(1,426)$(2,122)$(1,694)', '<BLK>\n*Includes funds held for tax sharing payments to AIG Parent, security deposits, and replacement reserve deposits related to real estate.']",table_row,table_row
"['Pre-tax amounts recognized in AOCI:\n<BLK>', 'Net gain (loss)$(1,082)$(1,142)$(72)$(79)$28\xa0$28\xa0$21\xa0$23', '<BLK>\nPrior service (cost) credit—\xa0—\xa0(18)(21)—\xa0—\xa0—\xa01']",table_row,table_row
"['December 31, 2022\n<BLK>', 'U.S. Plan Assets:', '<BLK>\nFixed maturity securities']",table_row,table_row
"['<BLK>\n<BLK>', 'ITEM 8 | Notes to Consolidated Financial Statements | 5. Fair Value Measurements', '<BLK>\n<LONG>']",footer,footer
"['Year Ended December 31, 2023IndividualRetirementGroup\xa0RetirementLifeInsuranceInstitutionalMarketsTotal\n<BLK>', '(in millions)', '<BLK>\nBalance, beginning of year$45,178\xa0$34,361\xa0$799\xa0$4,515\xa0$84,853']",table_row,table_row
"['Utilization(h)\n<BLK>', '80.00% - 100.00%', '<BLK>\nEquity / interest rate correlation0.00% - 30.00%']",table_row,table_row
"['Non-redeemable noncontrolling interest is the portion of equity (net assets) and net income (loss) in a subsidiary not attributable, directly or indirectly, to AIG.\n<BLK>', 'ACCOUNTING STANDARDS ADOPTED DURING 2024', '<BLK>\nFair Value Measurement']",narrative,narrative
"['2018998\xa01,021\xa0961\xa0911\xa0896\xa0875\xa0786\xa0(89)200\xa022,484\xa0—\xa0—\xa0786\xa0200\n<BLK>', '2019887\xa0873\xa0812\xa0801\xa0788\xa0730\xa0(58)218\xa017,292\xa0—\xa0—\xa0730\xa0218', '<BLK>\n2020597\xa0573\xa0521\xa0477\xa0434\xa0(43)104\xa014,124\xa0—\xa0—\xa0434\xa0104']",table_row,table_row
"['20201,909\xa01,771\xa01,713\xa01,701\xa0(12)19\xa01,389,704\n<BLK>', '20211,776\xa01,719\xa01,689\xa0(30)32\xa01,387,230', '<BLK>\n20221,889\xa01,854\xa0(35)89\xa02,050,657']",table_row,table_row
"['$8,502\n<BLK>', 'Retained interest in certain investment entities and other assets1,180', '<BLK>\nNet fair value of assets retained9,682']",table_row,table_row
"['2018316\xa0978\xa01,161\xa01,289\xa01,303\xa01,339\n<BLK>', '2019264\xa0649\xa0820\xa0907\xa0944', '<BLK>\n2020249\xa0668\xa0819\xa0912']",table_row,table_row
"['Total mortgage-backed, asset-backed and collateralized67,421\xa0(69)1,050\xa0(3,833)64,569\n<BLK>', 'Total bonds available for sale(b)', '<BLK>\n$253,035\xa0$(162)$3,261\xa0$(24,401)$231,733']",table_row,table_row
"['Foreign exchange contracts\n<BLK>', '—\xa0296\xa0—\xa0—\xa0—\xa0296', '<BLK>\nEquity contracts']",table_row,table_row
"['Fixed maturity securities:\n<BLK>', 'Obligations of states, municipalities and political subdivisions$91\xa02\xa0%$111\xa02\xa0%', '<BLK>\nNon-U.S. governments37\xa01\xa066\xa01']",table_row,table_row
"['1.82\xa0%3.75\xa0%5.15\xa0%4.10\xa0%4.14\xa0%4.86\xa0%\n<BLK>', 'Weighted-average interest rate, current discount rate(a)', '<BLK>\n3.78\xa0%5.04\xa0%5.02\xa0%5.04\xa0%4.96\xa0%5.08\xa0%']",table_row,table_row
"['Available for sale securities(22,990)(22,020)(19,396)\n<BLK>', 'Other securities(267)(242)(804)', '<BLK>\nOther invested assets(557)(1,017)(684)']",table_row,table_row
"['<BLK>\n<BLK>', 'ITEM 8 | Notes to Consolidated Financial Statements | 3. Segment Information', '<BLK>\n<LONG>']",footer,footer
"['AIG general borrowings:\n<BLK>', 'Notes and bonds payable', '<BLK>\n$9,079\xa0$459\xa0$146\xa0$268\xa0$905\xa0$340\xa0$6,961']",table_row,table_row
"['Unrealized losses related to available for sale debt securities618\xa0783\n<BLK>', 'Employee benefits192\xa0271', '<BLK>\nOther39\xa0156']",table_row,table_row
"['CLO/ABS—\xa0133\xa0113\xa0—\xa0—\xa0246\n<BLK>', 'Total other bond securities', '<BLK>\n—\xa0581\xa0164\xa0—\xa0—\xa0745']",table_row,table_row
"['2019887\xa0873\xa0812\xa0801\xa0788\xa0(13)285\xa017,000\xa0—\xa0—\xa0788\xa0285\n<BLK>', '2020597\xa0573\xa0521\xa0477\xa0(44)106\xa013,839\xa0—\xa0—\xa0477\xa0106', '<BLK>\n2021597\xa0570\xa0545\xa0(25)274\xa010,982\xa0—\xa0—\xa0545\xa0274']",table_row,table_row
"['using methods, assumptions and procedures then in effect which may differ from our current reserving bases. Accordingly, it may not be appropriate to extrapolate future redundancies or deficiencies based on the aggregated historical results shown in the triangles.\n<BLK>', '•Dispositions: We exclude dispositions from all accident years presented in the tables.', '<BLK>\n<LONG>']",narrative,narrative
"['(in millions)20242023202420232024202320242023\n<BLK>', 'Change in plan assets:', '<BLK>\nFair value of plan assets, beginning of year$3,228\xa0$3,345\xa0$734\xa0$709\xa0$—\xa0$—\xa0$—\xa0$—']",table_row,table_row
"['ITEM 8 | Notes to Consolidated Financial Statements | 15. Contingencies, Commitments and Guarantees\n<BLK>', 'The following table presents the future undiscounted cash flows under operating leases at December 31, 2024:', '<BLK>\n(in millions)']",narrative,narrative
"['Balance, end of year$2,428\xa0$4,553\xa0$1,078\xa0$4,904\xa0$38\xa0$13,001\n<BLK>', '*Includes amounts related to the sale of Validus Re through the date of disposition.', '<BLK>\nAIG | 2023 Form 10-K']",narrative,narrative
"['The following table presents income (loss) from continuing operations before income tax expense (benefit) by U.S. and foreign location in which such pre-tax income (loss) was earned or incurred:\n<BLK>', 'Years Ended December 31,', '<BLK>\n(in millions)202420232022']",narrative,narrative
"['Loss from discontinued operations, net of income taxes—\xa0(1)—\n<BLK>', 'Net income3,878\xa011,273\xa010,906', '<BLK>\nLess:']",table_row,table_row
"['Mortgage and other loans receivable$—\xa0$339\xa0$3,413\xa0$3,752\xa0$3,868\n<BLK>', 'Other invested assets—\xa0578\xa05\xa0583\xa0583', '<BLK>\nShort-term investments']",table_row,table_row
"['ITEM 8 | Notes to Consolidated Financial Statements | 7. Lending Activities\n<BLK>', 'loan allowance for expected credit losses. Other changes in the liability for expected credit losses on loan commitments are recorded in Net realized gains (losses) in the Consolidated Statements of Income (Loss).', '<BLK>\nThe following table presents a rollforward of the changes in the allowance for credit losses on Mortgage and other loans receivable(a):']",narrative,narrative
"['LOAN MODIFICATIONS\n<BLK>', '<LONG>', '<BLK>\n<LONG>']",narrative,narrative
"['20161,3391,3431,3211,3911,3401,3231,2931,2971,264\xa0(33)\n<BLK>', '2017602629738674668643654662\xa08', '<BLK>\n2018802845837870824810841\xa031']",table_row,table_row
"['•Other invested assets\n<BLK>', '•Net investment income', '<BLK>\n•Net realized gains (losses)']",narrative,table_row
"['Diluted:\n<BLK>', 'Income (loss) from continuing operations$4.98\xa0$12.94\xa0$11.95', '<BLK>\nIncome from discontinued operations$—\xa0$—\xa0$—']",table_row,table_row
"['<LONG>\n<BLK>', '<LONG>', '<BLK>\nThe following table presents the transition rollforward of the additional liabilities:']",narrative,narrative
"['<BLK>\n<BLK>', 'ITEM 8 | Notes to Consolidated Financial Statements | 2. Summary of Significant Accounting Policies', '<BLK>\n<LONG>']",footer,footer
"['(Unfavorable) favorable prior year development and related amortization changes ceded under retroactive reinsurance agreements—\xa0160\n<BLK>', 'Net loss reserve discount benefit (charge)—\xa0703', '<BLK>\nNet results of businesses in run-off(d)']",table_row,table_row
"['<LONG>\n<BLK>', '<LONG>', '<BLK>\nThe following table presents the transition rollforward for deferred profit liability for long-duration contracts*:']",narrative,narrative
"['Pre-adoption December 31, 2020 URR balance$1,413\xa0$2\xa0$132\xa0$1,547\n<BLK>', 'Adjustment for the removal of related balances in Accumulated other comprehensive income (loss) originating from unrealized gains (losses)248\xa0—\xa0—\xa0248', '<BLK>\nPost-adoption January 1, 2021 URR balance$1,661\xa0$2\xa0$132\xa0$1,795']",table_row,table_row
"['Mortgage and other loans receivable\n<BLK>', '122', '<BLK>\nShort-term investments5']",table_row,table_row
"['Direct$31,445\xa0$32,025\xa0$30,910\n<BLK>', 'Assumed7,951\xa07,385\xa07,209', '<BLK>\nCeded(12,190)(12,650)(11,702)']",table_row,table_row
"['Credit contracts3\xa0(2)(3)\n<BLK>', 'Other contracts—\xa0—\xa0(1)', '<BLK>\nEmbedded derivatives(75)(273)1,134']",table_row,table_row
"['Insurance contracts—\xa09\xa0—\xa09\xa0—\xa0—\xa0138\xa0138\n<BLK>', 'Mutual funds(f)', '<BLK>\n—\xa0—\xa0—\xa0—\xa0—\xa019\xa0—\xa019']",table_row,table_row
"['<LONG>\n<BLK>', '<LONG>', '<BLK>\nAIG | 2023 Form 10-K']",narrative,narrative
"['ITEM 8 | Notes to Consolidated Financial Statements | 13. Insurance Liabilities\n<BLK>', 'UK/Europe Property and Special Risks', '<BLK>\n<LONG>']",narrative,narrative
"['Net liability for future policy benefits after reinsurance recoverable$33,813\n<BLK>', 'Weighted average liability duration of the liability for future policy benefits(d)', '<BLK>\n8.67.814.413.013.7']",table_row,table_row
"['202060\xa0228\xa0367\xa0507\n<BLK>', '202151\xa0233\xa0345', '<BLK>\n202257\xa0185']",table_row,table_row
"['<LONG>\n<BLK>', '<LONG>', '<BLK>\n<LONG>']",narrative,narrative
"['Gross unrecognized tax benefits, beginning of year$1,387\xa0$1,191\xa0$1,157\n<BLK>', 'Increases in tax positions for prior years3\xa0200\xa029', '<BLK>\nDecreases in tax positions for prior years(20)(4)(33)']",table_row,table_row
"['Investment expenses179\xa0—\xa0179\xa0235\xa0—\xa0235\xa0180\xa0—\xa0180\n<BLK>', 'Net investment income$4,111\xa0$144\xa0$4,255\xa0$3,266\xa0$180\xa0$3,446\xa0$2,317\xa0$53\xa0$2,370', '<BLK>\n(a)Included in the year ended December 31, 2022 was losses of $195\xa0million related to fixed maturity securities measured at fair value that economically hedge liabilities described in (c) below.']",table_row,table_row
"['•For additional information on derivatives, see Note 11.\n<BLK>', '18. Equity', '<BLK>\nSHARES OUTSTANDING']",narrative,table_row
"['Total$4,350\xa0$(197)\n<BLK>', 'AIG | 2024 Form 10-K', '<BLK>\n153']",footer,footer
"['ITEM 8 | Notes to Consolidated Financial Statements | 20. Statutory Financial Data and Restrictions\n<BLK>', 'STATUTORY PERMITTED ACCOUNTING PRACTICE', '<BLK>\n<LONG>']",narrative,narrative
"['(68)(281)1,130\n<BLK>', 'Total$(130)$(453)$1,289', '<BLK>\n*Includes over-the-counter derivatives supporting the funds withheld arrangements with Fortitude Re and the embedded derivative contained within the funds withheld payable with Fortitude Re.']",table_row,table_row
"['(e)The ranges for these inputs vary due to the different guaranteed minimum withdrawal benefits (GMWB) product specification and policyholder characteristics across in-force policies. Policyholder characteristics that affect these ranges include age, policy duration, and gender.\n<BLK>', '(f)Mortality inputs are shown as multipliers of the 2012 Individual Annuity Mortality Basic table.', '<BLK>\n(g)The NPA applied as a spread over risk-free curve for discounting.']",narrative,narrative
"['CREDIT QUALITY OF COMMERCIAL MORTGAGES\n<BLK>', 'The following table presents debt service coverage ratios(a) for commercial mortgages by year of vintage:', '<BLK>\nDecember 31, 202420242023202220212020PriorTotal']",narrative,narrative
"['For additional information about our policies for recognition, measurement, and disclosure of interest and dividend income, see Note\xa06.\n<BLK>', 'We calculate the effect of these credit spread changes using discounted cash flow techniques that incorporate current market interest rates, our observable credit spreads on these liabilities and other factors that mitigate the risk of nonperformance such as cash collateral posted.', '<BLK>\nThe following table presents the difference between fair value and the aggregate contractual principal amount of long-term debt for which the fair value option was elected:']",narrative,narrative
"['<LONG>\n<BLK>', '<LONG>', '<BLK>\nThese permitted practice resulted in an increase in the statutory surplus of AGL of approximately $1.7\xa0billion and $1.0\xa0billion at December 31, 2023 and 2022, respectively.']",narrative,narrative
"['Assets:\n<BLK>', 'Bonds available for sale:', '<BLK>\nObligations of states, municipalities and political subdivisions$1\xa0$(15)$(2)$(16)']",table_row,table_row
"['Non-U.S. defined benefit plans generally are either based on the employee’s years of credited service and compensation in the years preceding retirement or on points accumulated based on the employee’s job grade and other factors during each year of service.\n<BLK>', 'POSTRETIREMENT PLANS', '<BLK>\n<LONG>']",narrative,narrative
"['By Classification:\n<BLK>', 'Net investment income - excluding Fortitude Re funds withheld assets$—\xa0$—\xa0$4', '<BLK>\nNet investment income - Fortitude Re funds withheld assets1\xa0—\xa0(1)']",table_row,table_row
"['Liabilities:\n<BLK>', 'Policyholder contract deposits associated with investment-type contracts—\xa090\xa0130,094\xa0130,184\xa0140,652', '<BLK>\nFortitude Re funds withheld payable—\xa0—\xa030,710\xa030,710\xa030,710']",table_row,table_row
"['—\xa0—\xa0—\xa0(450)(249)(699)\n<BLK>', 'Total derivative liabilities', '<BLK>\n—\xa0916\xa036\xa0(450)(249)253']",table_row,table_row
"['Total commercial mortgages$403\xa0$249\xa0$648\xa0$191\xa0$177\xa0$2,168\xa0$3,836\n<BLK>', 'The following table presents loan-to-value ratios(b) for commercial mortgages by year of vintage:', '<BLK>\nDecember 31, 202420242023202220212020PriorTotal']",narrative,narrative
"['439\xa0—\xa0—\n<BLK>', 'Total gain (loss)$715\xa0$266\xa0$(136)', '<BLK>\n(a)Includes certain securities supporting the funds withheld arrangements with Fortitude Re. For additional information regarding the gains and losses for Other bond securities, see Note 6. For additional information regarding the funds withheld arrangements with Fortitude Re, see Note 8.']",table_row,table_row
"['Net cash used in investing activities(7,021)(3,626)(3,280)\n<BLK>', 'Cash flows from financing activities:', '<BLK>\nProceeds from (payments for)']",table_row,table_row
"['Corebridge book value12,409\n<BLK>', 'Less: Noncontrolling interests5,732', '<BLK>\nCorebridge book value excluding noncontrolling interests6,677']",table_row,table_row
"['ITEM 8 | Notes to Consolidated Financial Statements | 21. Income Taxes\n<BLK>', 'Our actual income tax expense (benefit) from continuing operations differs from the statutory U.S. federal amount computed by applying the federal income tax rate due to the following:', '<BLK>\nYears Ended December 31,202420232022']",narrative,narrative
"['Capitalization of deferred policy acquisition costs(3,519)(4,157)(3,732)\n<BLK>', 'Current and deferred income taxes - net468\xa0(338)199', '<BLK>\nOther, net197\xa01,968\xa01,626']",table_row,table_row
"['Liabilities for losses and allocated loss adjustment expenses and prior year development before 2015, net of reinsurance(152)46\n<BLK>', 'Unallocated loss adjustment expense prior year development(1)', '<BLK>\nLiabilities for losses and loss adjustment expenses and prior year loss development, net of reinsurance$(179)$48']",table_row,table_row
"['2037 - 2058\n<BLK>', '992\xa0991', '<BLK>\nAIG Japan Holdings Kabushiki Kaisha0.27% - 0.35%']",table_row,table_row
"['FUTURE APPLICATION OF ACCOUNTING STANDARDS\n<BLK>', 'Income Tax', '<BLK>\n<LONG>']",narrative,narrative
"['148\n<BLK>', 'AIG | 2024 Form 10-K', '<BLK>\n<BLK>']",footer,footer
"['<LONG>\n<BLK>', 'Due to share repurchases by Corebridge and sale of shares by AIG after the Deconsolidation Date, as of December 31, 2024, AIG held 22.7 percent of the outstanding common stock of Corebridge.', '<BLK>\nAIG | 2024 Form 10-K']",narrative,narrative
"['<LONG>\n<BLK>', '<LONG>', '<BLK>\nFor additional information on index credits accounted for as embedded derivatives, see Note 5.']",narrative,narrative
"['Insurance contracts—\xa010\xa0—\xa010\xa0—\xa0—\xa0134\xa0134\n<BLK>', 'Mutual funds(g)', '<BLK>\n—\xa0—\xa0—\xa0—\xa0—\xa035\xa0—\xa035']",table_row,table_row
"['Remaining years after 2029578\n<BLK>', 'Total undiscounted lease payments1,058', '<BLK>\nLess: Present value adjustment190']",table_row,table_row
"['The following table presents the transition rollforward for DSI*:\n<BLK>', '(in millions)Individual\xa0RetirementGroup\xa0RetirementTotal', '<BLK>\nPre-adoption December 31, 2020 DSI balance$190\xa0$91\xa0$281']",table_row,table_row
"['•Unfavorable development on UK/Europe Property and Special Risks of $81\xa0million driven by unfavorable development on prior year catastrophes;\n<BLK>', '•Favorable development on UK/Europe and Japan Personal Insurance of $57\xa0million driven by favorable development in Japan personal auto and A&H business; and', '<BLK>\n•Favorable development of $162\xa0million in total on other product lines, net of external reinsurance but before ADC cessions, driven by favorable development in global specialty and financial lines in Canada and other International regions.']",narrative,narrative
"['Number of UnitsWeighted Average Grant-Date Fair Value\n<BLK>', 'Year Ended December 31, 2024(b)', '<BLK>\n2024 LTI2023 LTI2022 LTI2021 LTI2024 LTI2023 LTI2022 LTI2021 LTI']",table_row,table_row
"['Fixed annuities guaranteed benefits1,111\xa0Discounted cash flowBase lapse rate0.20% - 15.75%\n<BLK>', 'Dynamic lapse multiplier(e)', '<BLK>\n20.00% - 186.18%']",table_row,table_row
"['CHANGE IN UNREALIZED APPRECIATION (DEPRECIATION) OF INVESTMENTS\n<BLK>', 'The following table presents the increase (decrease) in unrealized appreciation (depreciation) of our available for sale securities and other investments:', '<BLK>\nYears Ended December 31,']",narrative,narrative
"['Total$(479)$114\xa0$—\xa0$302\xa0$—\xa0$—\xa0$35\xa0$(28)$(27)$—\n<BLK>', 'AIG | 2024 Form 10-K', '<BLK>\n115']",footer,footer
"['Credit contracts\n<BLK>', '—\xa09\xa032\xa0—\xa0—\xa041', '<BLK>\nCounterparty netting and cash collateral']",table_row,table_row
"['•Dispositions: We exclude dispositions from all accident years presented in the tables.\n<BLK>', '<LONG>', '<BLK>\nThere are limitations that should be considered on the reported claim count data in the tables below, including:']",narrative,narrative
"['Total cash and restricted cash shown in the Consolidated Statements of Cash Flows$1,372\xa0$1,573\xa0$1,571\n<BLK>', 'Cash paid during the period for:', '<BLK>\nInterest$858\xa0$1,059\xa0$1,127']",table_row,table_row
"['U.S.$1,885\xa0$12,431\xa0$11,041\n<BLK>', 'Foreign1,973\xa01,868\xa02,306', '<BLK>\nTotal$3,858\xa0$14,299\xa0$13,347']",table_row,table_row
"['<LONG>\n<BLK>', 'AIG | 2024 Form 10-K', '<BLK>\n139']",footer,footer
"['Maturities of fixed maturity securities available for sale17,957\xa018,485\xa034,765\n<BLK>', 'Principal payments received on and sales of mortgage and other loans receivable7,429\xa09,435\xa08,267', '<BLK>\nPurchases of:']",table_row,table_row
"['The following list identifies our significant accounting policies presented in other Notes to these Consolidated Financial Statements, with a reference to the Note where a detailed description can be found:\n<BLK>', 'Note 6.  Investments', '<BLK>\n•Fixed maturity and equity securities']",narrative,narrative
"['Less: Present value adjustment190\n<BLK>', 'Net lease liabilities$868', '<BLK>\nOTHER COMMITMENTS']",table_row,table_row
"['–North America and International Commercial consists of Property & Short Tail, Casualty, Financial Lines and Global Specialty.\n<BLK>', '–Global Personal consists of Global Accident & Health and Personal Lines.', '<BLK>\nFor further discussion on recent activity in the General Insurance business, see Note 1.']",narrative,narrative
"['Unaudited\n<BLK>', '2014$1,733$1,729$1,753$1,741$1,759$1,761$1,738$1,720\xa0$(18)', '<BLK>\n20151,4291,4301,4621,5521,5501,5951,6051,553\xa0(52)']",table_row,table_row
"['Equity in (income) loss from equity method investments, net of dividends or distributions(7)(164)3\n<BLK>', 'Depreciation and other amortization4,214\xa04,409\xa04,542', '<BLK>\nImpairments of assets90\xa026\xa046']",table_row,table_row
"['Years Ended December 31, (in millions)\n<BLK>', 'December 31, 2023', '<BLK>\n<LONG>']",table_row,table_row
"['For the Year Ended December 31, 2023\n<BLK>', 'Discount rate5.22\xa0%2.51\xa0%5.19\xa0%5.23\xa0%', '<BLK>\nInterest crediting rate4.02\xa0%1.07\xa0%(b)']",table_row,table_row
"['<LONG>\n<BLK>', '(in millions)Real Estate and', '<BLK>\nInvestment Entities(d)']",table_row,narrative
"['December 31, 2023\n<BLK>', 'Other investments$—\xa0$—\xa0$80\xa0$80\xa0$13\xa0$25\xa0$6', '<BLK>\nOther assets—\xa0—\xa0—\xa0—\xa0121\xa01\xa067']",table_row,table_row
"['166\n<BLK>', 'AIG | 2024 Form 10-K', '<BLK>\n<BLK>']",footer,footer
"['Total$10,174\n<BLK>', '*The losses reported in the table are not covered by the ADC.', '<BLK>\nAIG | 2024 Form 10-K']",narrative,narrative
"['(b)As of December 31, 2023 and 2022, included CDSs on super senior multi-sector CLO with a net notional amount of $50 million and $79 million (fair value liability of $32\xa0million and $32 million, respectively). The net notional amount represents the maximum exposure to loss on the portfolio.\n<BLK>', '(c)Consists primarily of stable value wraps and contracts with multiple underlying exposures.', '<BLK>\n(d)Represents netting of derivative exposures covered by a qualifying master netting agreement.']",narrative,narrative
"['Other invested assets2,075\xa0(150)11\xa090\xa044\xa0—\xa0—\xa02,070\xa0(151)—\n<BLK>', 'Other assets107\xa0—\xa0—\xa0136\xa0—\xa0—\xa0—\xa0243\xa0—\xa0—', '<BLK>\nTotal(a)']",table_row,table_row
"['Gross Derivative AssetsGross Derivative LiabilitiesGross Derivative AssetsGross Derivative Liabilities\n<BLK>', '(in millions)NotionalAmountFairValueNotionalAmountFairValueNotionalAmountFairValueNotionalAmountFairValue', '<BLK>\nDerivatives designated as hedging instruments:(a)']",table_row,table_row
"['Direct private equity8\xa0(1)—\xa0(2)—\xa0—\xa0—\xa0—\xa05\xa0(2)—\n<BLK>', 'Total$25\xa0$(6)$7\xa0$(2)$—\xa0$—\xa0$2\xa0$(6)$20\xa0$(7)$—', '<BLK>\nNon-U.S. Plan Assets:']",table_row,table_row
"['20181,520\xa02,063\xa02,225\xa02,309\xa02,352\xa02,404\n<BLK>', '20191,219\xa01,726\xa01,854\xa01,916\xa01,950', '<BLK>\n20201,020\xa01,470\xa01,576\xa01,619']",table_row,table_row
"['<LONG>\n<BLK>', '(d)See Note 1.', '<BLK>\nAIG | 2023 Form 10-K']",narrative,footer
"['(a)Includes $13 million gain related to the sale of Laya and AIG Life. For further details on these transactions, see Notes 1 and 4.\n<BLK>', '(b)Includes over-the-counter derivatives supporting the funds withheld arrangements with Fortitude Re and the embedded derivative contained within the funds withheld payable with Fortitude Re.', '<BLK>\n(c)This represents activity related to derivatives that economically hedged changes in the fair value of certain market risk benefits.']",narrative,narrative
"['Obligations of states, municipalities and political subdivisions$3\xa0Discounted cash flowYield5.00% - 5.50% (5.23%)\n<BLK>', 'Corporate debt332\xa0Discounted cash flowYield5.16% - 9.62% (7.39%)', '<BLK>\nRMBS(a)']",table_row,table_row
"['<BLK>\n<BLK>', 'ITEM 8 | Notes to Consolidated Financial Statements | 8. Reinsurance', '<BLK>\nFORTITUDE RE']",footer,footer
"['81,655\xa03,198\xa0—\xa0—\xa0—\xa084,853\n<BLK>', 'Total$85,189\xa0$215,675\xa0$30,085\xa0$(3,895)$(1,640)$325,414', '<BLK>\nLiabilities:']",table_row,table_row
"['$31,627\xa0$666\xa0$(3,929)$689\xa0$3,785\xa0$(4,191)$—\xa0$28,647\xa0$154\xa0$(2,683)\n<BLK>', '<LONG>', '<BLK>\nLiabilities:']",table_row,table_row
"['Losses(a)\n<BLK>', 'Gross', '<BLK>\nUnrealized']",table_row,table_row
"['*See Note 10 for details of balances associated with variable interest entities.\n<BLK>', 'See accompanying Notes to Consolidated Financial Statements.', '<BLK>\n130']",narrative,narrative
"['2015(333)(313)(326)(278)(324)(364)(439)(495)(56)\n<BLK>', '2016—\xa0—\xa0—\xa0—\xa0—\xa0—\xa0—\xa0—\xa0—', '<BLK>\n2017—\xa0—\xa0—\xa0—\xa0—\xa0—\xa0—\xa0—\xa0—']",table_row,table_row
"['Other(b)\n<BLK>', '1,027\xa058\xa0748\xa0(e)', '<BLK>\n806']",table_row,table_row
"['20203,391\xa03,320\xa03,280\xa03,238\xa03,269\xa031\xa0645\xa068,891\xa0—\xa0—\xa03,269\xa0645\n<BLK>', '20212,339\xa02,213\xa02,160\xa02,190\xa030\xa0122\xa082,226\xa0—\xa0—\xa02,190\xa0122', '<BLK>\n20223,171\xa03,281\xa03,240\xa0(41)504\xa086,499\xa0—\xa0—\xa03,240\xa0504']",table_row,table_row
"['Guaranteed Benefits on Fixed Index and Fixed Annuities\n<BLK>', '<LONG>', '<BLK>\nThe liability for all of our GMWBs in fixed annuity and fixed index annuity contracts are accounted for as MRBs.']",narrative,narrative
"['<LONG>\n<BLK>', '<LONG>', '<BLK>\n144']",narrative,narrative
"['As of or for the Years EndedPensionPostretirement\n<BLK>', 'December 31,U.S. Plans(a)', '<BLK>\nNon-U.S. Plans(a)']",table_row,table_row
"['Non-cash consideration received from sale of Validus Re$—\xa0$290\xa0$—\n<BLK>', 'Non-cash financing activities:', '<BLK>\nInterest credited to policyholder contract deposits included in financing activities$2,416\xa0$4,501\xa0$3,676']",table_row,table_row
"['Obligations of states, municipalities and political subdivisions\n<BLK>', '—\xa011,275\xa0824\xa0—\xa0—\xa012,099', '<BLK>\nNon-U.S. governments158\xa013,326\xa01\xa0—\xa0—\xa013,485']",table_row,table_row
"['> 1% - 2%1\xa0129\xa0352\xa0482\n<BLK>', '> 2% - 3%32\xa0831\xa01,116\xa01,979', '<BLK>\n> 3% - 4%1,369\xa0180\xa0195\xa01,744']",table_row,table_row
"['138\n<BLK>', 'AIG | 2024 Form 10-K', '<BLK>\n<BLK>']",footer,footer
"['Other bond securities, at fair value (See Note 6)\n<BLK>', '745\xa0663', '<BLK>\nEquity securities, at fair value (See Note 6)']",table_row,table_row
"['Cumulative Paid Losses and Allocated Loss Adjustment Expenses, Net of Reinsurance from the table below(3,735)\n<BLK>', 'Liabilities for losses and allocated loss adjustment expenses and prior year development before 2015, net of reinsurance437\xa0(26)', '<BLK>\nUnallocated loss adjustment expense prior year adjustment184']",table_row,table_row
"['Incurred Losses and Loss Adjustment Expenses, Undiscounted, Net of Reinsurance (including impact of ADC)\n<BLK>', 'Calendar Years Ended December 31, (in millions)', '<BLK>\nAccidentYear20162017201820192020202120222023Prior YearDevelopment']",table_row,table_row
"['General operating and other expenses9,195\xa0(73)9,122\xa08,790\xa0(62)8,728\n<BLK>', 'Total benefits, losses and expenses42,155\xa0(2,004)40,151\xa039,958\xa0(1,148)38,810', '<BLK>\nIncome from continuing operations before income tax expense (benefit)14,282\xa017\xa014,299\xa012,099\xa01,248\xa013,347']",table_row,table_row
"['170\n<BLK>', 'AIG | 2023 Form 10-K', '<BLK>\n<BLK>']",footer,footer
"['Accident Year20152016201720182019202020212022202320242024Prior YearDevelopmentTotal of IBNRLiabilitiesPlus ExpectedDevelopment onReported LossesCumulativeNumber ofReportedClaims\n<BLK>', 'Unaudited', '<BLK>\n2015$2,153\xa0$2,134\xa0$2,135\xa0$2,127\xa0$2,126\xa0$2,126\xa0$2,126\xa0$2,123\xa0$2,127\xa0$2,128\xa0$1\xa0$2\xa01,777,959']",table_row,table_row
"['SCHEDULE IV\n<BLK>', 'Reinsurance for the years ended December 31, 2024, 2023 and 2022', '<BLK>\n205']",table_row,table_row
"['Derivative liabilities(c):\n<BLK>', 'Interest rate contracts', '<BLK>\n—\xa04,838\xa0—\xa0—\xa0—\xa04,838']",table_row,table_row
"['<LONG>\n<BLK>', 'TAX ACCOUNTING POLICIES', '<BLK>\n<LONG>']",narrative,narrative
"['Note 19.Share-Based Compensation Plans\n<BLK>', '176', '<BLK>\nNote 20.Employee Benefits']",table_row,table_row
"['13. Insurance Liabilities\n<BLK>', 'LIABILITY FOR UNPAID LOSSES AND LOSS ADJUSTMENT EXPENSES (LOSS RESERVES)', '<BLK>\n<LONG>']",narrative,narrative
"['20151,228\xa01,861\xa02,046\xa02,146\xa02,183\xa02,209\xa02,226\xa02,234\xa02,244\n<BLK>', '20161,225\xa01,830\xa02,013\xa02,102\xa02,147\xa02,173\xa02,187\xa02,195', '<BLK>\n20171,200\xa01,791\xa01,950\xa02,020\xa02,056\xa02,078\xa02,077']",table_row,table_row
"['Range\n<BLK>', '(Weighted Average)(c)', '<BLK>\nAssets:']",table_row,table_row
"['18\xa018\n<BLK>', 'Total AIG borrowings supported by assets37\xa099', '<BLK>\nTotal debt issued or guaranteed by AIG10,375\xa011,874']",table_row,table_row
"['202320222021\n<BLK>', 'Net income attributable to AIG common shareholders$3,614\xa0$10,198\xa0$10,338', '<BLK>\nChanges in AIG equity for sale of interest in Corebridge and Corebridge share repurchases']",table_row,table_row
"['The following table presents the impacts in connection with the adoption of LDTI on our previously reported Consolidated Statements of Cash Flows:\n<BLK>', 'Year Ended December 31, 2022Year Ended December 31, 2021', '<BLK>\nAsPreviouslyReportedEffect ofChangeUpdatedBalances Post-Adoption of LDTIAsPreviouslyReportedEffect ofChangeUpdatedBalances Post-Adoption of LDTI']",table_row,table_row
"['20152,3652,3912,4052,3722,3722,3722,3752,393\xa018\n<BLK>', '20162,6742,7482,6902,6972,7072,6942,7002,713\xa013', '<BLK>\n20174,6734,2394,1274,1534,1734,2124,175\xa0(37)']",table_row,table_row
"['Liabilities for losses and loss adjustment expenses and prior year development before accident year 2014, net of reinsurance1,448\xa0(67)(1,053)395\n<BLK>', 'Unallocated loss adjustment expense prior year development(11)', '<BLK>\nLiabilities for losses and loss adjustment expenses and prior year loss development, net of reinsurance$5,363\xa0$(133)$(1,251)$4,112']",table_row,table_row
"['CashCollateralTotal\n<BLK>', '(in millions)', '<BLK>\nAssets:']",table_row,table_row
"['U.S. government and government sponsored entities\n<BLK>', '$25\xa0$6,594\xa0$—\xa0$—\xa0$—\xa0$6,619', '<BLK>\nObligations of states, municipalities and political subdivisions']",table_row,table_row
"['GENERAL INSURANCE\n<BLK>', 'General Insurance business is presented as two operating segments:', '<BLK>\n•North America – consists of insurance businesses in the United States, Canada and Bermuda, and our global reinsurance business, AIG Re.']",narrative,narrative
"['<LONG>\n<BLK>', 'Crop Risk Services', '<BLK>\n<LONG>']",narrative,narrative
"['<LONG>\n<BLK>', '(in millions)Fair Value atDecember 31, 2023Valuation\xa0TechniqueUnobservable Input(b)', '<BLK>\nRange']",table_row,table_row
"['Net operating loss carryforwards$21,968\xa0$4,613\xa0$—\xa0$—\xa0$—\xa0$—\xa0$2,660\xa0$178\xa0$1,775\n<BLK>', 'Other carryforwards67\xa0—\xa0—\xa0—\xa0—\xa0—\xa0—\xa067', '<BLK>\nTotal AIG U.S. consolidated federal income tax group tax losses and credits carryforwards on a U.S. GAAP basis(a)']",table_row,table_row
"['ITEM 8 | Notes to Consolidated Financial Statements | 5. Fair Value Measurements\n<BLK>', '<LONG>', '<BLK>\n(c)Presented as part of Other assets and Other liabilities on the Consolidated Balance Sheets.']",narrative,narrative
"['Years Ended December 31, (in millions)\n<BLK>', 'December 31, 2024', '<BLK>\n<LONG>']",table_row,table_row
"['Notes to Consolidated Financial Statements\n<BLK>', 'Note 1.Basis of Presentation', '<BLK>\n136']",table_row,narrative
"['Years Ended December 31, (in millions)\n<BLK>', 'Paid Impact', '<BLK>\nof ADC']",table_row,table_row
"['(c)At December 31, 2023 and 2022, $9.1 billion and $9.3 billion, respectively, of our total unconsolidated VIE assets were recorded as Other invested assets.\n<BLK>', '(d)These amounts represent our unfunded commitments to invest in private equity funds and hedge funds.', '<BLK>\n<LONG>']",narrative,narrative
"['U.S. Other Casualty4,3873,4167,803\n<BLK>', 'U.S. Financial Lines5,4221,6147,036', '<BLK>\nU.S. Property and Special Risks4,2971,2335,530']",table_row,table_row
"['CLO/ABS—\xa013,959\xa016,038\xa0—\xa0—\xa029,997\n<BLK>', 'Total bonds available for sale', '<BLK>\n268\xa0204,621\xa026,844\xa0—\xa0—\xa0231,733']",table_row,table_row
"['–Certain lines of business are more likely to be subject to occurrences involving multiple claimants and features, which can distort measures based on the reported claim counts in the table below; and\n<BLK>', '–Reported claim counts are not adjusted for ceded reinsurance, which may distort the measure of frequency or severity.', '<BLK>\n200']",narrative,narrative
"['Fixed Maturity Securities\n<BLK>', '<LONG>', '<BLK>\n162']",narrative,narrative
"['(b)There were no loans that were held for sale carried at lower of cost or market as of December 31, 2023. The net carrying value of loans carried at lower of cost or market was $170\xa0million as of 2022.\n<BLK>', '(c)Excludes $37.6\xa0billion at both December 31, 2023 and 2022 of loan receivable from AIGFP, which has a full allowance for credit losses, recognized upon the deconsolidation of AIGFP. For additional information, see Note 1.', '<BLK>\n(d)Does not include allowance for credit losses of $67 million and $69 million, respectively, at December 31, 2023 and 2022, in relation to off-balance-sheet commitments to fund commercial mortgage loans, which is recorded in Other liabilities.']",narrative,narrative
"['Capitalization3,519\xa04,157\xa03,732\n<BLK>', 'Amortization expense(3,425)(3,771)(3,545)', '<BLK>\nOther, including foreign exchange(146)(34)(317)']",table_row,table_row
"['Note 11.Derivatives and Hedge Accounting\n<BLK>', '140', '<BLK>\nNote 12.Goodwill and Other Intangible Assets']",table_row,table_row
"['Unrealized (gains) losses in earnings - net(571)1,075\xa02,123\n<BLK>', 'Equity in income from equity method investments, net of dividends or distributions(54)(15)(67)', '<BLK>\nDepreciation and other amortization3,597\xa03,841\xa03,861']",table_row,table_row
"['2014$231\xa0$558\xa0$786\xa0$930\xa0$1,030\xa0$1,096\xa0$1,137\xa0$1,180\xa0$1,207\xa0$1,226\xa0$(64)\n<BLK>', '2015234\xa0524\xa0725\xa0854\xa0925\xa0979\xa01,013\xa01,038\xa01,058\xa0(54)', '<BLK>\n2016147\xa0378\xa0521\xa0584\xa0630\xa0662\xa0686\xa0694\xa0—']",table_row,table_row
"['257\xa0220\xa032\n<BLK>', 'Retained investment in Corebridge(c)', '<BLK>\n439\xa0—\xa0—']",table_row,table_row
"['22. Employee Benefits\n<BLK>', 'PENSION PLANS', '<BLK>\nWe offer various defined benefit plans to eligible employees. Effective January 1, 2016, the U.S. defined benefit pension plans were frozen. Consequently, these plans are closed to new participants and current participants no longer earn benefits.']",narrative,narrative
"['Unallocated loss adjustment expense prior year adjustment(1)\n<BLK>', 'Liabilities for losses and loss adjustment expenses and prior year loss development, net of reinsurance$836\xa0$(25)', '<BLK>\n160']",table_row,table_row
"['Accident Year2015201620172018201920202021202220232024\n<BLK>', 'Unaudited', '<BLK>\n2015$931\xa0$1,320\xa0$1,411\xa0$1,439\xa0$1,455\xa0$1,461\xa0$1,463\xa0$1,468\xa0$1,471\xa0$1,474\xa0$(9)']",table_row,table_row
"['Dilutive common shares5,834,853\xa05,726,777\xa09,320,632\n<BLK>', 'Weighted average common shares outstanding - diluted(a)', '<BLK>\n657,283,160\xa0725,233,068\xa0787,941,750']",table_row,table_row
"['of ADC\n<BLK>', 'Accident Year2015201620172018201920202021202220232024', '<BLK>\nUnaudited']",table_row,table_row
"['(in millions)202420232022\n<BLK>', 'Current accident year$128\xa0$112\xa0$98', '<BLK>\nAccretion and other adjustments to prior year discount(303)(264)(239)']",table_row,table_row
"['*The cash surrender value represents the amount of the contract holder’s account balance distributable at the balance sheet date less applicable surrender charges.\n<BLK>', ""Separate account liabilities primarily represent the contract holder's account balance in separate account assets and will be equal and offsetting to total separate account assets."", '<BLK>\n232']",narrative,narrative
"['(a)Excludes $184 million and $196\xa0million of discount related to certain long-tail liabilities in the UK at December 31, 2024 and 2023, respectively.\n<BLK>', '(b)Includes gross discount of $627 million and $687\xa0million, which was 100 percent ceded to Fortitude Re at December 31, 2024 and 2023, respectively.', '<BLK>\nThe following table presents the net loss reserve discount benefit (charge):']",narrative,narrative
"['Depreciation and other amortization4,848\xa0(439)4,409\xa04,633\xa0(91)4,542\n<BLK>', 'Changes in operating assets and liabilities:', '<BLK>\nInsurance reserves(2,332)(1,505)(3,837)5,127\xa0(655)4,472']",table_row,table_row
"['Benefit payments(4,031)(2,329)(245)(1,948)(374)(8,927)\n<BLK>', 'Net transfers from (to) separate account1,531\xa02,750\xa0(2)61\xa0—\xa04,340', '<BLK>\nInterest credited2,444\xa01,249\xa0447\xa0263\xa0191\xa04,594']",table_row,table_row
"['(Weighted Average)(c)\n<BLK>', 'Assets:', '<BLK>\nObligations of states, municipalities and political subdivisions$799\xa0Discounted cash flowYield5.28% - 5.94% (5.61%)']",table_row,table_row
"['Impairments of assets27\xa021\xa02\n<BLK>', 'Changes in operating assets and liabilities:', '<BLK>\nInsurance reserves341\xa0823\xa0(4,486)']",table_row,table_row
"['For additional information about how we test various asset classes for impairment, see Notes 6 and 7.\n<BLK>', 'Information regarding the estimation of fair value for financial instruments measured at fair value on a non-recurring basis is discussed below.', '<BLK>\nImpairments for Other investments primarily relate to real estate investments as well as commercial loans and commercial mortgage loans, the fair value determination for which is discussed above under the heading Valuation Methodologies of Financial Instruments Measured at Fair Value.']",narrative,narrative
"['Elimination and consolidations(13)(17)\n<BLK>', 'Total3,195\xa04,321', '<BLK>\nReconciling items:']",table_row,table_row
"['2025$143\n<BLK>', '202695', '<BLK>\n202788']",table_row,table_row
"['Adjustments for the reclassification from/(to) the liability for the future policy benefits65\xa08\xa0—\xa0766\xa0859\xa01,698\n<BLK>', 'Post-adoption January 1, 2021 deferred profit liability balance$67\xa0$8\xa0$5\xa0$830\xa0$859\xa0$1,769', '<BLK>\n*Represents Life and Retirement legacy insurance lines ceded to Fortitude Re.']",table_row,table_row
"['Integration and transaction costs associated with acquiring or divesting businesses—\xa0(39)\n<BLK>', 'Restructuring and other costs(e)', '<BLK>\n—\xa0(745)']",table_row,table_row
"['Policyholder contract deposits33,015\xa026,582\xa025,480\n<BLK>', 'Policyholder contract withdrawals(27,957)(20,722)(22,481)', '<BLK>\nIssuance of long-term debt1,982\xa07,477\xa0107']",narrative,table_row
"['389\xa027\xa0333\xa025\n<BLK>', 'Total fixed maturity securities745\xa051\xa0663\xa050', '<BLK>\nEquity securities704\xa049\xa0665\xa050']",table_row,table_row
"['•Liability for unpaid losses and loss adjustment expenses\n<BLK>', '•Discounting of reserves', '<BLK>\n•Future policy benefits']",narrative,narrative
"['Other liabilities (portion measured at fair value: 2023 - $624; 2022 - $343)*\n<BLK>', '25,958\xa026,757', '<BLK>\nShort-term and long-term debt, of which $250 and $1,500 is short-term debt in 2023 and 2022 (portion measured at fair value: 2023\xa0-\xa0$53; 2022 - $56)']",table_row,table_row
"['Add: Corebridge noncontrolling interests13\xa04,524\xa0153\xa0(732)(18)(2)—\xa03,938\n<BLK>', 'Less: Noncontrolling interests(3)1,871\xa0(199)(377)7\xa0—\xa0—\xa01,299', '<BLK>\nBalance, December 31, 2023, net of tax$(106)$(10,888)$(476)$1,233\xa0$(2,979)$(821)$—\xa0$(14,037)']",table_row,table_row
"['Due to the deconsolidation of AIGFP and its subsidiaries, as of December 31, 2023, a $102\xa0million guarantee related to the obligations of AIGFP and certain of its subsidiaries was recognized, and is reported in Other liabilities.\n<BLK>', 'Business and Asset Dispositions', '<BLK>\n<LONG>']",narrative,narrative
"['Comprehensive income (loss)$(19)$371\xa0$112\n<BLK>', '(a)The income tax expense (benefit) and the tax impact in AOCI was computed using AIG’s U.S. statutory tax rate of 21 percent.', '<BLK>\n184']",narrative,table_row
"['—\xa02,467\xa0—\xa02,467\xa02,467\n<BLK>', 'Short-term and long-term debt—\xa018,595\xa0267\xa018,862\xa019,743', '<BLK>\nDebt of consolidated investment entities—\xa043\xa02,526\xa02,569\xa02,591']",table_row,table_row
"['•Other policyholder funds\n<BLK>', 'Note 14.  Market Risk Benefits', '<BLK>\nNote 16.  Debt']",narrative,table_row
"['Change in unrealized appreciation (depreciation) of investments*\n<BLK>', '30\xa08,410\xa0—\xa0—\xa0—\xa0—\xa0—\xa08,440', '<BLK>\nChange in other(10)52\xa0—\xa0—\xa0—\xa0—\xa0—\xa042']",table_row,table_row
"['(a)Other assets, net of allowance for credit losses includes goodwill and other intangibles of $116\xa0million and $3\xa0million, respectively, at December 31, 2023.\n<BLK>', '108', '<BLK>\nAIG | 2024 Form 10-K']",footer,footer
"['2021748\xa0765\xa0762\xa0752\xa0(10)73\xa057,288\xa0—\xa0—\xa0752\xa073\n<BLK>', '2022517\xa0529\xa0525\xa0(4)100\xa055,394\xa0—\xa0—\xa0525\xa0100', '<BLK>\n2023677\xa0668\xa0(9)122\xa047,201\xa0—\xa0—\xa0668\xa0122']",table_row,table_row
"['Change in unrealized appreciation (depreciation) of investments(119)(47,647)—\xa0—\xa0—\xa0—\xa0—\xa0(47,766)\n<BLK>', 'Change in other—\xa0(12)—\xa0—\xa0—\xa0—\xa0—\xa0(12)', '<BLK>\nChange in fair value of market risk benefits, net—\xa0—\xa01,635\xa0—\xa0—\xa0—\xa0—\xa01,635']",table_row,table_row
"['201793\xa0224\xa0294\xa0333\xa0367\xa0389\xa0395\xa0402\xa0—\n<BLK>', '201885\xa0215\xa0296\xa0359\xa0388\xa0409\xa0448\xa0—', '<BLK>\n201993\xa0219\xa0301\xa0347\xa0389\xa0417\xa0—']",table_row,table_row
"['2014$959\xa0$1,380\xa0$1,463\xa0$1,507\xa0$1,536\xa0$1,555\xa0$1,568\xa0$1,572\xa0$1,579\xa0$1,584\xa0$(8)\n<BLK>', '2015931\xa01,320\xa01,411\xa01,439\xa01,455\xa01,461\xa01,463\xa01,468\xa01,471\xa0(8)', '<BLK>\n2016857\xa01,344\xa01,422\xa01,460\xa01,501\xa01,512\xa01,518\xa01,521\xa0—']",table_row,table_row
"['Total adjustments677\xa04,212\xa01,732\n<BLK>', 'Net cash provided by operating activities - continuing operations3,377\xa06,953\xa04,622', '<BLK>\nNet cash used in operating activities - discontinued operations(104)(710)(488)']",table_row,table_row
"['Bond Funds4,037\xa03,292\xa044\xa01,303\xa08,676\xa03,802\xa04,081\xa046\xa01,321\xa09,250\n<BLK>', 'Balanced Funds17,711\xa05,479\xa053\xa01,923\xa025,166\xa017,663\xa05,113\xa049\xa01,939\xa024,764', '<BLK>\nMoney Market Funds694\xa0742\xa016\xa0173\xa01,625\xa0723\xa0559\xa017\xa0674\xa01,973']",table_row,table_row
"['Discount rate4.98\xa0%2.85\xa0%4.97\xa0%5.37\xa0%\n<BLK>', 'Interest crediting rate4.94\xa0%1.40\xa0%(b)', '<BLK>\nN/AN/A']",table_row,table_row
"['Cumulative Paid Losses and Allocated Loss Adjustment Expenses, Net of Reinsurance from the table below(10,555)\n<BLK>', 'Liabilities for losses and allocated loss adjustment expenses and prior year development before 2015, net of reinsurance31\xa04', '<BLK>\nUnallocated loss adjustment expense prior year adjustment—']",table_row,table_row
"['Short-term investments\n<BLK>', '4,346', '<BLK>\nTotal investments232,293']",table_row,table_row
"['International(b)\n<BLK>', '4\xa0—\xa0—\xa04\xa0104\xa035\xa0—\xa0139', '<BLK>\nFixed maturity securities:']",table_row,table_row
"['Policy Fees:\n<BLK>', 'Direct$2,873\xa0$2,991\xa0$3,090', '<BLK>\nAssumed—\xa0—\xa0—']",table_row,table_row
"['Fortitude Re funds withheld payable—\xa0273\xa0273\n<BLK>', 'Other Liabilities—\xa010\xa010', '<BLK>\nThe following table presents the gross components of purchases, sales, issuances and settlements, net, shown above, for the years ended December 31, 2024 and 2023 related to Level 3 assets and liabilities in the Consolidated Balance Sheets:']",table_row,table_row
"['(a)General Insurance discounted expected future gross premiums (at current discount rate) for 2023 were $3.0\xa0billion.\n<BLK>', '(b)Includes balances reclassified to Liabilities held for sale at December 31, 2023. Life Insurance discounted expected future gross premiums (at current discount rate) for 2023 were $20.2\xa0billion.', '<BLK>\n(c)Represents Life and Retirement legacy insurance lines ceded to Fortitude Re. Other discounted expected future gross premiums (at current discount rate) for 2023 were $1.4\xa0billion.']",narrative,narrative
"['<LONG>\n<BLK>', 'Unaudited', '<BLK>\n2014$1,751\xa0$1,721\xa0$1,963\xa0$2,009\xa0$1,910\xa0$1,916\xa0$1,946\xa0$1,935\xa0$1,944\xa0$1,905\xa0$(39)$46\xa038,546\xa0$(214)$(29)$1,691\xa0$17']",table_row,table_row
"['<BLK>\n<BLK>', 'ITEM 8 | Notes to Consolidated Financial Statements | 13. Insurance Liabilities', '<BLK>\nThe following table provides our attribution of our reinsurance recoverable for the ADC only (included in the table above):']",footer,footer
"['<LONG>\n<BLK>', '<LONG>', '<BLK>\n<LONG>']",narrative,narrative
"['Commodity contracts—\xa08\xa0(12)\n<BLK>', 'Credit contracts3\xa0(2)(3)', '<BLK>\nOther contracts—\xa0—\xa0(1)']",table_row,table_row
"['ITEM 8 | Notes to Consolidated Financial Statements | 13. Insurance Liabilities\n<BLK>', 'The following table provides our attribution of our reinsurance recoverable for the ADC only (included in the table above):', '<BLK>\nCalendar Years Ended December 31, (in millions)']",narrative,narrative
"['Adjustment\n<BLK>', 'Expenses', '<BLK>\nIncurred(a)']",table_row,table_row
"['LOAN MODIFICATIONS\n<BLK>', '<LONG>', '<BLK>\n<LONG>']",narrative,narrative
"['Net gain (loss) on divestitures and other—\xa0—\xa0—\xa0—\xa03,044\n<BLK>', 'Non-operating litigation reserves and settlements—\xa0—\xa0—\xa0—\xa0(3)', '<BLK>\nFavorable prior year development and related amortization changes ceded under retroactive reinsurance agreements—\xa0—\xa0—\xa0—\xa0186']",table_row,table_row
"['Equity / interest rate correlation0.00% - 30.00%\n<BLK>', 'NPA(g)', '<BLK>\n0.00% - 2.03%']",table_row,table_row
"['The following table presents a rollforward of outstanding shares:\n<BLK>', 'Years Ended December 31,202320222021', '<BLK>\n(in millions)CommonStock IssuedTreasuryStockCommon StockOutstandingCommonStock IssuedTreasuryStockCommon StockOutstandingCommonStock IssuedTreasuryStockCommon StockOutstanding']",narrative,table_row
"['760\xa0Discounted cash flowYield4.24% - 8.42% (6.33%)\n<BLK>', 'CMBS25\xa0Discounted cash flowYield7.04% - 10.12% (8.70%)', '<BLK>\n(in millions)Fair Value atDecember 31, 2023Valuation\xa0TechniqueUnobservable Input(b)']",table_row,table_row
"['GIAs, at fair value - supported by Corebridge assets53\xa0—\xa0—\xa0—\xa0—\xa0—\xa053\n<BLK>', 'Total(c)', '<BLK>\n$19,796\xa0$709\xa0$1,523\xa0$275\xa0$2,148\xa0$340\xa0$14,801']",table_row,table_row
"['Reinsurance for the years ended December 31, 2024, 2023 and 2022\n<BLK>', '205', '<BLK>\nSCHEDULE V']",table_row,table_row
"['Cumulative Paid Losses and Allocated Loss Adjustment Expenses, Net of Reinsurance from the table below(10,979)—\xa09\xa0(10,970)\n<BLK>', 'Liabilities for losses and loss adjustment expenses and prior year development before accident year 2015, net of reinsurance(48)3\xa0—\xa0(48)', '<BLK>\nUnallocated loss adjustment expense prior year development(1)']",table_row,table_row
"['Liabilities:\n<BLK>', 'Policyholder contract deposits', '<BLK>\n$—\xa0$923\xa0$(21)$902']",table_row,table_row
"['20231,359\xa0539\xa015,946\n<BLK>', 'Total$13,306\xa0$94', '<BLK>\nCumulative Paid Losses and Allocated Loss Adjustment Expenses, Net of Reinsurance from the table below(10,479)—']",table_row,table_row
"['Other income7\xa06\xa034\n<BLK>', 'Net results of businesses in run-off83\xa0475\xa0478', '<BLK>\nNet impact from elimination of international reporting lag—\xa03\xa0937']",table_row,table_row
"['Income (loss) from continuing operations$4.11\xa0$3.77\xa0$3.67\n<BLK>', 'Income (loss) from discontinued operations$(6.30)$1.25\xa0$9.43', '<BLK>\nNet income (loss) attributable to AIG common shareholders$(2.19)$5.02\xa0$13.10']",table_row,table_row
"['Net (gain) loss on divestitures and other(191)(672)(71)\n<BLK>', 'Total benefits, losses and expenses7,325\xa017,873\xa013,927', '<BLK>\nIncome (loss) from discontinued operations before income tax expense (benefit) and loss on disposal of discontinued operations1,354\xa0991\xa010,527']",table_row,table_row
"['Investments$(26)$7\xa0$—\xa0Net realized gains (losses)\n<BLK>', 'Total(26)7\xa0—', '<BLK>\nUnrealized appreciation (depreciation) of all other investments']",table_row,table_row
"['Asset class:\n<BLK>', 'Equity securities9\xa0%8\xa0%6\xa0%', '<BLK>\nFixed maturity securities80\xa077\xa077']",table_row,table_row
"['Amortization(110)(1)(11)(122)\n<BLK>', 'Balance, end of year$1,770\xa0$1\xa0$94\xa0$1,865', '<BLK>\nYear Ended December 31, 2022']",table_row,table_row
"['Bonds available for sale:\n<BLK>', 'Obligations of states, municipalities and political subdivisions$1\xa0$(15)$(2)$(16)', '<BLK>\nNon-U.S. governments—\xa0—\xa0(5)(5)']",table_row,table_row
"['Funds withheld investment assets3,104\xa03,091\xa03,424\xa03,409\n<BLK>', 'Derivative assets, net(b)', '<BLK>\n1\xa01\xa0—\xa0—\xa0Fair value through net realized gains (losses)']",table_row,table_row
"['Bonds available for sale:\n<BLK>', 'Obligations of states, municipalities and political subdivisions$20\xa0$(1)$1\xa0$(16)$—\xa0$(1)$—\xa0$3\xa0$—\xa0$—', '<BLK>\nNon-U.S. governments2\xa0—\xa01\xa0(5)11\xa0(2)—\xa07\xa0—\xa01']",table_row,table_row
"['Net investment income - Fortitude Re funds withheld assets1\xa0—\xa0(1)\n<BLK>', 'Net realized gains (losses) - excluding Fortitude Re funds withheld assets', '<BLK>\n(63)(172)156']",table_row,table_row
"['1,027\xa058\xa0748\xa0(e)\n<BLK>', '806', '<BLK>\nTotal$529,080\xa0$9,183\xa0$4,468\xa0$13,651']",table_row,table_row
"['FIXED MATURITY SECURITIES\n<BLK>', '<LONG>', '<BLK>\n<LONG>']",narrative,narrative
"['2016456\xa01,114\xa01,367\xa01,500\xa01,545\xa01,574\xa01,591\xa01,585\n<BLK>', '2017353\xa0940\xa01,222\xa01,364\xa01,420\xa01,459\xa01,472', '<BLK>\n2018316\xa0978\xa01,161\xa01,289\xa01,303\xa01,339']",table_row,table_row
"['Unrealized appreciation (depreciation) of all other investments\n<BLK>', 'Investments(619)(1,036)(1,189)Net realized gains (losses)', '<BLK>\nTotal(619)(1,036)(1,189)']",table_row,table_row
"['20231043\n<BLK>', 'Total$4,767\xa0$6,578\xa0$8,523\xa0$10,382\xa0$11,925\xa0$13,907\xa0$15,752\xa0$16,768\xa0$(27)', '<BLK>\nCumulative Paid Losses and Allocated Loss Adjustment Expenses, Net of Reinsurance from the table below(11,144)']",table_row,table_row
"['<LONG>\n<BLK>', 'The following table presents information on the fair value of securities pledged to us under reverse repurchase agreements:', '<BLK>\n(in millions)December 31, 2023December 31, 2022']",narrative,narrative
"['N/AN/A\n<BLK>', 'Rate of compensation increaseN/A2.42\xa0%N/AN/A', '<BLK>\nExpected return on assets6.50\xa0%2.77\xa0%N/AN/A']",table_row,table_row
"['Expected return on assets6.50\xa0%2.77\xa0%N/AN/A\n<BLK>', 'For the Year Ended December 31, 2023', '<BLK>\nDiscount rate5.22\xa0%2.51\xa0%5.19\xa0%5.23\xa0%']",table_row,table_row
"['204\n<BLK>', 'SCHEDULE IV', '<BLK>\nReinsurance for the years ended December 31, 2024, 2023 and 2022']",table_row,table_row
"['Interest crediting rate4.02\xa0%1.07\xa0%(b)\n<BLK>', 'N/AN/A', '<BLK>\nRate of compensation increaseN/A2.38\xa0%N/AN/A']",table_row,table_row
"['Beginning balance at original discount rate2,191\xa0—\xa0—\xa013,526\xa0—\xa01,057\xa016,774\n<BLK>', 'Effect of changes in cash flow assumptions(2)—\xa0—\xa034\xa0—\xa021\xa053', '<BLK>\nEffect of actual variances from expected experience(16)—\xa0—\xa062\xa0—\xa020\xa066']",table_row,table_row
"['Less: Income tax expense (benefit)11\xa0(1,807)48\xa0356\xa072\xa0100\xa0—\xa0(1,220)\n<BLK>', 'Total other comprehensive income (loss), net of income tax expense (benefit)$44\xa0$(7,151)$179\xa0$1,361\xa0$(180)$325\xa0$(2)$(5,424)', '<BLK>\nThe following table presents the effect of the reclassification of significant items out of AOCI on the respective line items in the Consolidated Statements of Income (Loss)(a):']",table_row,table_row
"['Incurred Losses and Loss Adjustment Expenses, Undiscounted, Net of Reinsurance (including impact of ADC)\n<BLK>', 'Calendar Years Ended December 31, (in millions)', '<BLK>\nAccidentYear20162017201820192020202120222023Prior YearDevelopment']",table_row,table_row
"['Income (loss) from continuing operations before income tax expense (benefit)(758)7,938\xa02,371\n<BLK>', 'Income tax expense (benefit)(a)', '<BLK>\n(159)1,667\xa0499']",table_row,table_row
"['(b)We also recognized $16\xa0million of tax benefit due to share settlements occurring in 2024.\n<BLK>', 'EMPLOYEE PLANS', '<BLK>\n<LONG>']",narrative,narrative
"['Corporate debt—\xa0281\xa01\xa0—\xa0—\xa0282\n<BLK>', 'RMBS—\xa050\xa050\xa0—\xa0—\xa0100', '<BLK>\nCMBS—\xa043\xa0—\xa0—\xa0—\xa043']",table_row,table_row
"['Constant default rate0.82% - 2.64% (1.73%)\n<BLK>', 'Yield6.18% - 7.42% (6.80%)', '<BLK>\nCLO/ABS(a)']",table_row,table_row
"['3. Segment Information\n<BLK>', '<LONG>', '<BLK>\n<LONG>']",narrative,narrative
"['Expected return on assets4.65\xa0%1.84\xa0%2.78\xa0%N/A\n<BLK>', 'For the Year Ended December 31, 2021', '<BLK>\nDiscount rate2.28\xa0%1.00\xa0%2.45\xa0%2.33\xa0%']",table_row,table_row
"['(dollars in millions, except per common share data)202420232022\n<BLK>', 'Revenues:', '<BLK>\nPremiums$23,537\xa0$25,564\xa0$26,765']",table_row,table_row
"['2017—\xa0—\xa0—\xa0—\xa0—\xa0—\xa0—\xa0—\xa0—\xa0—\n<BLK>', '2018—\xa0—\xa0—\xa0—\xa0—\xa0—\xa0—\xa0—\xa0—\xa0—', '<BLK>\n2019—\xa0—\xa0—\xa0—\xa0—\xa0—\xa0—\xa0—\xa0—\xa0—']",table_row,table_row
"['2022—\xa0—\xa0—\xa0—\xa0—\xa0—\xa0—\xa0—\xa0—\n<BLK>', '2023—\xa0—\xa0—\xa0—\xa0—\xa0—\xa0—\xa0—\xa0—', '<BLK>\nTotal$(809)$(780)$(888)$(932)$(819)$(810)$(902)$(846)$56']",table_row,table_row
"['Less: Dividends on preferred stock and preferred stock redemption premiums22\xa029\xa029\n<BLK>', 'Net income (loss) attributable to AIG common shareholders$(1,426)$3,614\xa0$10,198', '<BLK>\nIncome per common share attributable to AIG common shareholders:']",table_row,table_row
"['At December 31, 2024Range ofInterest Rate(s)MaturityDate(s)Balance atDecember 31, 2024Balance atDecember 31, 2023\n<BLK>', '(in millions)', '<BLK>\nGeneral borrowings:']",table_row,table_row
"['(b)Represents the weighted average interest crediting rate of non-U.S. cash balance plans primarily in Japan and Switzerland.\n<BLK>', 'Discount Rate Methodology', '<BLK>\n<LONG>']",narrative,narrative
"['Utilization(h)\n<BLK>', '60.00% - 97.50%', '<BLK>\nOption budget0.00% - 6.00%']",table_row,table_row
"['720 - 779536\xa0728\xa0168\xa076\xa032\xa0169\xa01,709\n<BLK>', '660 - 719163\xa080\xa028\xa016\xa09\xa062\xa0358', '<BLK>\n600 - 6592\xa04\xa02\xa02\xa02\xa014\xa026']",table_row,table_row
"['Accumulated benefit obligation—\xa0—\xa0—\xa0—\xa0184\xa0186\xa0245\xa0238\n<BLK>', 'Fair value of plan assets—\xa0—\xa088\xa076\xa0—\xa0—\xa088\xa076', '<BLK>\nThe following table presents the components of net periodic benefit cost with respect to pensions and other postretirement benefits:']",table_row,table_row
"['$4,988\xa0$6,253\xa0$11,241\n<BLK>', 'Liabilities:', '<BLK>\nDebt of consolidated investment entities$1,358\xa0$4,336\xa0$5,694']",table_row,table_row
"['Liabilities:\n<BLK>', 'Policyholder contract deposits(a)', '<BLK>\n$—\xa0$(1,107)$—\xa0$—\xa0$(1,107)']",table_row,table_row
"['Other Liabilities\n<BLK>', '<LONG>', '<BLK>\nASSETS AND LIABILITIES MEASURED AT FAIR VALUE ON A RECURRING BASIS']",narrative,narrative
"['$1,175\xa0$1,233\n<BLK>', '(a)Excludes $184 million and $196\xa0million of discount related to certain long-tail liabilities in the UK at December 31, 2024 and 2023, respectively.', '<BLK>\n(b)Includes gross discount of $627 million and $687\xa0million, which was 100 percent ceded to Fortitude Re at December 31, 2024 and 2023, respectively.']",narrative,narrative
"['•change in claims handling philosophy, operating model, processes, and related ongoing enhancements;\n<BLK>', '•third-party claims reviews that are periodically performed for key classes of claims such as toxic tort, environmental and other complex casualty claims;', '<BLK>\n•third-party actuarial reviews that are periodically performed for key classes of business;']",narrative,narrative
"['Adjustment for the removal of related balances in Accumulated other comprehensive income (loss) originating from unrealized gains (losses)248\xa0—\xa0—\xa0248\n<BLK>', 'Post-adoption January 1, 2021 URR balance$1,661\xa0$2\xa0$132\xa0$1,795', '<BLK>\n*Represents Life and Retirement legacy insurance lines ceded to Fortitude Re. Other policyholder funds, excluding URR, totaled $2.0\xa0billion.']",table_row,table_row
"['<LONG>\n<BLK>', 'There were no shares of AIG Common Stock included in the U.S. and non-U.S. pension plans assets at December 31, 2024 or 2023.', '<BLK>\n182']",narrative,narrative
"['120\n<BLK>', 'AIG | 2024 Form 10-K', '<BLK>\n<BLK>']",footer,footer
"['Embedded Derivatives within Reinsurance Contracts\n<BLK>', '<LONG>', '<BLK>\nAIG | 2024 Form 10-K']",narrative,narrative
"['275\n<BLK>', 'AIG | 2023 Form 10-K', '<BLK>\nITEM 8 | Report of Independent Registered Public Accounting Firm']",footer,footer
"['Years Ended December 31,20232022\n<BLK>', '(in millions)EquitiesOtherInvestedAssetsTotalEquitiesOtherInvestedAssetsTotal', '<BLK>\nNet gains (losses) recognized during the period on equity securities and other investments$94\xa0$489\xa0$583\xa0$(53)$355\xa0$302']",table_row,table_row
"['Total$8,589\xa0$(196)$(787)$7,802\n<BLK>', 'Cumulative Paid Losses and Allocated Loss Adjustment Expenses, Net of Reinsurance from the table below(4,727)—\xa0118\xa0(4,609)', '<BLK>\nLiabilities for losses and loss adjustment expenses and prior year development before accident year 2014, net of reinsurance4,327\xa0(65)(3,632)695']",table_row,table_row
"['The following table presents the asset allocation percentage by major asset class for the U.S. qualified plan and the target allocation for 2024 based on the plan’s funded status at December 31, 2023:\n<BLK>', 'At December 31,Target 2024Actual 2023Actual 2022', '<BLK>\nAsset class:']",table_row,table_row
"['2018977\xa02,162\xa02,509\xa02,715\xa02,863\xa02,994\xa0—\n<BLK>', '20191,039\xa01,673\xa01,906\xa02,037\xa02,083\xa0—', '<BLK>\n2020844\xa01,613\xa01,874\xa02,190\xa0—']",table_row,table_row
"['2024 - 2046\n<BLK>', '18\xa018', '<BLK>\nTotal AIG borrowings supported by assets37\xa099']",table_row,table_row
"['Basic719,506,291\xa0778,621,118\xa0854,320,449\n<BLK>', 'Diluted725,233,068\xa0787,941,750\xa0864,884,879', '<BLK>\nSee accompanying Notes to Consolidated Financial Statements.']",table_row,table_row
"['Adjusted beginning of year balance1,248\xa0216\xa024,771\xa013,017\xa022,002\xa061,254\n<BLK>', 'Issuances216\xa012\xa01,374\xa02,782\xa09\xa04,393', '<BLK>\nInterest accrual42\xa010\xa0876\xa0459\xa01,233\xa02,620']",table_row,table_row
"['The following is the aggregated summarized financial information of our equity method investees, including those for which the fair value option has been elected:\n<BLK>', 'Years Ended December 31,', '<BLK>\n(in millions)202320222021']",table_row,table_row
"['•Unfavorable development on U.S. Excess Casualty of $545\xa0million, net of external reinsurance but before ADC cessions, driven by a large settlement of a legacy mass tort claim with the gross loss in accident years covered under the ADC and increased reserves related to claims emergence;\n<BLK>', '•Unfavorable development on U.S Other Casualty of $12\xa0million, net of external reinsurance but before ADC cessions, reflecting unfavorable development on Commercial Auto and Wholesale Primary General Liability, partially offset by favorability across numerous Casualty reserving classes;', '<BLK>\n•Unfavorable development in U.S. Financial Lines of $51\xa0million, net of external reinsurance but before ADC cessions, due to unfavorable development in M&A and High Excess classes, offset by favorable experience across most reserving classes;']",narrative,narrative
"['February\xa014, 2024\n<BLK>', 'We have served as the Company’s auditor since 1980.', '<BLK>\nAIG | 2023 Form 10-K']",narrative,footer
"['20171,649\xa01,614\xa01,609\xa01,616\xa01,600\xa01,566\xa01,565\xa0(1)12\xa053,411\n<BLK>', '20181,505\xa01,555\xa01,533\xa01,520\xa01,468\xa01,463\xa0(5)8\xa044,183', '<BLK>\n20191,138\xa01,100\xa01,101\xa01,090\xa01,086\xa0(4)39\xa033,637']",table_row,table_row
"['•Favorable development on UK/Europe and Japan Personal Insurance of $47\xa0million primarily driven by Japan A&H and Auto, partially offset by unfavorable Personal Auto in EMEA;\n<BLK>', '•Favorable development of $299\xa0million in total on other product lines, net of external reinsurance but before ADC cessions, primarily driven by Global Specialty which saw favorable development across multiple lines; and', '<BLK>\n<LONG>']",narrative,narrative
"['<LONG>\n<BLK>', 'LEGAL CONTINGENCIES', '<BLK>\n<LONG>']",narrative,narrative
"['23. Income Taxes\n<BLK>', 'U.S. TAX LAW CHANGES', '<BLK>\n<LONG>']",narrative,narrative
"['Interest accrual43\xa0—\xa0—\xa0437\xa0—\xa046\xa0526\n<BLK>', 'Net premium collected(283)—\xa0—\xa0(1,464)—\xa0(118)(1,865)', '<BLK>\nForeign exchange impact(14)—\xa0—\xa0265\xa0—\xa0—\xa0251']",table_row,table_row
"['Reclassified to held for sale, net of reinsurance recoverables(19)—\xa0—\n<BLK>', 'Total other changes(2,191)(718)(47)', '<BLK>\nLiability for unpaid loss and loss adjustment expenses, end of year:']",table_row,table_row
"['Net lease liabilities$919\n<BLK>', 'OTHER COMMITMENTS', '<BLK>\nIn the normal course of business, we enter into commitments to invest in limited partnerships, private equity funds and hedge funds and to purchase and develop real estate in the U.S. and abroad. These commitments totaled $6.1\xa0billion and $6.6\xa0billion at December 31, 2023 and 2022, respectively.']",narrative,narrative
"['Forfeited(20,382)(82,540)(20,513)64.03\xa040.70\xa055.89\n<BLK>', 'Unvested, end of year1,318,280\xa01,361,714\xa01,488,248\xa0$61.62\xa0$57.79\xa0$54.77', '<BLK>\n<LONG>']",table_row,table_row
"['(in millions)202320222021\n<BLK>', 'Liability for unpaid loss and loss adjustment expenses, beginning of year$75,167\xa0$79,026\xa0$77,720', '<BLK>\nReinsurance recoverable(32,102)(35,213)(34,431)']",table_row,table_row
"['2019—\xa0—\xa0—\xa0—\xa0—\xa0—\xa0—\xa0—\xa0—\xa0—\n<BLK>', '2020—\xa0—\xa0—\xa0—\xa0—\xa0—\xa0—\xa0—\xa0—\xa0—', '<BLK>\n2021—\xa0—\xa0—\xa0—\xa0—\xa0—\xa0—\xa0—\xa0—\xa0—']",table_row,table_row
"['<LONG>\n<BLK>', '<LONG>', '<BLK>\n<LONG>']",narrative,narrative
"['Policy charges(781)(523)(1,567)(65)(69)(3,005)\n<BLK>', 'Surrenders and withdrawals(8,863)(5,795)(212)(91)(76)(15,037)', '<BLK>\nBenefit payments(4,031)(2,329)(245)(1,948)(374)(8,927)']",table_row,table_row
"[""(in millions, except per share data)PreferredStock andAdditional Paid-inCapitalCommon StockTreasury StockAdditional Paid-in CapitalRetained EarningsAccumulated Other Comprehensive Income (Loss)TotalAIGShare-holders'EquityNon- redeemable Non-controlling InterestsTotal Equity\n<BLK>"", 'Balance, January 1, 2022$485\xa0$4,766\xa0$(51,618)$81,669\xa0$25,695\xa0$5,071\xa0$66,068\xa0$2,966\xa0$69,034', '<BLK>\nCommon stock issued under stock plans—\xa0—\xa0294\xa0(368)—\xa0—\xa0(74)—\xa0(74)']",table_row,table_row
"['RMBS(a)\n<BLK>', '4,656\xa0Discounted cash flowConstant prepayment rate4.34% - 9.99% (7.17%)', '<BLK>\nLoss severity33.56% - 87.59% (60.57%)']",table_row,table_row
"['Total reserve discount(a)(b)\n<BLK>', '$1,175\xa0$1,233', '<BLK>\n(a)Excludes $184 million and $196\xa0million of discount related to certain long-tail liabilities in the UK at December 31, 2024 and 2023, respectively.']",table_row,table_row
"['2015$1,476$1,475$1,472$1,476$1,480$1,482$1,481$1,479$1,479\xa0$—\n<BLK>', '20161,5361,5331,5331,5401,5421,5441,5441,5411,541\xa0—', '<BLK>\n20171,8782,1372,0112,0571,9241,9161,8961,899\xa03']",table_row,table_row
"['202026\xa073\xa0139\xa0198\xa0252\xa0—\n<BLK>', '202132\xa087\xa0169\xa0265\xa0—', '<BLK>\n202238\xa0112\xa0195\xa0—']",table_row,table_row
"['U.S. PlansNon-U.S. PlansU.S. PlansNon-U.S. Plans\n<BLK>', '(in millions)20232022202320222023202220232022', '<BLK>\nProjected benefit obligation$184\xa0$185\xa0$287\xa0$280\xa0$—\xa0$—\xa0$—\xa0$—']",table_row,table_row
"['Liabilities for losses and loss adjustment expenses and prior year loss development, net of reinsurance$(514)$(44)\n<BLK>', 'Cumulative Paid Losses and Allocated Loss Adjustment Expenses, Net of Reinsurance', '<BLK>\nYears Ended December 31, (in millions)']",narrative,narrative
"['Year Ended December 31, 2022\n<BLK>', 'Weighted-average interest rate, original discount rate1.77\xa0%3.58\xa0%5.17\xa0%4.08\xa0%3.56\xa0%4.88\xa0%', '<BLK>\nWeighted-average interest rate, current discount rate3.21\xa0%5.32\xa0%5.30\xa0%5.33\xa0%5.30\xa0%5.36\xa0%']",table_row,table_row
"['Less: Net gains (losses) recognized during the period on equity securities and other investments sold during the period45\xa0461\xa0506\xa090\xa0(20)70\n<BLK>', 'Unrealized gains (losses) recognized during the reporting period on equity securities and other investments still held at the reporting date$104\xa0$235\xa0$339\xa0$(37)$269\xa0$232', '<BLK>\n*Includes unrealized gains (losses) on AIG’s ownership interest in Corebridge and gain on sale of shares of $439\xa0million in the year ended December\xa031, 2024.']",table_row,table_row
"['Years Ended December 31,2023(b)\n<BLK>', '20222021', '<BLK>\n(in millions)CommercialMortgagesOtherLoansTotalCommercialMortgagesOtherLoansTotalCommercialMortgagesOtherLoansTotal']",table_row,table_row
"['<LONG>\n<BLK>', '<LONG>', '<BLK>\nEFFECTIVE TAX RATE']",narrative,narrative
"['162\xa0(6)156\xa0359\xa0(5)354\xa0250\xa05\xa0255\n<BLK>', 'Total investment income13,804\xa01,573\xa015,377\xa011,442\xa0976\xa012,418\xa013,126\xa02,008\xa015,134', '<BLK>\nInvestment expenses756\xa029\xa0785\xa0618\xa033\xa0651\xa0485\xa037\xa0522']",table_row,table_row
"['Bonds available for sale:\n<BLK>', 'U.S. government and government sponsored entities', '<BLK>\n$36\xa0$3,231\xa0$—\xa0$—\xa0$—\xa0$3,267']",table_row,table_row
"['<LONG>\n<BLK>', '<LONG>', '<BLK>\n<LONG>']",narrative,narrative
"['Income before income taxes$3,303\xa0$652\xa0$4,654\n<BLK>', 'At December 31,', '<BLK>\n(in millions)2024*2023']",table_row,table_row
"['Net realized gains and losses are determined by specific identification. The net realized gains and losses are generated primarily from the following sources:\n<BLK>', '•Sales of available for sale fixed maturity securities, real estate and other alternative investments.', '<BLK>\n•Reductions to the amortized cost basis of available for sale fixed maturity securities that have been written down due to our intent to sell them or it being more likely than not that we will be required to sell them.']",narrative,narrative
"['>1.2X$2,555\xa0$6,209\xa0$2,349\xa0$1,387\xa0$4,969\xa0$13,459\xa0$30,928\n<BLK>', '1.00 - 1.20X295\xa01,149\xa01,574\xa0369\xa0177\xa02,632\xa06,196', '<BLK>\n<1.00X—\xa050\xa0—\xa0—\xa0—\xa0835\xa0885']",table_row,table_row
"['ITEM 8 | Notes to Consolidated Financial Statements | 22. Quarterly Financial Information (Unaudited)\n<BLK>', '22. Quarterly Financial Information (Unaudited)', '<BLK>\n<LONG>']",narrative,narrative
"['174\n<BLK>', 'AIG | 2024 Form 10-K', '<BLK>\n<BLK>']",footer,footer
"['Acquisition\n<BLK>', 'Expenses(a)', '<BLK>\nGeneral']",table_row,table_row
"['•Incurred but not reported liabilities (IBNR): We include development from past reported losses in IBNR.\n<BLK>', '•Data excluded from tables: Information with respect to accident years older than ten years is excluded from the development tables. Unallocated loss adjustment expenses are also excluded.', '<BLK>\n<LONG>']",narrative,narrative
"['OTHER OPERATIONS\n<BLK>', 'Other Operations predominantly consists of Net Investment Income from our AIG Parent liquidity portfolio, Corebridge dividend income, corporate General operating expenses, and Interest expense.', '<BLK>\nSEGMENT RESULTS']",narrative,narrative
"['•Unfavorable development on UK/Europe Casualty and Financial Lines of $210 million driven by recognition of large loss activity in Financial PI in the UK and Commercial D&O in Europe; and\n<BLK>', '•Unfavorable development in U.S. Property and Special Risks of $172 million  driven largely by the impact of reductions in reinsurance recoveries driven by changes in catastrophe loss estimates.', '<BLK>\nOur analyses and conclusions about prior year reserves also help inform our judgments about the current accident year loss and loss adjustment expense ratios we selected.']",narrative,narrative
"['Total$20\xa0$(4)$—\xa0$(5)$—\xa0$—\xa0$—\xa0$—\xa0$11\xa0$(3)$—\n<BLK>', 'Non-U.S. Plan Assets:', '<BLK>\nInsurance contracts$134\xa0$6\xa0$1\xa0$—\xa0$—\xa0$(3)$—\xa0$—\xa0$138\xa0$—\xa0$—']",table_row,table_row
"['Other Operations before consolidation and eliminations381\xa0287\xa01,107\xa0—\xa0(1,765)\n<BLK>', 'AIG consolidation and eliminations(6)(1)(6)—\xa0(10)', '<BLK>\nTotal Other Operations375\xa0286\xa01,101\xa0—\xa0(1,775)']",table_row,table_row
"['<BLK>\n<BLK>', 'ITEM 8 | Notes to Consolidated Financial Statements | 13. Insurance Liabilities', '<BLK>\nSupplemental Information: The information about incurred and paid loss development for all periods preceding the year ended December 31, 2023 and the related historical claims payout percentage disclosure is unaudited and is presented as supplementary information.']",footer,footer
"['*Does not reflect allowance for credit losses.\n<BLK>', 'METHODOLOGY USED TO ESTIMATE THE ALLOWANCE FOR CREDIT LOSSES', '<BLK>\n<LONG>']",narrative,narrative
"['Less: Noncontrolling interests(3)1,871\xa0(199)(377)7\xa0—\xa0—\xa01,299\n<BLK>', 'Balance, December 31, 2023, net of tax$(106)$(10,888)$(476)$1,233\xa0$(2,979)$(821)$—\xa0$(14,037)', '<BLK>\nChange in unrealized appreciation (depreciation) of investments*']",table_row,table_row
"['Assets:\n<BLK>', 'Investments:', '<BLK>\nFixed maturity securities:']",table_row,table_row
"['Calendar Years Ended December 31, (in millions)\n<BLK>', 'AccidentYear201620172018201920202021202220232024Prior YearDevelopment', '<BLK>\nUnaudited']",table_row,table_row
"['Reconciling items:\n<BLK>', 'Changes in fair value of securities used to hedge guaranteed living benefits55\xa055\xa0—\xa0—\xa0(16)', '<BLK>\nChange in the fair value of market risk benefits, net(b)']",table_row,table_row
"['U.S. Excess Casualty545\xa0238\xa022\xa0(32)228\n<BLK>', 'U.S. Other Casualty12\xa044\xa0(38)(31)(25)', '<BLK>\nU.S. Financial Lines51\xa0(40)20\xa0(23)(43)']",table_row,table_row
"['<BLK>\n<BLK>', 'ITEM 8 | Notes to Consolidated Financial Statements | 5. Fair Value Measurements', '<BLK>\n5. Fair Value Measurements']",footer,footer
"['•Retroactive reinsurance\n<BLK>', 'Note 9.  Deferred Policy Acquisition Costs', '<BLK>\nNote 10.  Variable Interest Entities']",narrative,narrative
"['2018—\xa0—\xa0—\xa0—\xa0—\xa0—\xa0—\xa0—\xa0—\xa0—\n<BLK>', '2019—\xa0—\xa0—\xa0—\xa0—\xa0—\xa0—\xa0—\xa0—\xa0—', '<BLK>\n2020—\xa0—\xa0—\xa0—\xa0—\xa0—\xa0—\xa0—\xa0—\xa0—']",table_row,table_row
"['1,986\xa02,023\n<BLK>', 'Total$9,828\xa0$6,368', '<BLK>\n<LONG>']",table_row,table_row
"['$—\xa0$304\xa0$—\xa0$—\xa0$—\xa0$304\n<BLK>', 'Foreign exchange contracts', '<BLK>\n—\xa0267\xa0—\xa0—\xa0—\xa0267']",table_row,table_row
"['Premiums and deposits4,081\xa01,979\xa049\xa076\xa06,185\n<BLK>', 'Policy charges(1,368)(523)(52)(98)(2,041)', '<BLK>\nSurrenders and withdrawals(4,261)(3,013)(32)(82)(7,388)']",table_row,table_row
"['Foreign exchange impact(27)—\xa0—\xa0345\xa0359\xa0—\xa0677\n<BLK>', 'Other—\xa0—\xa0—\xa010\xa0—\xa0(24)(14)', '<BLK>\nEnding balance at original discount rate2,590\xa01,485\xa0214\xa025,395\xa020,388\xa021,091\xa071,163']",table_row,table_row
"['(in millions)Gross Amounts20242025-20262027-2028ThereafterStated Interest rates\n<BLK>', 'FHLB Facility', '<BLK>\nFHLB of Dallas$3,357$52$254$3,051$—DNA Auction* + 22 to 30 bps']",table_row,table_row
"['Post-adoption January 1, 2021 additional liabilities$—\xa0$—\xa0$5,117\xa0$—\xa0$55\xa0$5,172\n<BLK>', '<LONG>', '<BLK>\n(b)Adjustments for the removal of related balances in Accumulated other comprehensive income (loss) originating from unrealized gains (losses) relate to the additional liabilities reclassified from Future policy benefits in the line above.']",narrative,narrative
"['2023—\xa0—\xa0—\xa0—\xa0—\xa0—\xa0—\xa0—\xa0—\n<BLK>', 'Total$(492)$(511)$(533)$(518)$(565)$(660)$(715)$(792)$(77)', '<BLK>\nCumulative Paid Losses and Allocated Loss Adjustment Expenses, Net of Reinsurance from the table below501']",table_row,table_row
"['Total other comprehensive income (loss), before income tax expense (benefit)(119)(45,854)1,635\xa06,993\xa0(593)(23)(6)(37,967)\n<BLK>', 'Less: Income tax expense (benefit)(25)(7,446)341\xa01,449\xa020\xa0(3)—\xa0(5,664)', '<BLK>\nTotal other comprehensive income (loss), net of income tax expense (benefit)$(94)$(38,408)$1,294\xa0$5,544\xa0$(613)$(20)$(6)$(32,303)']",table_row,table_row
"['Total Loss Reserves$70,393\n<BLK>', '*Reinsurance recoverable for other product lines of $8.7 billion resulted in a net liability for unpaid losses and loss adjustment expenses of $6.0 billion for the year ended December 31, 2023.', '<BLK>\n196']",narrative,table_row
"['Interest expense—\xa0(624)\n<BLK>', 'Other Operations(122)(1,000)', '<BLK>\nElimination and consolidations14\xa063']",table_row,table_row
"['Policyholder contract deposits$—\xa0$55\xa0$7,942\xa0$—\xa0$—\xa0$7,997\n<BLK>', 'Market risk benefit liabilities—\xa0—\xa05,705\xa0—\xa0—\xa05,705', '<BLK>\nDerivative liabilities(c):']",table_row,table_row
"['Premiums and other related payables6,052\xa06,219\n<BLK>', 'Deposit accounting liabilities3,005\xa02,612', '<BLK>\nCommissions and premium taxes payable1,522\xa01,351']",table_row,table_row
"['Deferred policy acquisition costs12,085\xa012,857\n<BLK>', 'Market risk benefit assets, at fair value912\xa0796', '<BLK>\nOther assets, net of allowance for credit losses of $49 in 2023 and $49 in 2022, including restricted cash of $45 in 2023 and $33 in 2022 (portion measured at fair value: 2023 - $754; 2022 - $621)*']",table_row,table_row
"['CLO/ABS—\xa04,293\xa0840\xa0—\xa0—\xa05,133\n<BLK>', 'Total bonds available for sale', '<BLK>\n197\xa060,799\xa03,010\xa0—\xa0—\xa064,006']",table_row,table_row
"['(c)Excludes MRB liabilities of $5.7\xa0billion at December 31, 2023 and $4.7\xa0billion at December 31, 2022. For additional information, see Note 14.\n<BLK>', 'AIG | 2023 Form 10-K', '<BLK>\n157']",footer,footer
"['Premiums written:\n<BLK>', 'Direct$31,743\xa0$31,445\xa0$32,025', '<BLK>\nAssumed3,950\xa07,951\xa07,385']",table_row,table_row
"['UK/Europe Casualty and Financial Lines5.6\xa014.3\xa012.2\xa011.3\xa09.3\xa010.3\xa06.1\xa04.9\xa03.7\xa02.1\n<BLK>', 'UK/Europe Property and Special Risks21.1\xa038.7\xa016.7\xa07.7\xa02.7\xa02.1\xa00.8\xa00.2\xa00.3\xa00.3', '<BLK>\nUK/Europe and Japan Personal Insurance57.9\xa026.2\xa07.2\xa03.6\xa01.8\xa01.3\xa00.5\xa00.4\xa00.3\xa00.2']",table_row,table_row
"['Revenues and pre-tax income$52,157\xa0$14,612\xa0$1,305\xa0$4,524\xa0$13,347\n<BLK>', '<LONG>', '<BLK>\n(b)Includes realized gains and losses on certain derivative instruments used for non-qualifying (economic) hedging.']",narrative,narrative
"['<LONG>\n<BLK>', '<LONG>', '<BLK>\nFair Value Hierarchy']",narrative,narrative
"['SHORT-DURATION REINSURANCE\n<BLK>', '<LONG>', '<BLK>\nThe following table presents short-duration insurance premiums written and earned:']",narrative,narrative
"['The following table presents the balances of and changes in MRBs:\n<BLK>', 'Years Ended December 31,202320222021', '<BLK>\nIndividualRetirementGroupRetirementTotalIndividualRetirementGroupRetirementTotalIndividualRetirementGroupRetirementTotal']",table_row,table_row
"['2022517529525\xa0(4)\n<BLK>', '2023677668\xa0(9)', '<BLK>\n2024604']",table_row,table_row
"['2019258\xa0632\xa0798\xa0884\xa0922\xa0953\n<BLK>', '2020245\xa0657\xa0805\xa0896\xa01,004', '<BLK>\n2021185\xa0489\xa0672\xa0748']",table_row,table_row
"['2014$902$905$915$844$912$949$869$861\xa0$(8)\n<BLK>', '20151,0271,0151,1391,1631,2111,2311,1741,196\xa022', '<BLK>\n20168981,1461,1621,1711,2741,2501,2631,276\xa013']",table_row,table_row
"['(c)Excludes $37.6\xa0billion at both December 31, 2023 and 2022 of loan receivable from AIGFP, which has a full allowance for credit losses, recognized upon the deconsolidation of AIGFP. For additional information, see Note 1.\n<BLK>', '(d)Does not include allowance for credit losses of $67 million and $69 million, respectively, at December 31, 2023 and 2022, in relation to off-balance-sheet commitments to fund commercial mortgage loans, which is recorded in Other liabilities.', '<BLK>\n<LONG>']",narrative,narrative
"['BASIS OF PRESENTATION\n<BLK>', 'We file a consolidated U.S. federal income tax return with our eligible U.S. subsidiaries. Income earned by subsidiaries operating outside the U.S. is taxed, and income tax expense is recorded, based on applicable U.S. and foreign laws.', '<BLK>\nTAX ACCOUNTING POLICIES']",narrative,narrative
"['2022793\xa0819\xa0827\xa08\xa0530\xa013,636\xa0—\xa0—\xa0827\xa0530\n<BLK>', '2023933\xa0955\xa022\xa0781\xa013,687\xa0—\xa0—\xa0955\xa0781', '<BLK>\n2024840\xa0754\xa09,070\xa0—\xa0—\xa0840\xa0754']",table_row,table_row
"['Dispositions(c)\n<BLK>', '(5)(3,505)—', '<BLK>\nReclassified to held for sale, net of reinsurance recoverables—\xa0(19)—']",table_row,table_row
"['AIG | 2023 Form 10-K\n<BLK>', '193', '<BLK>\n<BLK>']",footer,footer
"['20151,329\xa01,762\xa01,829\xa01,736\xa01,794\xa01,834\xa01,824\xa01,815\xa01,796\xa0(19)23\xa035,754\xa0(282)(8)1,514\xa015\n<BLK>', '20161,339\xa01,343\xa01,321\xa01,391\xa01,340\xa01,323\xa01,293\xa01,297\xa04\xa0162\xa029,191\xa0—\xa0—\xa01,297\xa0162', '<BLK>\n2017602\xa0629\xa0738\xa0674\xa0668\xa0643\xa0654\xa011\xa021\xa021,266\xa0—\xa0—\xa0654\xa021']",table_row,table_row
"['Troubled Debt Restructuring and Vintage Disclosures\n<BLK>', '<LONG>', '<BLK>\nAIG | 2023 Form 10-K']",narrative,narrative
"['Unallocated loss adjustment expense prior year adjustment21\n<BLK>', 'Liabilities for losses and loss adjustment expenses and prior year loss development, net of reinsurance$5,672\xa0$50', '<BLK>\nAIG | 2023 Form 10-K']",table_row,table_row
"['Years Ended December 31,\n<BLK>', '(in millions)202320222021', '<BLK>\nForeign and U.S. components of actual income tax expense (benefit):']",table_row,table_row
"['20221,208\xa02,207\xa02,437\xa0—\n<BLK>', '20231,173\xa01,692\xa0—', '<BLK>\n2024667\xa0—']",table_row,table_row
"['Total$5,969\xa0100\xa0%$5,060\xa0100\xa0%\n<BLK>', '170', '<BLK>\nAIG | 2023 Form 10-K']",footer,footer
"['Total\n<BLK>', '(in millions)', '<BLK>\nPre-adoption December 31, 2020 additional liabilities$1,423\xa0$221\xa0$5,117\xa0$—\xa0$55\xa0$6,816']",table_row,table_row
"['Event-drivenSecurities of companies undergoing material structural changes, including mergers, acquisitions and other reorganizations11\xa0—\xa013\xa0—\n<BLK>', 'Long-shortSecurities that the manager believes are undervalued, with corresponding short positions to hedge market risk168\xa0—\xa0389\xa0—', '<BLK>\nOtherIncludes investments held in funds that are less liquid, as well as other strategies which allow for broader allocation between public and private investments8\xa0—\xa09\xa0—']",table_row,table_row
"['Interest accrual—\xa0—\xa0392\xa0—\xa054\xa0446\n<BLK>', 'Net premium collected—\xa0—\xa0(1,364)—\xa0(129)(1,493)', '<BLK>\nForeign exchange impact—\xa0—\xa0(46)—\xa0—\xa0(46)']",table_row,table_row
"['102\n<BLK>', 'AIG | 2024 Form 10-K', '<BLK>\n<BLK>']",footer,footer
"['Corebridge deconsolidation, net of tax42\xa08,513\xa0330\xa0(1,583)(88)—\xa0—\xa07,214\n<BLK>', 'Total other comprehensive income (loss)117\xa06,851\xa0432\xa0(802)(540)47\xa0—\xa06,105', '<BLK>\nAdd: Corebridge noncontrolling interests2\xa0610\xa033\xa0(105)(3)—\xa0—\xa0537']",table_row,table_row
"['Unrealized\n<BLK>', 'Gains', '<BLK>\nGross']",table_row,table_row
"['Prior year development ceded under the ADC289\n<BLK>', 'Total, prior years, excluding discount and amortization of deferred gain$254', '<BLK>\n(a)Change in net ultimate loss and loss adjustment expenses excludes the portion of prior year development we have ceded under the Asbestos Loss Portfolio Transfer (LPT) and the ADC, both of which are provided by NICO and are considered retroactive reinsurance under U.S. GAAP.']",table_row,table_row
"['134\n<BLK>', 'Notes to Consolidated Financial Statements', '<BLK>\nNote 1.Basis of Presentation']",narrative,narrative
"['<LONG>\n<BLK>', 'Transfers of Level 3 Assets and Liabilities', '<BLK>\n<LONG>']",narrative,narrative
"['<LONG>\n<BLK>', '<LONG>', '<BLK>\n<LONG>']",narrative,narrative
"['Investment Entities(d)\n<BLK>', 'Securitization', '<BLK>\nVehicles(e)']",table_row,table_row
"['Total$(22)$(19)$(11)$(6)$(5)$(5)$(7)$(8)$(9)$(1)\n<BLK>', 'Cumulative Paid Losses and Allocated Loss Adjustment Expenses, Net of Reinsurance from the table below9', '<BLK>\nLiabilities for losses and allocated loss adjustment expenses and prior year development before 2015, net of reinsurance—\xa0(1)']",table_row,table_row
"['CLO/ABS—\xa069\xa0138\xa0—\xa0—\xa0207\n<BLK>', 'Total other bond securities', '<BLK>\n—\xa0429\xa0234\xa0—\xa0—\xa0663']",table_row,table_row
"['Postretirement\n<BLK>', 'U.S. PlansNon-U.S. PlansU.S. PlansNon-U.S. Plans', '<BLK>\n(in millions)202320222021202320222021202320222021202320222021']",table_row,table_row
"['American International Group, Inc.\n<BLK>', 'Consolidated Statements of Equity', ""<BLK>\n(in millions, except per share data)PreferredStock andAdditional Paid-inCapitalCommon StockTreasury StockAdditional Paid-in CapitalRetained EarningsAccumulated Other Comprehensive Income (Loss)TotalAIGShare-holders'EquityNon- redeemable Non-controlling InterestsTotal Equity""]",table_row,narrative
"['<LONG>\n<BLK>', '(in millions)', '<BLK>\nU.S. Plan Assets:']",table_row,narrative
"['Value\n<BLK>', 'December 31, 2023', '<BLK>\nBonds available for sale:']",table_row,table_row
"['Adjustments for the removal of related balances in Accumulated other comprehensive income (loss) originating from unrealized gains (losses)2,062\xa0534\xa0547\xa07\xa03,150\n<BLK>', 'Post-adoption January 1, 2021 DAC balance$4,421\xa0$1,094\xa0$4,918\xa0$33\xa0$10,466', '<BLK>\n*Excludes $2.5\xa0billion of DAC in General Insurance.']",table_row,table_row
"['U.S. investment grade$10\xa0$1\xa0$—\xa0$(1)$—\xa0$—\xa0$—\xa0$—\xa0$10\xa0$1\xa0$—\n<BLK>', 'Mortgage and other asset backed securities5\xa0—\xa0—\xa0(4)—\xa0—\xa0—\xa0—\xa01\xa01\xa0—', '<BLK>\nDirect private equity5\xa0(5)—\xa0—\xa0—\xa0—\xa0—\xa0—\xa0—\xa0(5)—']",table_row,table_row
"['American International Group, Inc.\n<BLK>', 'Consolidated Statements of Comprehensive Income (Loss)', '<BLK>\nYears Ended December 31,']",narrative,narrative
"['<LONG>\n<BLK>', 'Fortitude Re funds withheld payable', '<BLK>\n<LONG>']",narrative,narrative
"['<LONG>\n<BLK>', '•whether collateral and collateral arrangements exist.', '<BLK>\n<LONG>']",narrative,narrative
"['2014$210\xa0$620\xa0$868\xa0$1,150\xa0$1,392\xa0$1,572\xa0$1,653\xa0$1,719\xa0$1,795\xa0$1,805\xa0$(122)\n<BLK>', '2015105\xa0309\xa0769\xa01,087\xa01,351\xa01,485\xa01,603\xa01,680\xa01,707\xa0(176)', '<BLK>\n201677\xa0298\xa0489\xa0703\xa0846\xa0938\xa01,018\xa01,074\xa0—']",table_row,table_row
"['Fixed Maturity Securities\n<BLK>', 'Whenever available, we obtain quoted prices in active markets for identical assets at the balance sheet date to measure fixed maturity securities at fair value. Market price data is generally obtained from dealer markets.', '<BLK>\n<LONG>']",narrative,narrative
"['<BLK>\n<BLK>', 'ITEM 8 | Notes to Consolidated Financial Statements | 7. Lending Activities', '<BLK>\nloan allowance for expected credit losses. Other changes in the liability for expected credit losses on loan commitments are recorded in Net realized gains (losses) in the Consolidated Statements of Income (Loss).']",footer,footer
"['660 - 719163\xa080\xa028\xa016\xa09\xa062\xa0358\n<BLK>', '600 - 6592\xa04\xa02\xa02\xa02\xa014\xa026', '<BLK>\nLess than 600—\xa0—\xa0—\xa01\xa0—\xa06\xa07']",table_row,table_row
"['Assets:\n<BLK>', 'Other bond securities(a)', '<BLK>\n$382\xa0$(822)$(12)']",table_row,table_row
"['See accompanying Notes to Consolidated Financial Statements.\n<BLK>', 'AIG | 2023 Form 10-K', '<BLK>\n135']",footer,footer
"['<BLK>\n<BLK>', 'ITEM 8 | Notes to Consolidated Financial Statements | 9. Deferred Policy Acquisition Costs', '<BLK>\nThe following table presents a rollforward of DAC:']",footer,footer
"['Foreign exchange contracts:\n<BLK>', 'Net realized gains/(losses)$(177)$(25)$177\xa0$(25)', '<BLK>\nYear Ended December 31, 2022']",table_row,table_row
"['ITEM 8 | Notes to Consolidated Financial Statements | 4. Discontinued Operations Presentation\n<BLK>', ""The following provides Corebridge's pre-tax income for the period June 10, 2024 to December 31, 2024, as well as our equity method income (representing the sum of dividends received and changes in its stock price since June 9, 2024)."", '<BLK>\n(in millions)']",narrative,narrative
"['U.S. Excess Casualty3,3213,2726,593\n<BLK>', 'U.S. Other Casualty4,1123,6767,788', '<BLK>\nU.S. Financial Lines5,6721,6227,294']",table_row,table_row
"['148\n<BLK>', 'AIG | 2023 Form 10-K', '<BLK>\n<BLK>']",footer,footer
"['Liabilities for losses and allocated loss adjustment expenses and prior year development before 2014, net of reinsurance395\xa0(73)\n<BLK>', 'Unallocated loss adjustment expense prior year adjustment13', '<BLK>\nLiabilities for losses and loss adjustment expenses and prior year loss development, net of reinsurance$4,112\xa0$(133)']",table_row,table_row
"['<LONG>\n<BLK>', '<LONG>', '<BLK>\nMarket Risk Benefits and Embedded Derivatives within Policyholder Contract Deposits']",narrative,narrative
"['Total other bond securities234\xa02\xa0—\xa01\xa03\xa0(80)4\xa0164\xa01\xa0—\n<BLK>', 'Equity securities14\xa01\xa0—\xa04\xa011\xa0(13)(2)15\xa01\xa0—', '<BLK>\nOther invested assets221\xa0(16)—\xa0(35)—\xa0(13)6\xa0163\xa0(11)—']",table_row,table_row
"['102\n<BLK>', 'Note 3.Segment Information', '<BLK>\n104']",table_row,table_row
"['2043\n<BLK>', 'Future policy benefits for life and accident and health insurance contracts51,914', '<BLK>\nLess: Reinsurance recoverable(24,078)']",table_row,table_row
"['Integration and transaction costs associated with acquiring or divesting businesses—\xa0—\xa0—\xa0—\xa0(252)\n<BLK>', 'Restructuring and other costs—\xa0—\xa0—\xa0—\xa0(553)', '<BLK>\nNon-recurring costs related to regulatory or accounting changes—\xa0—\xa0—\xa0—\xa0(40)']",table_row,table_row
"['Post-adoption January 1, 2021 carrying amount for features now classified as MRBs$7,599\xa0$802\xa0$8,401\n<BLK>', '<LONG>', '<BLK>\n<LONG>']",narrative,narrative
"['Total$713\xa0$(516)$(987)$(790)\n<BLK>', 'Liabilities:', '<BLK>\nDerivative liabilities, net$(481)$7\xa0$576\xa0$102']",table_row,table_row
"['Interest accrual48\xa052\n<BLK>', 'Benefit payments(262)(276)', '<BLK>\nForeign exchange impact(211)(27)']",table_row,table_row
"['2015(585)(587)(496)(588)(570)(593)(520)(438)82\n<BLK>', '2016—\xa0—\xa0—\xa0—\xa0—\xa0—\xa0—\xa0—\xa0—', '<BLK>\n2017—\xa0—\xa0—\xa0—\xa0—\xa0—\xa0—\xa0—\xa0—']",table_row,table_row
"['2018—\xa0—\xa0—\xa0—\xa0—\xa0—\xa0—\xa0—\xa0—\n<BLK>', '2019—\xa0—\xa0—\xa0—\xa0—\xa0—\xa0—\xa0—\xa0—', '<BLK>\n2020—\xa0—\xa0—\xa0—\xa0—\xa0—\xa0—\xa0—\xa0—']",table_row,table_row
"['<LONG>\n<BLK>', 'SHORT-DURATION REINSURANCE', '<BLK>\n<LONG>']",narrative,narrative
"['<LONG>\n<BLK>', 'Common Stock', '<BLK>\nThe following table presents a rollforward of outstanding shares:']",narrative,narrative
"['(e)Adjustment for the remaining difference represents the measurement of MRBs at fair value, excluding the impact of our own credit risk with an offset to Retained earnings.\n<BLK>', 'AIG | 2023 Form 10-K', '<BLK>\n229']",footer,footer
"['Purchase of common stock—\xa0—\xa0(3,014)—\xa0—\xa0—\xa0(3,014)—\xa0(3,014)\n<BLK>', 'Net income attributable to AIG or noncontrolling interests—\xa0—\xa0—\xa0—\xa03,643\xa0—\xa03,643\xa0235\xa03,878', '<BLK>\nDividends on preferred stock ($1,462.5 per share)']",table_row,table_row
"['Bonds available for sale:\n<BLK>', 'Non-U.S. governments$—\xa0$277\xa0$—\xa0$—\xa0$—\xa0$277', '<BLK>\nCorporate debt38\xa02,408\xa0—\xa0—\xa0—\xa02,446']",table_row,table_row
"['Rate of compensation increaseN/A(c)\n<BLK>', '2.42\xa0%N/AN/A', '<BLK>\n(a)The non-U.S. plans reflect those assumptions that were most appropriate for the local economic environments of each of the subsidiaries providing such benefits.']",table_row,table_row
"['Less: Reinsurance recoverable(164)—\xa0(164)(191)—\xa0(191)(200)—\xa0(200)\n<BLK>', 'Balance, end of year, net of Reinsurance recoverable$3,567\xa0$55\xa0$3,622\xa0$3,109\xa0$55\xa0$3,164\xa0$4,752\xa0$55\xa0$4,807', '<BLK>\nWeighted average duration of liability(a)']",table_row,table_row
"['Effect of changes in discount rate assumptions (AOCI)(441)(132)3\xa0(2,745)(1,906)(437)(5,658)\n<BLK>', 'Reclassified to Liabilities held for sale—\xa0—\xa0—\xa0(5,119)—\xa0—\xa0(5,119)', '<BLK>\nBalance, end of year$2,149\xa0$1,353\xa0$217\xa0$17,531\xa0$18,482\xa0$20,654\xa0$60,386']",table_row,table_row
"['Other income (expense) - net28\xa0—\n<BLK>', 'Gain (loss) on extinguishment of debt—\xa0(303)', '<BLK>\nNet investment income on Fortitude Re funds withheld assets53\xa053']",table_row,table_row
"['206\n<BLK>', 'AIG | 2023 Form 10-K', '<BLK>\n<BLK>']",footer,footer
"['FAIR VALUE INFORMATION ABOUT FINANCIAL INSTRUMENTS NOT MEASURED AT FAIR VALUE\n<BLK>', 'Information regarding the estimation of fair value for financial instruments not carried at fair value (excluding insurance contracts and lease contracts) is discussed below:', '<BLK>\n<LONG>']",narrative,narrative
"['Balance, end of year, before effect of changes in our own credit risk3,490\xa0220\xa03,710\xa03,297\xa0272\xa03,569\xa04,518\xa0415\xa04,933\n<BLK>', 'Effect of changes in our own credit risk1,072\xa088\xa01,160\xa0441\xa024\xa0465\xa01,934\xa0167\xa02,101', '<BLK>\nBalance, end of year4,562\xa0308\xa04,870\xa03,738\xa0296\xa04,034\xa06,452\xa0582\xa07,034']",table_row,table_row
"['720 - 7791,121\xa0625\xa0560\xa0169\xa099\xa0243\xa02,817\n<BLK>', '660 - 719313\xa0257\xa0113\xa040\xa037\xa0128\xa0888', '<BLK>\n600 - 6592\xa020\xa011\xa08\xa09\xa053\xa0103']",table_row,table_row
"['20151,2791,2791,3181,1341,1051,0411,0921,154\xa062\n<BLK>', '20161,2991,3461,3181,1401,0901,0751,0361,025\xa0(11)', '<BLK>\n2017789850776763731712705\xa0(7)']",table_row,table_row
"['20151,552\xa01,469\xa01,531\xa01,463\xa01,444\xa01,434\xa01,421\xa01,455\xa01,442\xa0(13)7\xa054,639\n<BLK>', '20161,536\xa01,685\xa01,678\xa01,682\xa01,678\xa01,674\xa01,609\xa01,604\xa0(5)10\xa057,287', '<BLK>\n20171,649\xa01,614\xa01,609\xa01,616\xa01,600\xa01,566\xa01,565\xa0(1)12\xa053,411']",table_row,table_row
"['As discussed in Note 1 to the consolidated financial statements, the Company changed the manner in which it accounts for long-duration insurance contracts in 2023.\n<BLK>', 'Basis for Opinions', '<BLK>\n<LONG>']",narrative,narrative
"['<BLK>\n<BLK>', 'ITEM 8 | Notes to Consolidated Financial Statements | 20. Employee Benefits', '<BLK>\nASSETS MEASURED AT FAIR VALUE']",footer,footer
"['Vested(264,588)(252,635)(290,037)52.82\xa049.42\xa044.59\n<BLK>', 'Forfeited(20,382)(82,540)(20,513)64.03\xa040.70\xa055.89', '<BLK>\nUnvested, end of year1,318,280\xa01,361,714\xa01,488,248\xa0$61.62\xa0$57.79\xa0$54.77']",table_row,table_row
"['Addition to (release of) allowance for loan losses221\xa010\xa0231\xa0112\xa0(8)104\xa0(138)(26)(164)\n<BLK>', 'Divestitures—\xa0—\xa0—\xa0—\xa0—\xa0—\xa0—\xa0(19)(19)', '<BLK>\nAllowance, end of year']",table_row,table_row
"['Amortization expense(3,566)(447)(78)(427)(6)(4,524)\n<BLK>', 'Other, including foreign exchange(153)—\xa0—\xa0(7)1\xa0(159)', '<BLK>\nBalance, end of year$2,428\xa0$4,553\xa0$1,078\xa0$4,904\xa0$38\xa0$13,001']",table_row,table_row
"['Fixed maturity securities available for sale received in connection with pension risk transfer transactions attributed to discontinued operations$1,316\xa0$4,317\xa0$1,121\n<BLK>', 'Fixed maturity securities and other invested assets received in connection with reinsurance transactions$256\xa0$110\xa0$110', '<BLK>\nFixed maturity securities and other invested assets transferred in connection with reinsurance transactions$(148)$(838)$(224)']",table_row,table_row
"['Years Ended December 31,202320222021\n<BLK>', '(in millions)IndividualRetirementGroupRetirementTotalIndividualRetirementGroupRetirementTotalIndividualRetirementGroupRetirementTotal', '<BLK>\nBalance, beginning of year$381\xa0$177\xa0$558\xa0$428\xa0$191\xa0$619\xa0$474\xa0$205\xa0$679']",table_row,table_row
"['Other invested assets(146)(4)—\xa0—\xa0(150)\n<BLK>', 'December 31, 2022', '<BLK>\nAssets:']",table_row,table_row
"['AIG | 2024 Form 10-K\n<BLK>', '161', '<BLK>\n<BLK>']",footer,footer
"['Operating results:\n<BLK>', 'Total revenues$4,589\xa0$28,500\xa0$31,560', '<BLK>\nTotal expenses(2,212)(2,789)(2,241)']",table_row,table_row
"['2018—\xa0—\xa0—\xa0—\xa0—\xa0—\xa0—\xa0—\xa0—\n<BLK>', '2019—\xa0—\xa0—\xa0—\xa0—\xa0—\xa0—\xa0—\xa0—', '<BLK>\n2020—\xa0—\xa0—\xa0—\xa0—\xa0—\xa0—\xa0—\xa0—']",table_row,table_row
"['LIABILITY FOR UNPAID LOSSES AND LOSS ADJUSTMENT EXPENSES (LOSS RESERVES)\n<BLK>', '<LONG>', '<BLK>\n<LONG>']",narrative,narrative
"['Range\n<BLK>', '(Weighted Average)(c)', '<BLK>\nAssets:']",table_row,table_row
"['2020—\xa0—\xa0—\xa0—\xa0—\xa0—\xa0—\xa0—\xa0—\n<BLK>', '2021—\xa0—\xa0—\xa0—\xa0—\xa0—\xa0—\xa0—\xa0—', '<BLK>\n2022—\xa0—\xa0—\xa0—\xa0—\xa0—\xa0—\xa0—\xa0—']",table_row,table_row
"['Year Ended December 31, 2022IndividualRetirementGroupRetirementLifeInsuranceInstitutionalMarketsOther(f)\n<BLK>', 'Total', '<BLK>\n(in millions, except for liability durations)']",table_row,table_row
"['205\n<BLK>', 'AIG | 2024 Form 10-K', '<BLK>\nITEM 8 | Report of Independent Registered Public Accounting Firm']",footer,footer
"['CMBS—\xa0303\xa028\xa0—\xa0—\xa0331\n<BLK>', 'CLO/ABS—\xa0389\xa0910\xa0—\xa0—\xa01,299', '<BLK>\nTotal other bond securities']",table_row,table_row
"['Allowance for credit losses(c)(d)\n<BLK>', '(838)(716)', '<BLK>\nMortgage and other loans receivable, net(c)']",table_row,table_row
"['*Includes funds held for tax sharing payments to AIG Parent, security deposits, and replacement reserve deposits related to real estate.\n<BLK>', 'See accompanying Notes to Consolidated Financial Statements.', '<BLK>\nAIG | 2024 Form 10-K']",narrative,narrative
"['37\xa037\n<BLK>', ""Other subsidiaries' notes, bonds, loans and mortgages payable - not guaranteed by AIG9.96% - 10.46%"", '<BLK>\n2027 - 2028']",table_row,table_row
"['Counterparty netting and cash collateral\n<BLK>', '—\xa0—\xa0—\xa0(3,864)(2,220)(6,084)', '<BLK>\nTotal derivative assets']",table_row,table_row
"['<BLK>\n<BLK>', 'ITEM 8 | Notes to Consolidated Financial Statements | 20. Statutory Financial Data and Restrictions', '<BLK>\nSTATUTORY PERMITTED ACCOUNTING PRACTICE']",footer,footer
"['20212,339\xa02,213\xa02,160\xa0(53)101\xa081,795\xa0—\xa0—\xa02,160\xa0101\n<BLK>', '20223,171\xa03,281\xa0110\xa0690\xa085,477\xa0—\xa0—\xa03,281\xa0690', '<BLK>\n20232,528\xa0777\xa088,129\xa0—\xa0—\xa02,528\xa0777']",table_row,table_row
"['Rent expense was $177\xa0million, $190\xa0million and $237\xa0million for the years ended December 31, 2023, 2022 and 2021, respectively.\n<BLK>', 'The following table presents the future undiscounted cash flows under operating leases at December 31, 2023:', '<BLK>\n(in millions)']",narrative,narrative
"['Net realized gains/(losses)$(177)$(25)$177\xa0$(25)\n<BLK>', 'Year Ended December 31, 2022', '<BLK>\nForeign exchange contracts:']",table_row,table_row
"['Total gain (loss)$719\xa0$(373)$1,704\n<BLK>', '(a)Includes certain securities supporting the funds withheld arrangements with Fortitude Re. For additional information regarding the gains and losses for Other bond securities, see Note 6. For additional information regarding the funds withheld arrangements with Fortitude Re, see Note 8.', '<BLK>\n(b)Includes certain hedge funds, private equity funds and other investment partnerships.']",narrative,narrative
"['20161,494\xa01,636\xa01,661\xa01,635\xa01,632\xa01,626\xa01,563\xa01,558\xa01,553\xa0(5)17\xa057,353\n<BLK>', '20171,609\xa01,598\xa01,576\xa01,582\xa01,567\xa01,533\xa01,533\xa01,535\xa02\xa015\xa053,528', '<BLK>\n20181,547\xa01,514\xa01,493\xa01,481\xa01,429\xa01,427\xa01,422\xa0(5)25\xa044,342']",table_row,table_row
"['Liabilities for losses and loss adjustment expenses and prior year development before accident year 2015, net of reinsurance39\xa07\n<BLK>', 'Unallocated loss adjustment expense prior year development—', '<BLK>\nLiabilities for losses and loss adjustment expenses and prior year loss development, net of reinsurance$1,269\xa0$(47)']",table_row,table_row
"['(c)Includes GIAs, notes, bonds and mortgages payable.\n<BLK>', '<LONG>', '<BLK>\nFor additional information about our policies for recognition, measurement, and disclosure of interest and dividend income, see Note\xa06.']",narrative,narrative
"['<BLK>\n<BLK>', 'ITEM 8 | Notes to Consolidated Financial Statements | 10. Variable Interest Entities', '<BLK>\nThe following table presents total assets of unconsolidated VIEs in which we hold a variable interest, as well as our maximum exposure to loss associated with these VIEs:']",footer,footer
"['As of or for the Years EndedPensionPostretirement\n<BLK>', 'December 31,U.S. Plans(a)', '<BLK>\nNon-U.S. Plans(a)']",table_row,table_row
"['Other assets130\xa0—\xa06\xa0136\n<BLK>', 'Total$713\xa0$(516)$(987)$(790)', '<BLK>\nLiabilities:']",table_row,table_row
"['ITEM 8 | Notes to Consolidated Financial Statements | 13. Insurance Liabilities\n<BLK>', 'UK/Europe Casualty and Financial Lines', '<BLK>\n<LONG>']",narrative,narrative
"['(c)Primarily comprised of Cash and Accrued investment income.\n<BLK>', '136', '<BLK>\nAIG | 2024 Form 10-K']",footer,footer
"['Pre-adoption December 31, 2020 deferred profit liability balance$2\xa0$—\xa0$5\xa0$64\xa0$—\xa0$71\n<BLK>', 'Adjustments for the reclassification from/(to) the liability for the future policy benefits65\xa08\xa0—\xa0766\xa0859\xa01,698', '<BLK>\nPost-adoption January 1, 2021 deferred profit liability balance$67\xa0$8\xa0$5\xa0$830\xa0$859\xa0$1,769']",table_row,table_row
"['Interest expense—\xa0(445)\n<BLK>', 'Other Operations424\xa0(207)', '<BLK>\nElimination and consolidations—\xa0(1)']",table_row,table_row
"['•The non-tabular workers’ compensation discount is calculated separately for companies domiciled in New York, Pennsylvania and Delaware, and follows the statutory regulations (prescribed or permitted) for each state.\n<BLK>', '–For New York companies, the discount is based on a 5 percent interest rate and the companies’ own payout patterns.', '<BLK>\n<LONG>']",narrative,narrative
"['AIG | 2023 Form 10-K\n<BLK>', '161', '<BLK>\n<BLK>']",footer,footer
"['<LONG>\n<BLK>', 'Non-U.S. defined benefit plans generally are either based on the employee’s years of credited service and compensation in the years preceding retirement or on points accumulated based on the employee’s job grade and other factors during each year of service.', '<BLK>\nPOSTRETIREMENT PLANS']",narrative,narrative
"['Equity contracts29\xa020\xa029\xa020\xa036,045\xa066\xa0—\xa0—\n<BLK>', 'Credit contracts(b)', '<BLK>\n52\xa031\xa0147\xa031\xa01,804\xa033\xa0504\xa036']",table_row,table_row
"['6.00years6.00years6.00years\n<BLK>', '(a)The dividend yield is the last dividend from Bloomberg times 4 divided by stock price based on Bloomberg Professional service as of the valuation date.', '<BLK>\n(b)The expected volatility is based on the implied volatility of 24 months stock option estimated by the Bloomberg Professional service as of the valuation date.']",narrative,narrative
"['Years Ended December 31,202320222021\n<BLK>', 'Life InsuranceOther*Life InsuranceOther*Life InsuranceOther*', '<BLK>\nWeighted-average interest rate3.92\xa0%4.20\xa0%3.76\xa0%4.24\xa0%3.74\xa0%4.21\xa0%']",table_row,table_row
"['Corporate debt—\xa0—\xa0—\xa0—\xa0—\xa0—\n<BLK>', 'Total$—\xa0$106\xa0$—\xa0$—\xa0$—\xa0$106', '<BLK>\n<LONG>']",table_row,table_row
"['<LONG>\n<BLK>', '<LONG>', '<BLK>\nThe following table presents the transition rollforward of the liability for future policy benefits for nonparticipating contracts(a):']",narrative,narrative
"['202336\xa0—\n<BLK>', 'Total$6,668\xa0$(298)', '<BLK>\n206']",table_row,table_row
"['Changes in benefit reserves related to net realized gains (losses)—\xa0—\xa0—\xa0—\xa014\n<BLK>', 'Changes in the fair value of equity securities(53)(53)—\xa0—\xa0(53)', '<BLK>\nOther income (expense) - net(29)28\xa028\xa0—\xa0—']",table_row,table_row
"['Note 6.  Investments\n<BLK>', '•Fixed maturity and equity securities', '<BLK>\n•Other invested assets']",narrative,narrative
"['201677\xa0298\xa0489\xa0703\xa0846\xa0938\xa01,018\xa01,074\xa0—\n<BLK>', '201751\xa0111\xa0216\xa0314\xa0455\xa0527\xa0592\xa0—', '<BLK>\n201843\xa0122\xa0227\xa0360\xa0470\xa0565\xa0—']",table_row,table_row
"['Net increase (decrease) due to divestitures and acquisitions—\xa0—\xa0—\xa0(1,619)—\xa02,116\xa0497\xa01,117\xa01,614\n<BLK>', 'Contributions from noncontrolling interests—\xa0—\xa0—\xa0—\xa0—\xa0—\xa0—\xa0133\xa0133', '<BLK>\nDistributions to noncontrolling interests—\xa0—\xa0—\xa0—\xa0—\xa0—\xa0—\xa0(284)(284)']",table_row,table_row
"['<LONG>\n<BLK>', 'Other assets consist of prepaid expenses, deposits, other deferred charges, real estate, other fixed assets, capitalized software costs, goodwill, intangible assets other than goodwill, restricted cash, derivative assets, and accrued interest income.', '<BLK>\n102']",narrative,narrative
"['Dynamic lapse multiplier(e)\n<BLK>', '20.00% - 186.18%', '<BLK>\nMortality multiplier(e)(f)']",table_row,table_row
"['80.00% - 100.00%\n<BLK>', 'Equity / interest rate correlation0.00% - 30.00%', '<BLK>\nNPA(g)']",table_row,table_row
"['Other, net1,664\xa0545\xa01,222\n<BLK>', 'Net cash provided by (used in) financing activities782\xa0(602)(3,679)', '<BLK>\nEffect of exchange rate changes on cash and restricted cash(13)(117)(67)']",table_row,table_row
"['2021278277274\xa0(3)\n<BLK>', '2022305305\xa0—', '<BLK>\n2023345']",table_row,table_row
"['<BLK>\n<BLK>', 'ITEM 8 | Notes to Consolidated Financial Statements | 13. Insurance Liabilities', '<BLK>\nDecember 31, 2022AtGuaranteedMinimum1 Basis Point -50 Basis PointsAboveMore than 50Basis Points AboveMinimum GuaranteeTotal']",footer,footer
"['ITEM 8 | Notes to Consolidated Financial Statements | 5. Fair Value Measurements\n<BLK>', 'INVESTMENTS IN CERTAIN ENTITIES CARRIED AT FAIR VALUE USING NET ASSET VALUE PER SHARE', '<BLK>\n<LONG>']",narrative,narrative
"['December 31, 2023\n<BLK>', '<LONG>', '<BLK>\nUnaudited']",table_row,table_row
"['(in millions)\n<BLK>', 'Year Ended December 31, 2023', '<BLK>\nBalance, beginning of year$1,727\xa0$2\xa0$105\xa0$1,834']",table_row,table_row
"['<BLK>\n<BLK>', 'American International Group, Inc.', '<BLK>\nConsolidated Balance Sheets']",narrative,narrative
"['At December 31,\n<BLK>', '(in millions)20232022', '<BLK>\nBalance sheet:']",table_row,table_row
"['1,321\xa0Discounted cash flowConstant prepayment rate4.10% - 9.26% (6.68%)\n<BLK>', 'Loss severity40.81% - 76.72% (58.76%)', '<BLK>\n118']",table_row,table_row
"['(b)Represents Life and Retirement legacy insurance lines ceded to Fortitude Re.\n<BLK>', '<LONG>', '<BLK>\nAdjustments for change in cash flow assumptions represents revised net premium ratios in excess of 100 percent for certain cohorts at transition, with an offset to Retained earnings.']",narrative,narrative
"['CMBS—\xa013,495\xa0633\xa0—\xa0—\xa014,128\n<BLK>', 'CLO/ABS—\xa013,959\xa016,038\xa0—\xa0—\xa029,997', '<BLK>\nTotal bonds available for sale']",table_row,table_row
"['Net realized losses on Fortitude Re funds withheld assets—\xa0(71)\n<BLK>', 'Net realized gains (losses) on Fortitude Re funds withheld embedded derivative—\xa0(273)', '<BLK>\nNet realized gains (losses)(c)']",table_row,table_row
"['139\n<BLK>', 'Note 11.Derivatives and Hedge Accounting', '<BLK>\n140']",table_row,table_row
"['Note 8.Reinsurance\n<BLK>', '181', '<BLK>\nNote 9.Deferred Policy Acquisition Costs']",footer,table_row
"['Unaudited\n<BLK>', '2014$1,036\xa0$1,009\xa0$1,032\xa0$1,039\xa0$1,034\xa0$1,122\xa0$1,064\xa0$1,106\xa0$1,111\xa0$1,117\xa0$6\xa0$75\xa0102,063', '<BLK>\n20151,092\xa01,233\xa01,262\xa01,170\xa01,244\xa01,234\xa01,238\xa01,258\xa01,266\xa08\xa074\xa0113,865']",table_row,table_row
"['(c)Compensation increases are no longer applicable as the plan is frozen effective January 1, 2016.\n<BLK>', 'AIG | 2023 Form 10-K', '<BLK>\n249']",footer,footer
"['Obligations of states, municipalities and political subdivisions1,994\xa0133\xa05,218\xa0709\xa07,212\xa0842\n<BLK>', 'Non-U.S. governments1,901\xa0168\xa07,483\xa01,175\xa09,384\xa01,343', '<BLK>\nCorporate debt15,483\xa01,936\xa093,649\xa016,076\xa0109,132\xa018,012']",table_row,table_row
"['Income (loss) from continuing operations$2,700\xa0$2,741\xa0$2,890\n<BLK>', 'Less: Preferred stock dividends and preferred stock redemption premiums22\xa029\xa029', '<BLK>\nIncome (loss) attributable to AIG common shareholders from continuing operations2,678\xa02,712\xa02,861']",table_row,table_row
"['Cumulative Paid Losses and Allocated Loss Adjustment Expenses, Net of Reinsurance from the table below(11,144)\n<BLK>', 'Liabilities for losses and allocated loss adjustment expenses and prior year development before 2014, net of reinsurance48\xa056', '<BLK>\nUnallocated loss adjustment expense prior year adjustment21']",table_row,table_row
"['Interest accrual—\xa0—\xa0397\xa0—\xa048\xa0445\n<BLK>', 'Net premium collected—\xa0—\xa0(1,418)—\xa0(123)(1,541)', '<BLK>\nForeign exchange impact—\xa0—\xa0(517)—\xa0—\xa0(517)']",table_row,table_row
"['Benefit payments(898)(613)(6)(59)(1,576)\n<BLK>', 'Investment performance(9,861)(8,479)(201)(319)(18,860)', '<BLK>\nNet transfers from (to) general account and other235\xa0(383)(2)53\xa0(97)']",table_row,table_row
"['Total cash and restricted cash shown in the Consolidated Statements of Cash Flows$2,204\xa0$2,216\xa0$2,427\n<BLK>', 'Cash paid during the period for:', '<BLK>\nInterest$1,059\xa0$1,127\xa0$1,348']",table_row,table_row
"['Paid Impact\n<BLK>', 'of ADC', '<BLK>\nAccident Year2015201620172018201920202021202220232024']",table_row,table_row
"['Commercial mortgages(a)\n<BLK>', '$3,305\xa0$3,836', '<BLK>\nLife insurance policy loans6\xa07']",table_row,table_row
"['Total undiscounted lease payments1,058\n<BLK>', 'Less: Present value adjustment190', '<BLK>\nNet lease liabilities$868']",table_row,table_row
"['U.S. Property and Special Risks\n<BLK>', '<LONG>', '<BLK>\nIncurred Losses and Allocated Loss Adjustment Expenses, Undiscounted and Net of Reinsurance']",narrative,narrative
"['SCHEDULE III\n<BLK>', 'Supplementary Insurance Information at December 31, 2024 and 2023 and for the years ended December 31, 2024, 2023 and 2022', '<BLK>\n204']",table_row,table_row
"['Elimination and consolidations(3)(5)10\n<BLK>', 'Total Revenue$27,251\xa0$27,938\xa0$29,996', '<BLK>\n106']",table_row,table_row
"['Notes and bonds payable\n<BLK>', '$9,079\xa0$459\xa0$146\xa0$268\xa0$905\xa0$340\xa0$6,961', '<BLK>\nJunior subordinated debt992\xa0—\xa0—\xa0—\xa0—\xa0—\xa0992']",table_row,table_row
"['Foreign exchange impact—\xa0—\xa0(517)—\xa0—\xa0(517)\n<BLK>', 'Other—\xa0—\xa0(1)—\xa01\xa0—', '<BLK>\nEnding balance at original discount rate—\xa0—\xa013,526\xa0—\xa01,057\xa014,583']",table_row,table_row
"['Accrued interest is excluded from the measurement of the allowance for credit losses and accrued interest is reversed through interest income once a loan is placed on nonaccrual.\n<BLK>', 'When all or a portion of a loan is deemed uncollectible, the uncollectible portion of the carrying amount of the loan is charged off against the allowance.', '<BLK>\n<LONG>']",narrative,narrative
"['<LONG>\n<BLK>', '<LONG>', '<BLK>\n<LONG>']",narrative,narrative
"['Event-drivenSecurities of companies undergoing material structural changes, including mergers, acquisitions and other reorganizations18\xa0—\xa092\xa0—\n<BLK>', 'Long-shortSecurities that the manager believes are undervalued, with corresponding short positions to hedge market risk549\xa0—\xa0696\xa0—', '<BLK>\nMacroInvestments that take long and short positions in financial instruments based on a top-down view of certain economic and capital market conditions69\xa0—\xa0414\xa0—']",table_row,narrative
"['<LONG>\n<BLK>', 'DEBT CASH TENDER OFFERS AND REDEMPTIONS', '<BLK>\nIn 2024, we repaid, redeemed and repurchased $2.0 billion aggregate principal amount of certain notes and debentures issued or guaranteed by AIG, for an aggregate purchase price of $2.1 billion, resulting in a total loss on extinguishment of debt of $14\xa0million. This includes the following:']",narrative,narrative
"['Foreign exchange contracts\n<BLK>', '—\xa01,235\xa01\xa0—\xa0—\xa01,236', '<BLK>\nEquity contracts']",table_row,table_row
"['2021488\xa0650\xa0658\xa0—\n<BLK>', '2022372\xa0401\xa0—', '<BLK>\n2023400\xa0—']",table_row,table_row
"['Cash and restricted cash at beginning of year2,216\xa02,427\xa03,230\n<BLK>', 'Cash and restricted cash of held for sale assets(3)—\xa0—', '<BLK>\nCash and restricted cash at end of year$2,204\xa0$2,216\xa0$2,427']",table_row,table_row
"['UK/Europe and Japan Personal Insurance\n<BLK>', '<LONG>', '<BLK>\nIncurred Losses and Allocated Loss Adjustment Expenses, Undiscounted and Net of Reinsurance*']",narrative,narrative
"['(b)Gains and losses on derivative instruments designated and qualifying in fair value hedges that are excluded from the assessment of hedge effectiveness and recognized in income on a mark-to-market basis.\n<BLK>', '142', '<BLK>\nAIG | 2024 Form 10-K']",footer,footer
"['•valuation of future policy benefit liabilities and recognition of measurement gains and losses;\n<BLK>', '•valuation of market risk benefits (MRBs) related to guaranteed benefit features of variable annuity, fixed annuity and fixed index annuity products;', '<BLK>\n•valuation of embedded derivative liabilities for fixed index annuity and index universal life products;']",narrative,narrative
"['American International Group, Inc.\n<BLK>', 'Consolidated Statements of Cash Flows (continued)', '<BLK>\nSupplementary Disclosure of Consolidated Cash Flow Information']",narrative,narrative
"['Change in net actuarial loss—\xa0—\xa0—\xa0—\xa0—\xa0(31)—\xa0(31)\n<BLK>', 'Change in prior service cost—\xa0—\xa0—\xa0—\xa0—\xa08\xa0—\xa08', '<BLK>\nChange in deferred tax asset (liability)25\xa07,446\xa0(341)(1,449)(20)3\xa0—\xa05,664']",table_row,table_row
"['Incurred Losses and Allocated Loss Adjustment Expenses, Undiscounted and Net of Reinsurance\n<BLK>', 'Years Ended December 31, (in millions)', '<BLK>\nDecember 31, 2024']",narrative,table_row
"['Ceded(11,791)(12,190)(12,650)\n<BLK>', 'Net$23,902\xa0$27,206\xa0$26,760', '<BLK>\nPremiums earned:']",table_row,table_row
"['<BLK>\n<BLK>', 'ITEM 8 | Notes to Consolidated Financial Statements | 8. Reinsurance', '<BLK>\n<LONG>']",footer,footer
"['(b)There were no loans that were held-for-sale carried at lower of cost or market as of December 31, 2024 and 2023.\n<BLK>', '(c)Excludes $37.6\xa0billion at both December 31, 2024 and 2023 of loans receivable from AIGFP, which has a full allowance for credit losses, recognized upon the deconsolidation of AIGFP. For additional information, see Note 1.', '<BLK>\n(d)Does not include allowance for credit losses of $8 million and $9 million, respectively, at December 31, 2024 and 2023, in relation to off-balance-sheet commitments to fund commercial mortgage loans, which is recorded in Other liabilities.']",narrative,narrative
"['DIVIDENDS DECLARED\n<BLK>', '<LONG>', '<BLK>\n238']",narrative,narrative
"['Life and Retirement companies:\n<BLK>', 'Domestic$4,025\xa0$4,057', '<BLK>\nForeign223\xa0194']",table_row,table_row
"['Reinsurance assets, net2,843\xa01,135\xa03,978\xa0(1,241)197\xa0(1,044)\n<BLK>', 'Capitalization of deferred policy acquisition costs(4,649)(73)(4,722)(4,906)(63)(4,969)', '<BLK>\nCurrent and deferred income taxes - net2,260\xa019\xa02,279\xa01,314\xa0265\xa01,579']",table_row,table_row
"['Income (loss) from continuing operations$4.07\xa0$3.74\xa0$3.63\n<BLK>', 'Income (loss) from discontinued operations$(6.24)$1.24\xa0$9.31', '<BLK>\nNet income (loss) attributable to AIG common shareholders$(2.17)$4.98\xa0$12.94']",table_row,table_row
"['<LONG>\n<BLK>', '<LONG>', '<BLK>\nChange in Accounting Principle']",narrative,narrative
"['235\n<BLK>', 'Note 18.Equity', '<BLK>\n237']",table_row,table_row
"['2024567\xa0455\xa06,285\xa0—\xa0—\xa0567\xa0455\n<BLK>', 'Total$7,083\xa0$(484)$(317)$6,766', '<BLK>\nCumulative Paid Losses and Allocated Loss Adjustment Expenses, Net of Reinsurance from the table below(3,806)—\xa071\xa0(3,735)']",table_row,table_row
"['Other liabilities—\xa03,101\xa0—\xa03,101\xa03,101\n<BLK>', 'Short-term and long-term debt—\xa019,328\xa0275\xa019,603\xa021,243', '<BLK>\nDebt of consolidated investment entities—\xa03,055\xa02,478\xa05,533\xa05,880']",table_row,table_row
"['200\xa0200\n<BLK>', 'CRBGLH junior subordinated debt(a)', '<BLK>\n7.57% - 8.50%']",table_row,table_row
"['Other changes:\n<BLK>', 'Foreign exchange effect606\xa0(1,463)(593)', '<BLK>\nLosses and loss adjustment expenses recognized within gain on divestitures569\xa0—\xa0—']",table_row,table_row
"['Total\n<BLK>', '$(512)$311\xa0$—\xa0$(278)$—\xa0$—\xa0$—\xa0$(479)$(96)$—', '<BLK>\n(a)Total Level 3 derivative exposures have been netted in these tables for presentation purposes only.']",table_row,table_row
"['Income from continuing operations before income tax expense3,870\xa02,867\xa03,772\n<BLK>', 'Income tax expense:', '<BLK>\nCurrent657\xa0176\xa0(452)']",table_row,table_row
"['Other policyholder funds include URR, consisting of front-end loads on investment-oriented contracts, representing those policy loads that are non-level and typically higher in initial policy years than in later policy years. Amortization of URR is recorded in Policy fees.\n<BLK>', '<LONG>', '<BLK>\n<LONG>']",narrative,narrative
"['Mortgage and other asset-backed securities—\xa059\xa01\xa060\xa0—\xa0—\xa0—\xa0—\n<BLK>', 'Other fixed maturity securities—\xa012\xa0—\xa012\xa0—\xa0—\xa0—\xa0—', '<BLK>\nOther investment types(e):']",table_row,table_row
"['Assets:\n<BLK>', 'Bonds available for sale:', '<BLK>\nObligations of states, municipalities and political subdivisions$1\xa0$—\xa0$(1)$—']",table_row,table_row
"['Unallocated loss adjustment expense prior year development17\n<BLK>', 'Liabilities for losses and loss adjustment expenses and prior year loss development, net of reinsurance$6,186\xa0$94\xa0$(514)$5,672', '<BLK>\nIncurred Losses and Loss Adjustment Expenses, Undiscounted, Net of Reinsurance (including impact of ADC)']",table_row,table_row
"['N/AN/A\n<BLK>', 'Rate of compensation increaseN/A(c)', '<BLK>\n2.42\xa0%N/AN/A']",table_row,table_row
"['For the Year Ended December 31, 2023\n<BLK>', 'Discount rate5.22\xa0%2.51\xa0%5.19\xa0%5.23\xa0%', '<BLK>\nInterest crediting rate4.02\xa0%1.07\xa0%(b)']",table_row,table_row
"['<LONG>\n<BLK>', 'Incurred Losses and Allocated Loss Adjustment Expenses, Undiscounted and Net of Reinsurance*', '<BLK>\nYears Ended December 31, (in millions)']",narrative,narrative
"['Intent to sell—\xa0—\xa0—\xa0(66)—\xa0(66)—\xa0—\xa0—\n<BLK>', 'Change in allowance for credit losses on fixed maturity securities(211)(9)(220)(184)(32)(216)19\xa07\xa026', '<BLK>\nChange in allowance for credit losses on loans(167)(62)(229)(55)(47)(102)163\xa09\xa0172']",table_row,table_row
"['202230\xa0109\xa0—\n<BLK>', '202346\xa0—', '<BLK>\nTotal$11,645\xa0$(501)']",table_row,table_row
"['(c)Excludes $37.6\xa0billion at both December 31, 2024 and 2023 of loans receivable from AIGFP, which has a full allowance for credit losses, recognized upon the deconsolidation of AIGFP. For additional information, see Note 1.\n<BLK>', '(d)Does not include allowance for credit losses of $8 million and $9 million, respectively, at December 31, 2024 and 2023, in relation to off-balance-sheet commitments to fund commercial mortgage loans, which is recorded in Other liabilities.', '<BLK>\n<LONG>']",narrative,narrative
"['<LONG>\n<BLK>', '17. Contingencies, Commitments and Guarantees', '<BLK>\nIn the normal course of business, various contingent liabilities and commitments are entered into by AIG and our subsidiaries. In addition, AIG Parent guarantees various obligations of certain subsidiaries.']",narrative,narrative
"['Total derivative liabilities\n<BLK>', '—\xa0916\xa036\xa0(450)(249)253', '<BLK>\nFortitude Re funds withheld payable']",table_row,table_row
"['Distributions to noncontrolling interests—\xa0—\xa0—\xa0—\xa0—\xa0—\xa0—\xa0(72)(72)\n<BLK>', 'Other—\xa0—\xa0—\xa0280\xa0(9)—\xa0271\xa0(44)227', '<BLK>\nBalance, December 31, 2024$—\xa0$4,766\xa0$(65,573)$75,348\xa0$35,079\xa0$(7,099)$42,521\xa0$29\xa0$42,550']",table_row,table_row
"['U.S. and international high yield(d)\n<BLK>', '—\xa033\xa0—\xa033\xa0—\xa0192\xa0—\xa0192', '<BLK>\nMortgage and other asset-backed securities—\xa059\xa01\xa060\xa0—\xa0—\xa0—\xa0—']",table_row,table_row
"['Weighted-average interest rate, original discount rate1.61\xa0%3.23\xa0%4.96\xa0%4.11\xa0%3.22\xa0%4.83\xa0%\n<BLK>', 'Weighted-average interest rate, current discount rate3.27\xa0%2.75\xa0%2.68\xa0%2.85\xa0%2.71\xa0%3.08\xa0%', '<BLK>\n(a)Weighted-average interest rates for Life Insurance include balances that have been reclassified to Liabilities held-for-sale at December 31, 2023.']",table_row,table_row
"['<LONG>\n<BLK>', 'Our share-settled awards are settled with previously acquired shares held in AIG’s treasury.', '<BLK>\nAIG Omnibus Incentive Plan']",narrative,narrative
"['—\xa06,428\xa0—\xa06,428\xa06,428\n<BLK>', 'Cash(b)', '<BLK>\n2,155\xa0—\xa0—\xa02,155\xa02,155']",table_row,table_row
"['U.S. PlansNon-U.S. Plans\n<BLK>', '(in millions)20232022202320222023202220232022', '<BLK>\nChange in projected benefit obligation:']",table_row,table_row
"['2024$270\xa0$43\xa0$11\xa0$1\n<BLK>', '2025264\xa045\xa011\xa02', '<BLK>\n2026267\xa047\xa010\xa02']",table_row,table_row
"['Summarized Financial Information of Equity Method Investees\n<BLK>', 'The following is the aggregated summarized financial information of our equity method investees, including those for which the fair value option has been elected:', '<BLK>\nYears Ended December 31,']",narrative,narrative
"['Option budget0.00% - 6.00%\n<BLK>', 'Equity / interest rate correlation0.00% - 30.00%', '<BLK>\nNPA(g)']",table_row,table_row
"['(in millions)202420232022\n<BLK>', 'Liability for unpaid loss and loss adjustment expenses, beginning of year$70,393\xa0$75,167\xa0$79,026', '<BLK>\nReinsurance recoverable(30,289)(32,102)(35,213)']",table_row,table_row
"['FAIR VALUE MEASUREMENTS ON A RECURRING BASIS\n<BLK>', '<LONG>', '<BLK>\n<LONG>']",narrative,narrative
"['December 31, 2023\n<BLK>', 'Bonds available for sale:', '<BLK>\nU.S. government and government sponsored entities$5,885\xa0$—\xa0$58\xa0$(327)$5,616']",table_row,table_row
"['Fortitude Re funds withheld payable\n<BLK>', '—\xa0—\xa0(1,226)—\xa0—\xa0(1,226)', '<BLK>\nOther liabilities']",table_row,table_row
"['110\xa02.8\xa0176\xa06.1\xa0150\xa04.0\n<BLK>', 'Share-based compensation payments excess tax effect', '<BLK>\n(16)(0.4)(21)(0.7)(13)(0.3)']",table_row,table_row
"['Liabilities for losses and loss adjustment expenses and prior year loss development, net of reinsurance$4,614\xa0$(10)$(211)$4,403\n<BLK>', 'Incurred Losses and Loss Adjustment Expenses, Undiscounted, Net of Reinsurance (including impact of ADC)', '<BLK>\nCalendar Years Ended December 31, (in millions)']",narrative,narrative
"['At December 31,Target 2024Actual 2023Actual 2022\n<BLK>', 'Asset class:', '<BLK>\nEquity securities21\xa0%19\xa0%24\xa0%']",table_row,table_row
"['Other liabilities112\xa010\xa0—\xa0—\xa0—\xa0—\xa0—\xa0122\xa0—\xa0—\n<BLK>', 'Total', '<BLK>\n$(512)$311\xa0$—\xa0$(278)$—\xa0$—\xa0$—\xa0$(479)$(96)$—']",table_row,table_row
"['2023345\xa0348\xa03\xa0210\xa0567\xa0—\xa0—\xa0348\xa0210\n<BLK>', '2024315\xa0302\xa0235\xa0—\xa0—\xa0315\xa0302', '<BLK>\nTotal$7,409\xa0$255\xa0$(534)$6,875']",table_row,table_row
"['After-tax loss on sale of Corebridge$(4,754)\n<BLK>', 'AIG | 2024 Form 10-K', '<BLK>\n109']",footer,footer
"['ITEM 8 | Notes to Consolidated Financial Statements | 13. Insurance Liabilities\n<BLK>', 'Year Ended December 31, 2022IndividualRetirementGroupRetirementLifeInsuranceInstitutionalMarketsOther(f)', '<BLK>\nTotal']",table_row,table_row
"['Total$7,083\xa0$(484)$(317)$6,766\n<BLK>', 'Cumulative Paid Losses and Allocated Loss Adjustment Expenses, Net of Reinsurance from the table below(3,806)—\xa071\xa0(3,735)', '<BLK>\nLiabilities for losses and loss adjustment expenses and prior year development before accident year 2015, net of reinsurance4,145\xa0(187)(3,708)437']",table_row,table_row
"['<LONG>\n<BLK>', '<LONG>', '<BLK>\n<LONG>']",narrative,narrative
"['CMBS587\xa0Discounted cash flowYield5.62% - 17.85% (11.73%)\n<BLK>', 'Market risk benefit assets912\xa0Discounted cash flowEquity volatility6.25% - 49.75%', '<BLK>\nBase lapse rate0.16% - 28.80%']",table_row,table_row
"['Total other comprehensive income (loss)117\xa06,851\xa0432\xa0(802)(540)47\xa0—\xa06,105\n<BLK>', 'Add: Corebridge noncontrolling interests2\xa0610\xa033\xa0(105)(3)—\xa0—\xa0537', '<BLK>\nLess: Noncontrolling interests17\xa0(559)(11)258\xa0(1)—\xa0—\xa0(296)']",table_row,table_row
"['Undiscounted expected future gross premiums—\xa0—\xa0—\n<BLK>', 'Group RetirementUndiscounted expected future benefits and expense$313\xa0$321\xa0$328', '<BLK>\nUndiscounted expected future gross premiums—\xa0—\xa0—']",table_row,table_row
"['2023964\n<BLK>', 'Total$18,747', '<BLK>\n*The losses reported in the table are not covered by the ADC.']",table_row,table_row
"['Derivatives not designated as hedging instruments:(a)\n<BLK>', 'Interest rate contracts42,549\xa03,056\xa042,466\xa03,614\xa039,833\xa03,367\xa034,128\xa04,772', '<BLK>\nForeign exchange contracts8,803\xa0820\xa09,900\xa0558\xa08,626\xa01,202\xa010,397\xa0821']",table_row,table_row
"['ITEM 8 | Notes to Consolidated Financial Statements | 5. Fair Value Measurements\n<BLK>', 'CHANGES IN LEVEL 3 RECURRING FAIR VALUE MEASUREMENTS', '<BLK>\n<LONG>']",narrative,narrative
"['Issuances216\xa012\xa01,374\xa02,782\xa09\xa04,393\n<BLK>', 'Interest accrual42\xa010\xa0876\xa0459\xa01,233\xa02,620', '<BLK>\nBenefit payments(116)(26)(1,757)(821)(1,483)(4,203)']",table_row,table_row
"['(in millions)202320222021\n<BLK>', 'Operating results:', '<BLK>\nTotal revenues$4,589\xa0$28,500\xa0$31,560']",narrative,table_row
"['9,805\xa03,150\xa012,955\n<BLK>', 'Market risk benefit assets(c)', '<BLK>\n—\xa0338\xa0338']",table_row,table_row
"['Other investments11\xa015\xa015\n<BLK>', 'Total100\xa0%100\xa0%100\xa0%', '<BLK>\n<LONG>']",table_row,table_row
"['Balance, beginning of year, before effect of changes in our own credit risk$3,297\xa0$272\xa0$3,569\xa04,518\xa0415\xa04,933\xa05,621\xa0615\xa06,236\n<BLK>', 'Issuances681\xa037\xa0718\xa0263\xa025\xa0288\xa0247\xa028\xa0275', '<BLK>\nInterest accrual156\xa015\xa0171\xa0172\xa021\xa0193\xa0142\xa021\xa0163']",table_row,table_row
"['<BLK>\n<BLK>', 'ITEM 8 | Notes to Consolidated Financial Statements | 6. Investments', '<BLK>\n(in millions)Amortized']",footer,footer
"['•Net realized gains (losses)\n<BLK>', '•Allowance for credit losses', '<BLK>\nNote 7.  Lending Activities']",narrative,table_row
"['Balance, beginning of period$255\xa0$260\xa0$281\n<BLK>', 'Addition to (release of) allowance for expected credit losses and disputes, net11\xa0(5)(22)', '<BLK>\nWrite-offs charged against the allowance for credit losses and disputes(1)—\xa0(5)']",table_row,table_row
"['AIG | 2023 Form 10-K\n<BLK>', '147', '<BLK>\n<BLK>']",footer,footer
"['SECURITIES AVAILABLE FOR SALE\n<BLK>', 'The following table presents the amortized cost and fair value of our available for sale securities:', '<BLK>\n(in millions)Amortized']",narrative,narrative
"['Short-term investments\n<BLK>', '—\xa03,502\xa0—\xa03,502\xa03,502', '<BLK>\nCash1,540\xa0—\xa0—\xa01,540\xa01,540']",table_row,table_row
"['Year Ended December 31, 2021\n<BLK>', 'Unrealized change arising during period$55\xa0$(8,030)$227\xa0$1,717\xa0$(108)$379\xa0$(2)$(5,762)', '<BLK>\nLess: Reclassification adjustments included in net income—\xa0928\xa0—\xa0—\xa0—\xa0(46)—\xa0882']",table_row,table_row
"['(a)Excludes stock options, other RSUs and DSUs, which are discussed under Stock Options, Other RSU Grants and Non-Employee Plan, respectively.\n<BLK>', '(b)PSUs represent target amount granted and does not reflect potential increases or decreases that could result from the final outcome of the performance goals for the respective awards, which is determined by the CMRC in the quarter after the applicable performance period ends.', '<BLK>\n(c)Also reflects units that vest as a result of an accelerated vesting event that occurred prior to the specified vesting date but for which share delivery has not yet occurred.']",narrative,narrative
"['For additional information related to embedded derivatives, see Note 11.\n<BLK>', 'Additionally, we elect the fair value option for certain alternative investments when such investments are eligible for this election. We believe this measurement basis is consistent with the applicable accounting guidance used by the respective investment company funds themselves.', '<BLK>\nFor additional information on securities and other invested assets for which we have elected the fair value option, see Note 6.']",narrative,narrative
"['Dividends on common stock ($1.28 per share)\n<BLK>', '—\xa0—\xa0—\xa0—\xa0(982)—\xa0(982)—\xa0(982)', '<BLK>\nOther comprehensive loss—\xa0—\xa0—\xa0—\xa0—\xa0(29,803)(29,803)(2,500)(32,303)']",table_row,table_row
"['Policy fees$64\xa0$63\xa0$61\n<BLK>', 'Net investment income - excluding Fortitude Re funds withheld assets—\xa02\xa05', '<BLK>\nNet investment income - Fortitude Re funds withheld assets(11)(10)—']",table_row,table_row
"['ITEM 8 | Notes to Consolidated Financial Statements | 13. Insurance Liabilities\n<BLK>', 'using methods, assumptions and procedures then in effect which may differ from our current reserving bases. Accordingly, it may not be appropriate to extrapolate future redundancies or deficiencies based on the aggregated historical results shown in the triangles.', '<BLK>\n•Dispositions: We exclude dispositions from all accident years presented in the tables.']",narrative,narrative
"['Cumulative Paid Losses and Allocated Loss Adjustment Expenses, Net of Reinsurance from the table below194\n<BLK>', 'Liabilities for losses and allocated loss adjustment expenses and prior year development before 2015, net of reinsurance(919)51', '<BLK>\nUnallocated loss adjustment expense prior year development(28)']",table_row,table_row
"['Real estate investments184\xa0329\xa0133\xa0348\xa0Amortized cost\n<BLK>', 'Private equity funds / hedge funds1,910\xa01,910\xa01,893\xa01,893\xa0Fair value through net investment income', '<BLK>\nPolicy loans330\xa0330\xa0355\xa0355\xa0Amortized cost']",table_row,table_row
"['20182,978\xa02,993\xa02,992\xa03,229\xa03,201\xa03,210\xa03,204\xa0(6)49\xa070,122\xa0—\xa0—\xa03,204\xa049\n<BLK>', '20192,177\xa02,146\xa02,211\xa02,222\xa02,177\xa02,198\xa021\xa034\xa078,995\xa0—\xa0—\xa02,198\xa034', '<BLK>\n20203,391\xa03,320\xa03,280\xa03,238\xa03,269\xa031\xa0645\xa068,891\xa0—\xa0—\xa03,269\xa0645']",table_row,table_row
"['Unearned premiums$65\n<BLK>', 'Future policy benefits 57,946', '<BLK>\nPolicyholder contract deposits161,979']",table_row,table_row
"['8. Reinsurance\n<BLK>', '<LONG>', '<BLK>\n<LONG>']",narrative,narrative
"['20181,6401,7661,8822,0632,2252,3222,282\xa0(40)\n<BLK>', '20191,5031,5361,6271,9261,9121,945\xa033', '<BLK>\n20201,2131,2521,4081,4571,470\xa013']",table_row,table_row
"['ITEM 8 | Notes to Consolidated Financial Statements | 5. Fair Value Measurements\n<BLK>', 'ASSETS AND LIABILITIES MEASURED AT FAIR VALUE ON A RECURRING BASIS', '<BLK>\nThe following table presents information about assets and liabilities measured at fair value on a recurring basis and indicates the level of the fair value measurement based on the observability of the inputs used:']",narrative,narrative
"['Non-deductible transfer pricing charges\n<BLK>', '16\xa00.4\xa012\xa00.1\xa016\xa00.1', '<BLK>\nDividends received deduction']",table_row,table_row
"['2022—\xa0—\xa0—\xa0—\xa0—\xa0—\xa0—\xa0—\xa0—\n<BLK>', '2023—\xa0—\xa0—\xa0—\xa0—\xa0—\xa0—\xa0—\xa0—', '<BLK>\nTotal$(697)$(787)$(589)$(523)$(526)$(475)$(478)$(496)$(18)']",table_row,table_row
"['Total\n<BLK>', '(in millions, except for liability durations)', '<BLK>\nPresent value of expected net premiums']",table_row,table_row
"['(in millions)Hedging\n<BLK>', 'Derivatives(a)', '<BLK>\nExcluded']",table_row,table_row
"['Global Personal7,119\xa06,894\xa03,811\xa01,309\xa0698\xa01,084\xa0(8)\n<BLK>', 'Total General Insurance$26,719\xa0$25,091\xa0$14,775\xa0$3,623\xa0$1,279\xa0$3,065\xa0$2,349\xa0$3,022\xa0$5,371', '<BLK>\nInterest expense—\xa0(498)']",table_row,table_row
"['The weighted average interest rates are calculated using projected future net liability cash flows that are aggregated to the segment level, and are represented as an annual rate.\n<BLK>', 'AIG | 2023 Form 10-K', '<BLK>\n221']",footer,footer
"['December 31, 2023Payments due by period\n<BLK>', '(in millions)Gross Amounts20242025-20262027-2028ThereafterStated Interest rates', '<BLK>\nFHLB Facility']",table_row,table_row
"['Retroactive reinsurance adjustment (net of discount)(b)\n<BLK>', '15\xa0158\xa0745', '<BLK>\nDispositions(c)']",table_row,table_row
"['December 31, 2023\n<BLK>', 'Assets:', '<BLK>\nBonds available for sale:']",table_row,table_row
"['Other, net197\xa01,968\xa01,626\n<BLK>', 'Total adjustments677\xa04,212\xa01,732', '<BLK>\nNet cash provided by operating activities - continuing operations3,377\xa06,953\xa04,622']",table_row,table_row
"['CMBS—\xa033\xa0—\xa0—\xa0—\xa033\n<BLK>', 'CLO/ABS—\xa069\xa0138\xa0—\xa0—\xa0207', '<BLK>\nTotal other bond securities']",table_row,table_row
"['•Incurred but not reported liabilities (IBNR): We include development from past reported losses in IBNR.\n<BLK>', '•Data excluded from tables: Information with respect to accident years older than ten years is excluded from the development tables. Unallocated loss adjustment expenses are also excluded.', '<BLK>\n<LONG>']",narrative,narrative
"['Other product lines(162)(172)—\xa0—\xa0(172)\n<BLK>', 'Subtotal, adjusted pre-tax basis$(392)$(234)$—\xa0$(164)$(398)', '<BLK>\nRemove impact of Retroactive Reinsurance']",table_row,table_row
"['<LONG>\n<BLK>', '104', '<BLK>\nAIG | 2024 Form 10-K']",footer,footer
"['<BLK>\n<BLK>', 'ITEM 8 | Notes to Consolidated Financial Statements | 13. Insurance Liabilities', '<BLK>\nPrior Year Development']",footer,footer
"['Total$3,806\xa0$(71)\n<BLK>', 'AIG | 2024 Form 10-K', '<BLK>\n151']",footer,footer
"['<LONG>\n<BLK>', '<LONG>', '<BLK>\nAIG | 2023 Form 10-K']",narrative,narrative
"['The following table presents the future undiscounted cash flows under operating leases at December 31, 2024:\n<BLK>', '(in millions)', '<BLK>\n2025$143']",table_row,table_row
"['Income per common share attributable to AIG common shareholders:\n<BLK>', 'Basic:', '<BLK>\nIncome from continuing operations$1.14\xa0$0.45\xa0$0.72\xa0$1.15\xa0$0.75\xa0$0.97\xa0$1.53\xa0$1.22']",table_row,table_row
"['(c)Includes investments in U.S. and non-U.S. government issued bonds, U.S. government agency or sponsored agency bonds, and investment grade corporate bonds.\n<BLK>', '(d)Consists primarily of investments in securities or debt obligations that have a rating below investment grade.', '<BLK>\n(e)Excludes investments that are measured at fair value using the NAV per share (or its equivalent), which totaled $608\xa0million and $517\xa0million at December 31, 2024 and 2023, respectively.']",narrative,narrative
"['Foreign2,052\xa01,967\xa01,822\n<BLK>', 'Total$3,870\xa0$2,867\xa0$3,772', '<BLK>\nThe following table presents the income tax expense (benefit) attributable to pre-tax income (loss) from continuing operations:']",table_row,table_row
"['Claims Payout Patterns\n<BLK>', 'The following table presents the historical average annual percentage claims payout on an accident year basis at the same level of disaggregation as presented in the claims development table.', '<BLK>\nAverage Annual Percentage Payout of Incurred Losses by Age, Net of Reinsurance (Unaudited)']",table_row,narrative
"['<LONG>\n<BLK>', 'NON-EMPLOYEE PLAN', '<BLK>\n<LONG>']",narrative,narrative
"['Cumulative Paid Losses and Allocated Loss Adjustment Expenses, Net of Reinsurance from the table below71\n<BLK>', 'Liabilities for losses and allocated loss adjustment expenses and prior year development before 2015, net of reinsurance(3,708)161', '<BLK>\nUnallocated loss adjustment expense prior year development(214)']",table_row,table_row
"['Capitalization of deferred policy acquisition costs(5,419)(4,722)(4,969)\n<BLK>', 'Current and deferred income taxes - net(1,003)2,279\xa01,579', '<BLK>\nOther, net418\xa0156\xa0(1,534)']",table_row,table_row
"['Incurred Losses and Allocated Loss Adjustment Expenses, Undiscounted and Net of Reinsurance\n<BLK>', 'Years Ended December 31, (in millions)', '<BLK>\nDecember 31, 2024']",table_row,table_row
"['246\n<BLK>', 'AIG | 2023 Form 10-K', '<BLK>\n<BLK>']",footer,footer
"['Ending balance at original discount rate2,249\xa02,590\n<BLK>', 'Effect of changes in discount rate assumptions (AOCI)(273)(441)', '<BLK>\nBalance, end of year$1,976\xa0$2,149']",table_row,table_row
"['ACTUARIAL ASSUMPTION UPDATES FOR MARKET RISK BENEFITS\n<BLK>', '<LONG>', '<BLK>\nANNUITY GUARANTEES']",narrative,narrative
"['U.S. government and government sponsored entities$5,885\xa0$—\xa0$58\xa0$(327)$5,616\n<BLK>', 'Obligations of states, municipalities and political subdivisions11,387\xa0—\xa0118\xa0(842)10,663', '<BLK>\nNon-U.S. governments13,668\xa0(3)137\xa0(1,349)12,453']",table_row,table_row
"['The following table presents the amount of revenue and interest recognized in the Consolidated Statements of Income (Loss) for future policy benefits for nonparticipating contracts:\n<BLK>', 'Years Ended December 31,', '<BLK>\n(in millions)202420232022']",narrative,narrative
"['(61)(268)\n<BLK>', 'Net gain (loss) on divestitures and other—\xa0(153)', '<BLK>\nNon-operating litigation reserves and settlements—\xa016']",table_row,table_row
"['RMBS6,423\xa0(9)219\xa0(426)6,207\n<BLK>', 'CMBS4,326\xa0(4)23\xa0(198)4,147', '<BLK>\nCLO/ABS5,010\xa0—\xa031\xa0(123)4,918']",table_row,table_row
"['Unaudited\n<BLK>', '2015$(436)$(425)$(464)$(493)$(483)$(490)$(512)$(462)$(534)$(72)', '<BLK>\n2016—\xa0—\xa0—\xa0—\xa0—\xa0—\xa0—\xa0—\xa0—\xa0—']",table_row,table_row
"['Discount rate5.22\xa0%2.51\xa0%5.19\xa0%5.23\xa0%\n<BLK>', 'Interest crediting rate4.02\xa0%1.07\xa0%(b)', '<BLK>\nN/AN/A']",table_row,table_row
"['20.00% - 186.18%\n<BLK>', 'Mortality multiplier(e)(f)', '<BLK>\n40.26% - 168.43%']",table_row,table_row
"['OFFSETTING\n<BLK>', '<LONG>', '<BLK>\nHEDGE ACCOUNTING']",narrative,narrative
"['Foreign exchange impact(14)—\xa0—\xa0265\xa0—\xa0—\xa0251\n<BLK>', 'Other—\xa0—\xa0—\xa011\xa0—\xa0(9)2', '<BLK>\nEnding balance at original discount rate2,041\xa0—\xa0—\xa014,148\xa0—\xa01,017\xa017,206']",table_row,table_row
"['Divestitures, net587\xa02,568\xa0—\n<BLK>', 'Maturities of fixed maturity securities available for sale9,223\xa09,083\xa08,945', '<BLK>\nPrincipal payments received on and sales of mortgage and other loans receivable1,007\xa01,265\xa01,886']",table_row,table_row
"['The inputs or methodologies used for valuing securities are not necessarily an indication of the risk associated with investing in these securities. Based on our investment strategy, we had no significant concentrations of risks at December 31, 2023.\n<BLK>', '252', '<BLK>\nAIG | 2023 Form 10-K']",footer,footer
"['General Insurance\n<BLK>', 'North America$10,989\xa0$—\xa0$1,333\xa0$(47)(a)', '<BLK>\nInternational14,068\xa0—\xa02,197\xa01,102\xa0(a)']",table_row,table_row
"['STATUTORY PERMITTED ACCOUNTING PRACTICE\n<BLK>', '<LONG>', '<BLK>\n<LONG>']",narrative,narrative
"['Calendar Years Ended December 31, (in millions)\n<BLK>', 'AccidentYear20162017201820192020202120222023Prior YearDevelopment', '<BLK>\nUnaudited']",table_row,table_row
"['Incurred Losses and Loss Adjustment Expenses, Undiscounted, Net of Reinsurance (including impact of ADC)\n<BLK>', 'Calendar Years Ended December 31, (in millions)', '<BLK>\nAccidentYear20162017201820192020202120222023Prior YearDevelopment']",table_row,table_row
"['U.S. investment grade(c)\n<BLK>', '24\xa02,230\xa010\xa02,264\xa0—\xa0—\xa0—\xa0—', '<BLK>\nInternational investment grade(c)']",table_row,table_row
"['The following table presents information about assets and liabilities measured at fair value on a recurring basis and indicates the level of the fair value measurement based on the observability of the inputs used:\n<BLK>', 'December 31, 2023Level 1Level 2Level 3Counterparty', '<BLK>\nNetting(a)']",table_row,table_row
"['20152,567\xa02,506\xa02,489\xa02,492\xa02,466\xa02,471\xa02,479\xa02,490\xa02,493\xa03\xa04\xa059,513\xa0(100)(1)2,393\xa03\n<BLK>', '20162,674\xa02,748\xa02,690\xa02,697\xa02,707\xa02,694\xa02,700\xa02,713\xa013\xa08\xa054,821\xa0—\xa0—\xa02,713\xa08', '<BLK>\n20174,673\xa04,239\xa04,127\xa04,153\xa04,173\xa04,212\xa04,175\xa0(37)15\xa079,764\xa0—\xa0—\xa04,175\xa015']",table_row,table_row
