label,line
footer,ITEM 8 | Financial Statements and Supplementary Data
blank,
narrative,"AMERICAN INTERNATIONAL GROUP, INC."
blank,
narrative,REFERENCE TO FINANCIAL STATEMENTS AND SCHEDULES
blank,
narrative,Page
blank,
narrative,FINANCIAL STATEMENTS
blank,
table_row,Report of Independent Registered Public Accounting Firm (PCAOB ID 238)
blank,
table_row,92
blank,
table_row,"Consolidated Balance Sheets at December 31, 2024 and 2023"
blank,
table_row,94
blank,
table_row,"Consolidated Statements of Income (Loss) for the years ended December 31, 2024, 2023 and 2022"
blank,
table_row,95
blank,
table_row,"Consolidated Statements of Comprehensive Income (Loss) for the years ended December 31, 2024, 2023 and 2022"
blank,
table_row,96
blank,
table_row,"Consolidated Statements of Equity for the years ended December 31, 2024, 2023 and 2022"
blank,
table_row,97
blank,
table_row,"Consolidated Statements of Cash Flows for the years ended December 31, 2024, 2023 and 2022"
blank,
table_row,98
blank,
narrative,Notes to Consolidated Financial Statements
blank,
table_row,Note 1.Basis of Presentation
blank,
table_row,100
blank,
table_row,Note 2.Summary of Significant Accounting Policies
blank,
table_row,102
blank,
table_row,Note 3.Segment Information
blank,
table_row,104
blank,
table_row,Note 4.Discontinued Operations Presentation
blank,
table_row,107
blank,
table_row,Note 5.Fair Value Measurements
blank,
table_row,110
blank,
table_row,Note 6.Investments
blank,
table_row,122
blank,
table_row,Note 7.Lending Activities
blank,
table_row,131
blank,
table_row,Note 8.Reinsurance
blank,
table_row,134
blank,
table_row,Note 9.Deferred Policy Acquisition Costs
blank,
table_row,138
blank,
table_row,Note 10.Variable Interest Entities
blank,
table_row,139
blank,
table_row,Note 11.Derivatives and Hedge Accounting
blank,
table_row,140
blank,
table_row,Note 12.Goodwill and Other Intangible Assets
blank,
table_row,143
blank,
table_row,Note 13.Insurance Liabilities
blank,
table_row,144
blank,
table_row,Note 14.Debt
blank,
table_row,167
blank,
table_row,"Note 15.Contingencies, Commitments and Guarantees"
blank,
table_row,169
blank,
table_row,Note 16.Equity
blank,
table_row,171
blank,
table_row,Note 17.Earnings Per Common Share (EPS)
blank,
table_row,174
blank,
table_row,Note 18.Statutory Financial Data and Restrictions
blank,
table_row,175
blank,
table_row,Note 19.Share-Based Compensation Plans
blank,
table_row,176
blank,
table_row,Note 20.Employee Benefits
blank,
table_row,179
blank,
table_row,Note 21.Income Taxes
blank,
table_row,186
blank,
table_row,Note 22.Quarterly Financial Information (Unaudited)
blank,
table_row,190
blank,
table_row,Note 23.Subsequent Events
blank,
table_row,190
blank,
narrative,Schedules
blank,
table_row,SCHEDULE I
blank,
table_row,"Summary of Investments – Other than Investments in Related Parties at December 31, 2024"
blank,
table_row,199
blank,
table_row,SCHEDULE II
blank,
table_row,"Condensed Financial Information of Registrant at December 31, 2024 and 2023 and for the years ended December 31, 2024, 2023 and 2022"
blank,
table_row,200
blank,
table_row,SCHEDULE III
blank,
table_row,"Supplementary Insurance Information at December 31, 2024 and 2023 and for the years ended December 31, 2024, 2023 and 2022"
blank,
table_row,204
blank,
table_row,SCHEDULE IV
blank,
table_row,"Reinsurance for the years ended December 31, 2024, 2023 and 2022"
blank,
table_row,205
blank,
table_row,SCHEDULE V
blank,
table_row,"Valuation and Qualifying Accounts for the years ended December 31, 2024, 2023 and 2022"
blank,
table_row,205
blank,
footer,AIG | 2024 Form 10-K
blank,
footer,ITEM 8 | Report of Independent Registered Public Accounting Firm
blank,
narrative,Report of Independent Registered Public Accounting Firm
blank,
narrative,"To the Board of Directors and Shareholders of American International Group, Inc."
blank,
narrative,Opinions on the Financial Statements and Internal Control over Financial Reporting
blank,
narrative,"We have audited the accompanying consolidated balance sheets of American International Group, Inc. and its subsidiaries (the ""Company"") as of December 31, 2024 and 2023, and the related consolidated statements of income (loss), of comprehensive income (loss), of equity and of cash flows for each of the three years in the period ended December 31, 2024, including the related notes and financial statement schedules listed in the accompanying index (collectively referred to as the “consolidated financial statements”). We also have audited the Company's internal control over financial reporting as of December 31, 2024, based on criteria established in Internal Control - Integrated Framework (2013) issued by the Committee of Sponsoring Organizations of the Treadway Commission (COSO)."
blank,
narrative,"In our opinion, the consolidated financial statements referred to above present fairly, in all material respects, the financial position of the Company as of December 31, 2024 and 2023, and the results of its operations and its cash flows for each of the three years in the period ended December 31, 2024 in conformity with accounting principles generally accepted in the United States of America. Also in our opinion, the Company maintained, in all material respects, effective internal control over financial reporting as of December 31, 2024, based on criteria established in Internal Control - Integrated Framework (2013) issued by the COSO."
blank,
narrative,Basis for Opinions
blank,
narrative,"The Company's management is responsible for these consolidated financial statements, for maintaining effective internal control over financial reporting, and for its assessment of the effectiveness of internal control over financial reporting, included in Management’s Report on Internal Control over Financial Reporting appearing under Item 9A. Our responsibility is to express opinions on the Company’s consolidated financial statements and on the Company's internal control over financial reporting based on our audits. We are a public accounting firm registered with the Public Company Accounting Oversight Board (United States) (PCAOB) and are required to be independent with respect to the Company in accordance with the U.S. federal securities laws and the applicable rules and regulations of the Securities and Exchange Commission and the PCAOB."
blank,
narrative,"We conducted our audits in accordance with the standards of the PCAOB. Those standards require that we plan and perform the audits to obtain reasonable assurance about whether the consolidated financial statements are free of material misstatement, whether due to error or fraud, and whether effective internal control over financial reporting was maintained in all material respects."
blank,
narrative,"Our audits of the consolidated financial statements included performing procedures to assess the risks of material misstatement of the consolidated financial statements, whether due to error or fraud, and performing procedures that respond to those risks. Such procedures included examining, on a test basis, evidence regarding the amounts and disclosures in the consolidated financial statements. Our audits also included evaluating the accounting principles used and significant estimates made by management, as well as evaluating the overall presentation of the consolidated financial statements. Our audit of internal control over financial reporting included obtaining an understanding of internal control over financial reporting, assessing the risk that a material weakness exists, and testing and evaluating the design and operating effectiveness of internal control based on the assessed risk. Our audits also included performing such other procedures as we considered necessary in the circumstances. We believe that our audits provide a reasonable basis for our opinions."
blank,
narrative,Definition and Limitations of Internal Control over Financial Reporting
blank,
narrative,"A company’s internal control over financial reporting is a process designed to provide reasonable assurance regarding the reliability of financial reporting and the preparation of financial statements for external purposes in accordance with generally accepted accounting principles. A company’s internal control over financial reporting includes those policies and procedures that (i) pertain to the maintenance of records that, in reasonable detail, accurately and fairly reflect the transactions and dispositions of the assets of the company; (ii) provide reasonable assurance that transactions are recorded as necessary to permit preparation of financial statements in accordance with generally accepted accounting principles, and that receipts and expenditures of the company are being made only in accordance with authorizations of management and directors of the company; and (iii) provide reasonable assurance regarding prevention or timely detection of unauthorized acquisition, use, or disposition of the company’s assets that could have a material effect on the financial statements."
blank,
narrative,"Because of its inherent limitations, internal control over financial reporting may not prevent or detect misstatements. Also, projections of any evaluation of effectiveness to future periods are subject to the risk that controls may become inadequate because of changes in conditions, or that the degree of compliance with the policies or procedures may deteriorate."
blank,
footer,92
blank,
footer,AIG | 2024 Form 10-K
blank,
narrative,TABLE OF CONTENTS
blank,
footer,ITEM 8 | Report of Independent Registered Public Accounting Firm
blank,
narrative,Critical Audit Matter
blank,
narrative,"The critical audit matter communicated below is a matter arising from the current period audit of the consolidated financial statements that was communicated or required to be communicated to the audit committee and that (i) relates to accounts or disclosures that are material to the consolidated financial statements and (ii) involved our especially challenging, subjective, or complex judgments. The communication of critical audit matters does not alter in any way our opinion on the consolidated financial statements, taken as a whole, and we are not, by communicating the critical audit matter below, providing a separate opinion on the critical audit matter or on the accounts or disclosures to which it relates."
blank,
narrative,"Valuation of Insurance Liabilities - Unpaid Losses and Loss Adjustment Expenses (Loss Reserves), Net of Reinsurance"
blank,
narrative,"As described in Note 13 to the consolidated financial statements, loss reserves represent the accumulation of estimates of unpaid claims, including estimates for claims incurred but not reported and loss adjustment expenses, less applicable discount. As of December 31, 2024, the Company’s net liability for unpaid losses and loss adjustment expenses was $40.1 billion. As disclosed by management, the estimate of the loss reserves relies on several key judgments, including (i) actuarial methods, (ii) relative weights given to these methods by product line, (iii) underlying actuarial assumptions, and (iv) groupings of similar product lines. Actuarial assumptions include (i) expected loss ratios and (ii) loss development factors. During management’s actuarial reviews, various factors are considered, including economic conditions; the legal, regulatory, judicial and social environment; medical cost trends; policy pricing, terms and conditions; changes in the claims handling process; and the impact of reinsurance. As described in Note 13 to the consolidated financial statements, management uses a combination of actuarial methods to project ultimate losses for both long-tail and short-tail exposures."
blank,
narrative,"The principal considerations for our determination that performing procedures relating to the valuation of insurance liabilities - loss reserves, net of reinsurance is a critical audit matter are (i) the significant judgment by management when developing their estimate, which in turn led to a high degree of auditor subjectivity and judgment in performing the audit procedures related to the estimate, (ii) the significant audit effort and judgment in evaluating the audit evidence related to the actuarial methods, weights given to these methods by product line, groupings of similar product lines, and the aforementioned actuarial assumptions, and (iii) the audit effort involved the use of professionals with specialized skill and knowledge."
blank,
narrative,"Addressing the matter involved performing procedures and evaluating audit evidence in connection with forming our overall opinion on the consolidated financial statements. These procedures included testing the effectiveness of controls relating to the valuation of the net liability for unpaid losses and loss adjustment expense, including controls over the selection of actuarial methods and development of significant assumptions, as well as controls designed to identify and address management bias and contrary evidence. These procedures also included, among others, the involvement of professionals with specialized skill and knowledge to assist in performing one or a combination of procedures for a sample of product lines, including (i) independently estimating reserves using actual historical data and loss development patterns, as well as industry data and other benchmarks, and comparing management’s actuarially determined reserves to these independent estimates and (ii) evaluating management’s actuarial reserving methods and aforementioned factors, including actuarial assumptions and judgments impacting loss reserves and the consistency of management’s approach period-over-period. Performing these procedures involved testing the completeness and accuracy of data used by management on a sample basis. "
blank,
narrative,/s/ PricewaterhouseCoopers LLP
blank,
narrative,"New York, New York"
blank,
table_row,"February 13, 2025"
blank,
narrative,We have served as the Company’s auditor since 1980.
blank,
footer,AIG | 2024 Form 10-K
blank,
footer,93
blank,
blank,
narrative,"American International Group, Inc."
blank,
narrative,Consolidated Balance Sheets
blank,
narrative,"(in millions, except for share data)December 31,2024December 31,2023"
blank,
table_row,Assets:
blank,
table_row,Investments:
blank,
table_row,Fixed maturity securities:
blank,
table_row,"Bonds available for sale, at fair value, net of allowance for credit losses of $38 in 2024 and $34 in 2023 (amortized cost: 2024 - $66,195; 2023 - $68,119)*"
blank,
table_row,"$64,006 $65,242 "
blank,
table_row,"Other bond securities, at fair value (See Note 6)"
blank,
table_row,745 663 
blank,
table_row,"Equity securities, at fair value (See Note 6)"
blank,
table_row,704 665 
blank,
table_row,"Mortgage and other loans receivable, net of allowance for credit losses of $37,800 in 2024 and $37,776 in 2023*"
blank,
table_row,"3,868 4,441 "
blank,
table_row,"Other invested assets (portion measured at fair value: 2024 - $7,384; 2023 - $4,175)"
blank,
table_row,"9,828 6,368 "
blank,
table_row,"Short-term investments, including restricted cash of $55 in 2024 and $1 in 2023 (portion measured at fair value: 2024 - $9,789; 2023 - $9,363)*"
blank,
table_row,"14,462 12,865 "
blank,
table_row,"Total investments93,613 90,244 "
blank,
table_row,"Cash1,302 1,540 "
blank,
table_row,Accrued investment income*599 580 
blank,
table_row,"Premiums and other receivables, net of allowance for credit losses and disputes of $127 in 2024 and $138 in 2023"
blank,
table_row,"10,463 9,967 "
blank,
table_row,"Reinsurance assets - Fortitude Re, net of allowance for credit losses and disputes of $0 in 2024 and $0 in 2023"
blank,
table_row,"3,427 3,839 "
blank,
table_row,"Reinsurance assets - other, net of allowance for credit losses and disputes of $220 in 2024 and $206 in 2023"
blank,
table_row,"34,618 35,293 "
blank,
table_row,"Deferred income tax assets4,956 6,186 "
blank,
table_row,"Deferred policy acquisition costs2,065 2,117 "
blank,
table_row,"Goodwill3,373 3,422 "
blank,
table_row,"Deposit accounting assets, net of allowance for credit losses of $49 in 2024 and $49 in 2023"
blank,
table_row,"2,171 1,915 "
blank,
table_row,"Other assets, including restricted cash of $15 in 2024 and $32 in 2023 (portion measured at fair value: 2024 - $179; 2023 - $374)*"
blank,
table_row,"4,735 5,425 "
blank,
table_row,Assets held for sale— 30 
blank,
table_row,"Assets of discontinued operations— 378,748 "
blank,
table_row,"Total assets$161,322 $539,306 "
blank,
table_row,Liabilities:
blank,
table_row,"Liability for unpaid losses and loss adjustment expenses, including allowance for credit losses of $14 in 2024 and $14 in 2023"
blank,
table_row,"$69,168 $70,393 "
blank,
table_row,"Unearned premiums17,232 17,375 "
blank,
table_row,"Future policy benefits1,317 1,467 "
blank,
table_row,Other policyholder funds418 495 
blank,
table_row,Fortitude Re funds withheld payable (portion measured at fair value: 2024 - $(128); 2023 - $(148))
blank,
table_row,"3,207 3,527 "
blank,
table_row,"Premiums and other related payables6,052 6,219 "
blank,
table_row,"Deposit accounting liabilities3,005 2,612 "
blank,
table_row,"Commissions and premium taxes payable1,522 1,351 "
blank,
table_row,Current and deferred income tax liabilities426 347 
blank,
table_row,Other liabilities (portion measured at fair value: 2024 - $251; 2023 - $482)
blank,
table_row,"7,503 7,496 "
blank,
table_row,"Long-term debt8,764 10,375 "
blank,
table_row,Debt of consolidated investment entities*158 231 
blank,
table_row,Liabilities held for sale— 28 
blank,
table_row,"Liabilities of discontinued operations— 366,089 "
blank,
table_row,"Total liabilities118,772 488,005 "
blank,
table_row,"Contingencies, commitments and guarantees (See Note 15)"
blank,
table_row,AIG shareholders’ equity:
blank,
table_row,"Series A non-cumulative preferred stock and additional paid in capital, $5.00 par value; 100,000,000 shares authorized; shares issued: 2024 - 0 and 2023 - 20,000; liquidation preference $500"
blank,
table_row,— 485 
blank,
table_row,"Common stock, $2.50 par value; 5,000,000,000 shares authorized; shares issued: 2024 - 1,906,671,492 and 2023 - 1,906,671,492"
blank,
table_row,"4,766 4,766 "
blank,
table_row,"Treasury stock, at cost; 2024 - 1,300,512,040 shares; 2023 - 1,217,831,721 shares of common stock"
blank,
table_row,"(65,573)(59,189)"
blank,
table_row,"Additional paid-in capital75,348 75,810 "
blank,
table_row,"Retained earnings35,079 37,516 "
blank,
table_row,"Accumulated other comprehensive loss(7,099)(14,037)"
blank,
table_row,"Total AIG shareholders’ equity42,521 45,351 "
blank,
table_row,"Non-redeemable noncontrolling interests29 5,950 "
blank,
table_row,"Total equity42,550 51,301 "
blank,
table_row,"Total liabilities and equity$161,322 $539,306 "
blank,
narrative,*See Note 10 for details of balances associated with variable interest entities.
blank,
narrative,See accompanying Notes to Consolidated Financial Statements.
blank,
footer,94
blank,
footer,AIG | 2024 Form 10-K
blank,
blank,
narrative,"American International Group, Inc."
blank,
narrative,Consolidated Statements of Income (Loss)
blank,
narrative,"Years Ended December 31,"
blank,
table_row,"(dollars in millions, except per common share data)202420232022"
blank,
table_row,Revenues:
blank,
table_row,"Premiums$23,537 $25,564 $26,765 "
blank,
table_row,Net investment income:
blank,
table_row,"Net investment income - excluding Fortitude Re funds withheld assets4,111 3,266 2,317 "
blank,
table_row,Net investment income - Fortitude Re funds withheld assets144 180 53 
blank,
table_row,"Total net investment income4,255 3,446 2,370 "
blank,
table_row,Net realized gains (losses):
blank,
table_row,Net realized losses - excluding Fortitude Re funds withheld assets and embedded derivative(434)(734)(207)
blank,
table_row,Net realized losses on Fortitude Re funds withheld assets(39)(71)(99)
blank,
table_row,"Net realized gains (losses) on Fortitude Re funds withheld embedded derivative(75)(273)1,133 "
blank,
table_row,"Total net realized gains (losses)(548)(1,078)827 "
blank,
table_row,Other income7 6 34 
blank,
table_row,"Total revenues27,251 27,938 29,996 "
blank,
table_row,"Benefits, losses and expenses:"
blank,
table_row,"Losses and loss adjustment expenses incurred14,567 15,393 15,461 "
blank,
table_row,"Amortization of deferred policy acquisition costs3,425 3,771 3,545 "
blank,
table_row,"General operating and other expenses5,529 5,399 6,159 "
blank,
table_row,Interest expense462 516 603 
blank,
table_row,(Gain) loss on extinguishment of debt14 (37)303 
blank,
table_row,Net (gain) loss on divestitures and other(616)29 153 
blank,
table_row,"Total benefits, losses and expenses23,381 25,071 26,224 "
blank,
table_row,"Income from continuing operations before income tax expense3,870 2,867 3,772 "
blank,
table_row,Income tax expense:
blank,
table_row,Current657 176 (452)
blank,
table_row,"Deferred513 (50)1,334 "
blank,
table_row,"Income tax expense1,170 126 882 "
blank,
table_row,"Income from continuing operations2,700 2,741 2,890 "
blank,
table_row,"Income (loss) from discontinued operations, net of income taxes(3,626)1,137 8,383 "
blank,
table_row,"Net income (loss)(926)3,878 11,273 "
blank,
table_row,"Less: Net income attributable to noncontrolling interests478 235 1,046 "
blank,
table_row,"Net income (loss) attributable to AIG(1,404)3,643 10,227 "
blank,
table_row,Less: Dividends on preferred stock and preferred stock redemption premiums22 29 29 
blank,
table_row,"Net income (loss) attributable to AIG common shareholders$(1,426)$3,614 $10,198 "
blank,
narrative,Income per common share attributable to AIG common shareholders:
blank,
narrative,Basic:
blank,
table_row,Income (loss) from continuing operations$4.11 $3.77 $3.67 
blank,
table_row,Income (loss) from discontinued operations$(6.30)$1.25 $9.43 
blank,
table_row,Net income (loss) attributable to AIG common shareholders$(2.19)$5.02 $13.10 
blank,
table_row,Diluted:
blank,
table_row,Income (loss) from continuing operations$4.07 $3.74 $3.63 
blank,
table_row,Income (loss) from discontinued operations$(6.24)$1.24 $9.31 
blank,
table_row,Net income (loss) attributable to AIG common shareholders$(2.17)$4.98 $12.94 
blank,
narrative,Weighted average shares outstanding:
blank,
table_row,"Basic651,448,307 719,506,291 778,621,118 "
blank,
table_row,"Diluted657,283,160 725,233,068 787,941,750 "
blank,
narrative,See accompanying Notes to Consolidated Financial Statements.
blank,
footer,AIG | 2024 Form 10-K
blank,
footer,95
blank,
blank,
narrative,"American International Group, Inc."
blank,
narrative,Consolidated Statements of Comprehensive Income (Loss)
blank,
narrative,"Years Ended December 31,"
blank,
table_row,(in millions)202420232022
blank,
table_row,"Net income (loss)$(926)$3,878 $11,273 "
blank,
table_row,"Other comprehensive income (loss), net of tax"
blank,
table_row,Change in unrealized appreciation (depreciation) of fixed maturity securities on which allowance for credit losses was taken60 — (30)
blank,
table_row,"Change in unrealized appreciation (depreciation) of all other investments279 2,369 (6,499)"
blank,
table_row,Change in the discount rates used to measure traditional and limited payment long-duration insurance contracts(44)(60)202 
blank,
table_row,Change in foreign currency translation adjustments(507)118 (714)
blank,
table_row,Change in retirement plan liabilities adjustment48 112 (21)
blank,
table_row,"Change in other comprehensive income (loss) related to discontinued operations(945)3,401 (25,235)"
blank,
table_row,Change in fair value of liabilities under fair value option attributable to changes in our own credit risk— — (6)
blank,
table_row,"Corebridge Deconsolidation7,214 — — "
blank,
table_row,"Other comprehensive income (loss)6,105 5,940 (32,303)"
blank,
table_row,"Comprehensive income (loss)5,179 9,818 (21,030)"
blank,
table_row,"Less: Comprehensive income (loss) attributable to noncontrolling interests182 1,534 (1,454)"
blank,
table_row,"Comprehensive income (loss) attributable to AIG$4,997 $8,284 $(19,576)"
blank,
narrative,See accompanying Notes to Consolidated Financial Statements.
blank,
footer,96
blank,
footer,AIG | 2024 Form 10-K
blank,
blank,
narrative,"American International Group, Inc."
blank,
narrative,Consolidated Statements of Equity
blank,
table_row,"(in millions, except per share data)PreferredStock andAdditional Paid-inCapitalCommon StockTreasury StockAdditional Paid-in CapitalRetained EarningsAccumulated Other Comprehensive Income (Loss)TotalAIGShare-holders'EquityNon- redeemable Non-controlling InterestsTotal Equity"
blank,
table_row,"Balance, January 1, 2022$485 $4,766 $(51,618)$81,669 $25,695 $5,071 $66,068 $2,966 $69,034 "
blank,
table_row,Common stock issued under stock plans— — 294 (368)— — (74)— (74)
blank,
table_row,"Purchase of common stock— — (5,149)— — — (5,149)— (5,149)"
blank,
table_row,"Net income attributable to AIG or noncontrolling interests— — — — 10,227 — 10,227 1,046 11,273 "
blank,
table_row,"Dividends on preferred stock ($1,462.50 per share)"
blank,
table_row,— — — — (29)— (29)— (29)
blank,
table_row,Dividends on common stock ($1.28 per share)
blank,
table_row,— — — — (982)— (982)— (982)
blank,
table_row,"Other comprehensive loss— — — — — (29,803)(29,803)(2,500)(32,303)"
blank,
table_row,"Net increase (decrease) due to divestitures and acquisitions— — — (1,619)— 2,116 497 1,117 1,614 "
blank,
table_row,Contributions from noncontrolling interests— — — — — — — 133 133 
blank,
table_row,Distributions to noncontrolling interests— — — — — — — (284)(284)
blank,
table_row,Other— — — 233 (18)— 215 6 221 
blank,
table_row,"Balance, December 31, 2022$485 $4,766 $(56,473)$79,915 $34,893 $(22,616)$40,970 $2,484 $43,454 "
blank,
table_row,Common stock issued under stock plans— — 298 (423)— — (125)— (125)
blank,
table_row,"Purchase of common stock— — (3,014)— — — (3,014)— (3,014)"
blank,
table_row,"Net income attributable to AIG or noncontrolling interests— — — — 3,643 — 3,643 235 3,878 "
blank,
table_row,"Dividends on preferred stock ($1,462.5 per share)"
blank,
table_row,— — — — (29)— (29)— (29)
blank,
table_row,Dividends on common stock ($1.40 per share)
blank,
table_row,— — — — (997)— (997)— (997)
blank,
table_row,"Other comprehensive income— — — — — 4,641 4,641 1,299 5,940 "
blank,
table_row,"Net increase (decrease) due to divestitures and acquisitions— — — (3,793)— 3,938 145 2,524 2,669 "
blank,
table_row,Contributions from noncontrolling interests— — — — — — — 49 49 
blank,
table_row,Distributions to noncontrolling interests— — — — — — — (710)(710)
blank,
table_row,Other— — — 111 5 — 116 69 185 
blank,
table_row,"Balance, December 31, 2023$485 $4,766 $(59,189)$75,810 $37,516 $(14,037)$45,351 $5,950 $51,301 "
blank,
table_row,Common stock issued under stock plans— — 329 (324)— — 5 — 5 
blank,
table_row,Redemption of preferred stock(485)— — — — — (485)— (485)
blank,
table_row,"Purchase of common stock— — (6,713)— — — (6,713)— (6,713)"
blank,
table_row,"Net income (loss) attributable to AIG or noncontrolling interests— — — — (1,404)— (1,404)478 (926)"
blank,
table_row,Dividends on preferred stock ($365.625 per share) and preferred stock redemption premiums
blank,
table_row,— — — — (22)— (22)— (22)
blank,
table_row,Dividends on common stock ($1.56 per share)
blank,
table_row,"— — — — (1,002)— (1,002)— (1,002)"
blank,
table_row,"Other comprehensive income (loss)— — — — — 6,401 6,401 (296)6,105 "
blank,
table_row,"Net increase (decrease) due to divestitures and acquisitions— — — (418)— 537 119 (6,015)(5,896)"
blank,
table_row,Contributions from noncontrolling interests— — — — — — — 28 28 
blank,
table_row,Distributions to noncontrolling interests— — — — — — — (72)(72)
blank,
table_row,Other— — — 280 (9)— 271 (44)227 
blank,
table_row,"Balance, December 31, 2024$— $4,766 $(65,573)$75,348 $35,079 $(7,099)$42,521 $29 $42,550 "
blank,
narrative,See accompanying Notes to Consolidated Financial Statements.
blank,
footer,AIG | 2024 Form 10-K
blank,
footer,97
blank,
blank,
narrative,"American International Group, Inc."
blank,
narrative,Consolidated Statements of Cash Flows
blank,
narrative,"Years Ended December 31,"
blank,
table_row,(in millions)202420232022
blank,
table_row,Cash flows from operating activities:
blank,
table_row,"Net income (loss)$(926)$3,878 $11,273 "
blank,
table_row,"(Income) loss from discontinued operations3,626 (1,137)(8,383)"
blank,
table_row,Adjustments to reconcile net income (loss) to net cash provided by operating activities:
blank,
table_row,"Noncash revenues, expenses, gains and losses included in income (loss):"
blank,
table_row,Net losses on sales of securities available for sale and other assets637 662 637 
blank,
table_row,Net (gain) loss on divestitures and other(616)29 153 
blank,
table_row,(Gain) loss on extinguishment of debt14 (37)303 
blank,
table_row,"Unrealized (gains) losses in earnings - net(571)1,075 2,123 "
blank,
table_row,"Equity in income from equity method investments, net of dividends or distributions(54)(15)(67)"
blank,
table_row,"Depreciation and other amortization3,597 3,841 3,861 "
blank,
table_row,Impairments of assets27 21 2 
blank,
table_row,Changes in operating assets and liabilities:
blank,
table_row,"Insurance reserves341 823 (4,486)"
blank,
table_row,"Premiums and other receivables and payables - net(571)544 (1,681)"
blank,
table_row,"Reinsurance assets, net727 (204)2,794 "
blank,
table_row,"Capitalization of deferred policy acquisition costs(3,519)(4,157)(3,732)"
blank,
table_row,Current and deferred income taxes - net468 (338)199 
blank,
table_row,"Other, net197 1,968 1,626 "
blank,
table_row,"Total adjustments677 4,212 1,732 "
blank,
table_row,"Net cash provided by operating activities - continuing operations3,377 6,953 4,622 "
blank,
table_row,Net cash used in operating activities - discontinued operations(104)(710)(488)
blank,
table_row,"Net cash provided by operating activities3,273 6,243 4,134 "
blank,
table_row,Cash flows from investing activities:
blank,
table_row,Proceeds from (payments for)
blank,
table_row,Sales or distributions of:
blank,
table_row,"Available for sale securities14,063 15,242 11,106 "
blank,
table_row,"Other securities263 360 2,347 "
blank,
table_row,"Other invested assets6,588 960 1,004 "
blank,
table_row,"Divestitures, net587 2,568 — "
blank,
table_row,"Maturities of fixed maturity securities available for sale9,223 9,083 8,945 "
blank,
table_row,"Principal payments received on and sales of mortgage and other loans receivable1,007 1,265 1,886 "
blank,
table_row,Purchases of:
blank,
table_row,"Available for sale securities(22,990)(22,020)(19,396)"
blank,
table_row,Other securities(267)(242)(804)
blank,
table_row,"Other invested assets(557)(1,017)(684)"
blank,
table_row,"Mortgage and other loans receivable(470)(1,021)(612)"
blank,
table_row,"Net change in short-term investments(1,538)(5,911)218 "
blank,
table_row,"Other, net(66)(1,754)(1,097)"
blank,
table_row,"Net cash provided by (used in) investing activities - continuing operations5,843 (2,487)2,913 "
blank,
table_row,"Net cash used in investing activities - discontinued operations(4,171)(4,534)(6,539)"
blank,
table_row,"Net cash provided by (used in) investing activities1,672 (7,021)(3,626)"
blank,
table_row,Cash flows from financing activities:
blank,
table_row,Proceeds from (payments for)
blank,
table_row,Issuance of long-term debt661 742 26 
blank,
table_row,Issuance of debt of consolidated investment entities— — 71 
blank,
table_row,"Repayments of long-term debt(2,047)(2,304)(9,455)"
blank,
table_row,Repayments of debt of consolidated investment entities(1)(45)(305)
blank,
table_row,"Purchase of common stock(6,652)(2,961)(5,200)"
blank,
table_row,Redemption of preferred stock(485)— — 
blank,
table_row,Dividends on preferred stock and preferred stock redemption premiums(22)(29)(29)
blank,
table_row,"Dividends on common stock(1,002)(997)(982)"
blank,
table_row,"Other, net605 2,846 1,369 "
blank,
table_row,"Net cash used in financing activities - continuing operations(8,943)(2,748)(14,505)"
blank,
table_row,"Net cash provided by financing activities - discontinued operations3,880 3,530 13,903 "
blank,
table_row,"Net cash provided by (used in) financing activities(5,063)782 (602)"
blank,
table_row,Effect of exchange rate changes on cash and restricted cash(83)(13)(117)
blank,
table_row,Net decrease in cash and restricted cash(201)(9)(211)
blank,
table_row,"Cash and restricted cash at beginning of year1,573 1,571 1,877 "
blank,
table_row,Cash and restricted cash of held for sale assets— 11 (95)
blank,
table_row,"Cash and restricted cash at end of year$1,372 $1,573 $1,571 "
blank,
footer,98
blank,
footer,AIG | 2024 Form 10-K
blank,
blank,
narrative,"American International Group, Inc."
blank,
narrative,Consolidated Statements of Cash Flows (continued)
blank,
narrative,Supplementary Disclosure of Consolidated Cash Flow Information
blank,
narrative,"Years Ended December 31,"
blank,
table_row,(in millions)202420232022
blank,
table_row,"Cash$1,302 $1,540 $1,482 "
blank,
table_row,Restricted cash included in Short-term investments*55 1 70 
blank,
table_row,Restricted cash included in Other assets*15 32 19 
blank,
table_row,"Total cash and restricted cash shown in the Consolidated Statements of Cash Flows$1,372 $1,573 $1,571 "
blank,
table_row,Cash paid during the period for:
blank,
table_row,"Interest$858 $1,059 $1,127 "
blank,
table_row,Taxes$708 $984 $746 
blank,
table_row,Non-cash investing activities:
blank,
table_row,"Fixed maturity securities available for sale received in connection with pension risk transfer transactions attributed to discontinued operations$1,316 $4,317 $1,121 "
blank,
table_row,Fixed maturity securities and other invested assets received in connection with reinsurance transactions$256 $110 $110 
blank,
table_row,Fixed maturity securities and other invested assets transferred in connection with reinsurance transactions$(148)$(838)$(224)
blank,
table_row,Non-cash consideration received from sale of Validus Re$— $290 $— 
blank,
table_row,Non-cash financing activities:
blank,
table_row,"Interest credited to policyholder contract deposits included in financing activities$2,416 $4,501 $3,676 "
blank,
table_row,"Fee income debited to policyholder contract deposits included in financing activities$(1,426)$(2,122)$(1,694)"
blank,
narrative,"*Includes funds held for tax sharing payments to AIG Parent, security deposits, and replacement reserve deposits related to real estate."
blank,
narrative,See accompanying Notes to Consolidated Financial Statements.
blank,
footer,AIG | 2024 Form 10-K
blank,
footer,99
blank,
blank,
footer,ITEM 8 | Notes to Consolidated Financial Statements | 1. Basis of Presentation
blank,
narrative,1. Basis of Presentation
blank,
narrative,"American International Group, Inc. is a leading global insurance organization. AIG provides insurance solutions that help businesses and individuals in over 200 countries and jurisdictions protect their assets and manage risks through AIG operations, licenses and authorizations as well as network partners. Unless the context indicates otherwise, the terms “AIG,” “we,” “us,” “our” or ""the Company"" mean American International Group, Inc. and its consolidated subsidiaries, and the term “AIG Parent” means American International Group, Inc. and not any of its consolidated subsidiaries."
blank,
narrative,"The consolidated financial statements include the accounts of AIG Parent, our controlled subsidiaries (generally through a greater than 50 percent ownership of voting rights and voting interests), and variable interest entities (VIEs) of which we are the primary beneficiary. Equity investments in entities that we do not consolidate, including corporate entities in which we have significant influence and partnership and partnership-like entities in which we have more than minor influence over the operating and financial policies, are accounted for under the equity method unless we have elected the fair value option."
blank,
narrative,"Prior to the fourth quarter ending December 31, 2022, certain of our foreign property and casualty subsidiaries reported on the basis of a fiscal year ending November 30. The effect on our consolidated financial condition and results of operations of all material events occurring at these subsidiaries from November 30 through December 31 of the periods previously presented in these Consolidated Financial Statements was considered for adjustment and/or disclosure."
blank,
narrative,"Effective with the fourth quarter of the year ended December 31, 2022, the foreign property and casualty subsidiaries now report on a calendar year ending December 31. The elimination of a one-month reporting lag of a subsidiary is considered a change in accounting principle. We believe this change in accounting principle is preferable given that it aligns the reporting dates with other consolidated entities, which allows for a timelier and more consistent basis of reporting within our Consolidated Financial Statements. A change in accounting principle requires retrospective application. However, we determined that the effect of not retroactively applying this change was not material to our Consolidated Financial Statements for the current and prior periods. Therefore, we reported the cumulative effect of the change in accounting principle within the Consolidated Statements of Income (Loss) for the year ended December 31, 2022 and did not retrospectively apply the effects of this change to prior periods. The adoption impact was an increase to net income of $100 million for the year ended December 31, 2022."
blank,
narrative,The accompanying consolidated financial statements have been prepared in accordance with accounting principles generally accepted in the United States (U.S. GAAP). All material intercompany accounts and transactions have been eliminated.
blank,
narrative,SALES/DISPOSALS OF ASSETS AND BUSINESSES
blank,
narrative,Crop Risk Services
blank,
narrative,"On July 3, 2023, AIG closed the sale of Crop Risk Services, Inc. (CRS) to American Financial Group, Inc. (AFG) and in substance, AIG exited the crop business. The gross proceeds, before deducting commissions, were $234 million, resulting in a pre-tax gain of $72 million for the year ended December 31, 2023. "
blank,
narrative,Validus Re
blank,
narrative,"On November 1, 2023, AIG completed the sale of Validus Reinsurance, Ltd. (Validus Re), including AlphaCat Managers Ltd. and the Talbot Treaty reinsurance business, to RenaissanceRe Holdings Ltd. (RenaissanceRe) and received cash proceeds of $2.7 billion from RenaissanceRe and 1.3 million shares of RenaissanceRe common stock valued at $290 million as of the closing date, resulting in a pre-tax loss of $78 million for the year ended December 31, 2023. The results of Validus Re are reported in North America Commercial and International Commercial segments."
blank,
narrative,"Additionally, AIG agreed to retain 95 percent of the difference between (i) the reserves with respect to the business as of the closing date of the sale for losses occurring prior to the closing date and (ii) the associated reserve development following the closing date with respect to such losses. Any reserve development will be settled annually, commencing with the calendar year ending December 31, 2024. This arrangement stays in effect until the parties determine to terminate such arrangement (which they will re-evaluate on an annual basis beginning 5 years after the closing date) or until all such liabilities of the acquired reinsurance business have run off. The reserve cover is considered contingent consideration and was recognized at fair value of $130 million when the sale closed."
blank,
footer,100
blank,
footer,AIG | 2024 Form 10-K
blank,
blank,
footer,ITEM 8 | Notes to Consolidated Financial Statements | 1. Basis of Presentation
blank,
narrative,"On September 4, 2023, AIG entered into an Adverse Development Cover Excess of Loss Agreement (the ADC Agreement) to hedge the risk of adverse development pertaining to Validus Re’s reserves with Clarendon National Insurance Company, a wholly owned subsidiary of Enstar Group Limited. Under the ADC Agreement, AIG will be reimbursed up to $400 million of adverse development for all policies in force as of December 31, 2022 when paid losses exceed the baseline reserve balance of $3.043 billion. The premium expensed in connection with the ADC Agreement was $80 million. "
blank,
narrative,Global Personal Travel Business
blank,
narrative,"On December 2, 2024, AIG concluded the sale of its global individual personal travel insurance and assistance business to Zurich Insurance Group (Zurich) for $600 million in cash plus additional earn-out consideration, resulting in a pre-tax gain of $511 million for the year ended December 31, 2024. The global individual personal travel insurance and assistance business is reported in Global Personal segment. AIG has also agreed to provide transition services to Zurich for 30 months after the transaction date. Additionally, AIG has fronting agreements in place to front 100 percent of all new travel business produced by Zurich; whereby all of the economics of the new travel business will pass to Zurich through the fronting arrangements which is recognized as a component of Net gain (loss) on divestitures and other."
blank,
narrative,OTHER EVENTS
blank,
narrative,"On December 14, 2022, AIG announced that its wholly-owned subsidiary, AIG Financial Products Corp. (AIGFP), filed a voluntary petition to reorganize under Chapter 11 of Title 11 of the United States Code in the United States Bankruptcy Court for the District of Delaware and filed a proposed plan of reorganization. The reorganization will not have a material impact on the consolidated balance sheets of AIG or our respective businesses. AIGFP has no material operations or businesses and no employees. In conjunction with the bankruptcy filing, AIGFP and its consolidated subsidiaries were deconsolidated from the results of AIG, resulting in a pre-tax loss of $114 million for the year ended December 31, 2022, reported in Net gain (loss) on divestitures and other. In addition, AIGFP and its subsidiaries were determined to be an unconsolidated variable interest entity."
blank,
narrative,USE OF ESTIMATES
blank,
narrative,The preparation of financial statements in accordance with U.S. GAAP requires the application of accounting policies that often involve a significant degree of judgment. Accounting policies that we believe are most dependent on the application of estimates and assumptions are considered our critical accounting estimates and are related to the determination of:
blank,
narrative,•loss reserves;
blank,
narrative,"•reinsurance assets, including the allowance for credit losses and disputes;"
blank,
narrative,"•allowance for credit losses on certain investments, primarily on loans and available for sale fixed maturity securities;"
blank,
narrative,•fair value measurements of certain financial assets and financial liabilities;
blank,
narrative,"•income taxes, in particular the recoverability of our deferred tax asset and establishment of provisions for uncertain tax positions; and"
blank,
narrative,•goodwill impairment.
blank,
narrative,"These accounting estimates require the use of assumptions about matters, some of which are highly uncertain at the time of estimation. To the extent actual experience differs from the assumptions used, our consolidated financial condition, results of operations and cash flows could be materially affected.  "
blank,
footer,AIG | 2024 Form 10-K
blank,
footer,101
blank,
blank,
footer,ITEM 8 | Notes to Consolidated Financial Statements | 2. Summary of Significant Accounting Policies
blank,
narrative,2. Summary of Significant Accounting Policies
blank,
narrative,"The following list identifies our significant accounting policies presented in other Notes to these Consolidated Financial Statements, with a reference to the Note where a detailed description can be found:"
blank,
narrative,Note 6.  Investments
blank,
narrative,•Fixed maturity and equity securities
blank,
narrative,•Other invested assets
blank,
narrative,•Net investment income
blank,
narrative,•Net realized gains (losses)
blank,
narrative,•Allowance for credit losses
blank,
narrative,Note 7.  Lending Activities
blank,
narrative,•Mortgage and other loans receivable – net of allowance
blank,
narrative,Note 8.  Reinsurance
blank,
narrative,•Reinsurance assets – net of allowance
blank,
narrative,•Retroactive reinsurance
blank,
narrative,Note 9.  Deferred Policy Acquisition Costs
blank,
narrative,Note 10.  Variable Interest Entities
blank,
narrative,Note 11.  Derivatives and Hedge Accounting
blank,
narrative,"•Derivative assets and liabilities, at fair value"
blank,
narrative,Note 12.  Goodwill and Other Intangible Assets
blank,
narrative,Note 13.  Insurance Liabilities
blank,
narrative,•Liability for unpaid losses and loss adjustment expenses
blank,
narrative,•Discounting of reserves
blank,
narrative,Note 14.  Debt
blank,
narrative,•Long-term debt
blank,
narrative,•Debt of consolidated investment entities
blank,
narrative,"Note 15.  Contingencies, Commitments and Guarantees"
blank,
narrative,•Legal contingencies
blank,
narrative,Note 17.  Earnings Per Common Share (EPS)
blank,
narrative,Note 21.  Income Taxes
blank,
narrative,OTHER SIGNIFICANT ACCOUNTING POLICIES
blank,
narrative,"Premiums are presented net of reinsurance, as applicable. Premiums for short-duration contracts are recorded as written on the inception date of the policy. Premiums are earned primarily on a pro rata basis over the term of the related coverage. Sales of extended services contracts are reflected as premiums written and earned on a pro rata basis over the term of the related coverage. In addition, certain miscellaneous income is included as premiums written and earned. The reserve for unearned premiums includes the portion of premiums written relating to the unexpired terms of coverage. Reinsurance premiums are typically earned over the same period as the underlying policies or risks covered by the contract. As a result, the earnings pattern of a reinsurance contract may extend up to 24 months, reflecting the inception dates of the underlying policies throughout the year. Premiums from long-duration life products, other than universal and variable life contracts, are recognized as revenues when due. "
blank,
narrative,Reinsurance premiums for assumed business are estimated based on information received from ceding companies and reinsurers. Any subsequent differences that arise regarding such estimates are recorded in the periods in which they are determined.
blank,
narrative,Cash represents cash on hand and demand deposits.
blank,
narrative,Short-term investments include interest bearing investments and time deposits. Securities included within short-term investments are stated at estimated fair value.
blank,
narrative,"Premiums and other receivables – net of allowance for credit losses and disputes include premium balances receivable, amounts due from agents and brokers and policyholders, receivables resulting from sales of securities that had not yet settled, cash collateral posted to derivative counterparties that is not eligible to be netted against derivative liabilities and other receivables."
blank,
narrative,"Deposit assets and liabilities We have entered into certain insurance and reinsurance contracts that do not contain sufficient insurance risk to be accounted for as insurance or reinsurance. When we receive premiums on such contracts, the premiums received, after deduction for certain related expenses, are recorded as deposits within Deposit accounting liabilities in the Consolidated Balance Sheets. Net proceeds of these deposits are invested and generate Net investment income. When we pay premiums on such contracts, the premiums paid are recorded as deposits within Deposit accounting assets in the Consolidated Balance Sheets. The deposit asset or liability is adjusted as amounts are paid, consistent with the underlying contracts. Deferred gains on retroactive reinsurance agreements are also reflected within deposit accounting liabilities."
blank,
narrative,"Other assets consist of prepaid expenses, deposits, other deferred charges, real estate, other fixed assets, capitalized software costs, goodwill, intangible assets other than goodwill, restricted cash, derivative assets, and accrued interest income."
blank,
footer,102
blank,
footer,AIG | 2024 Form 10-K
blank,
blank,
footer,ITEM 8 | Notes to Consolidated Financial Statements | 2. Summary of Significant Accounting Policies
blank,
narrative,"The cost of buildings and furniture and equipment is depreciated principally on the straight-line basis over their estimated useful lives (maximum of 40 years for buildings and 10 years for furniture and fixtures). Expenditures for maintenance and repairs are charged to income as incurred and expenditures for improvements are capitalized and depreciated. We periodically assess the carrying amount of our real estate for purposes of determining any asset impairment. Capitalized software costs, which represent costs directly related to obtaining, developing or upgrading internal use software, are capitalized and amortized using the straight-line method over a period generally not exceeding ten years. "
blank,
narrative,"Other liabilities consist of other funds on deposit, other payables, securities sold under agreements to repurchase, securities sold but not yet purchased, liabilities resulting from purchases of securities that have not yet settled, derivative liabilities, cash collateral received from derivative counterparties that contractually cannot be netted against derivative assets and allowance for credit losses in relation to off-balance sheet commitments."
blank,
narrative,"Foreign currency Financial statement accounts expressed in foreign currencies are translated into U.S. dollars. Functional currency assets and liabilities are translated into U.S. dollars generally using rates of exchange prevailing at the balance sheet date of each respective subsidiary and the related translation adjustments are recorded as a separate component of Accumulated other comprehensive income, net of any related taxes, in Total AIG shareholders’ equity. Income statement accounts expressed in functional currencies are translated using average exchange rates during the period. Functional currencies are generally the currencies of the local operating environment. Financial statement accounts expressed in currencies other than the functional currency of a consolidated entity are remeasured into that entity’s functional currency resulting in exchange gains or losses recorded in income. The adjustments resulting from translation of financial statements of foreign entities operating in highly inflationary economies are recorded in income."
blank,
narrative,"Non-redeemable noncontrolling interest is the portion of equity (net assets) and net income (loss) in a subsidiary not attributable, directly or indirectly, to AIG."
blank,
narrative,ACCOUNTING STANDARDS ADOPTED DURING 2024
blank,
narrative,Fair Value Measurement
blank,
narrative,"On June 30, 2022, the Financial Accounting Standards Board (FASB) issued an accounting standards update to address diversity in practice by clarifying that a contractual sale restriction should not be considered in the measurement of the fair value of an equity security. It also requires entities with investments in equity securities subject to contractual sale restrictions to disclose certain qualitative and quantitative information about such securities. The Company adopted the standard on January 1, 2024, prospectively for entities other than investment companies. The adoption of the standard did not have a material impact on AIG Consolidated Financial Statements. "
blank,
narrative,Segment Reporting
blank,
narrative,"In November 2023, the FASB issued an accounting standard update to address improvements to reportable segment disclosures. The standard primarily requires the following disclosure on an annual and interim basis: (i) significant segment expenses that are regularly provided to the chief operating decision makers (CODMs) and included within each reported measure of segment profit or loss; and (ii) other segment items and description of its composition. The standard also requires current annual disclosures about a reportable segment's profits or losses and assets to be disclosed in interim periods and the title and position of the CODMs with an explanation of how the CODMs uses the reported measure(s) of segment profits or losses in assessing segment performance. The Company adopted the standard for its 2024 Annual Report on Form 10-K, retrospectively. For additional detail, see Note 3"
blank,
narrative,FUTURE APPLICATION OF ACCOUNTING STANDARDS
blank,
narrative,Income Tax
blank,
narrative,"In December 2023, the FASB issued an accounting standard update to address improvements to income tax disclosures. The standard requires disaggregated information about a company’s effective tax rate reconciliation as well as information on income taxes paid. The standard is effective for public companies for annual periods beginning after December 15, 2024, with early adoption permitted. The standard should be applied on a prospective basis, but retrospective application is permitted. We are assessing the impact of this standard."
blank,
narrative,Disaggregation of Income Statement Expenses
blank,
narrative,"On November 4, 2024, the FASB issued new guidance requiring additional disclosure of the nature of expenses included in the income statement. The new standard requires disclosures about specific types of expenses included in the expense captions presented on the face of the income statement. The guidance is effective for annual reporting periods beginning after December 15, 2026, and interim reporting periods within annual reporting periods beginning after December 15, 2027. The requirements will be applied prospectively with the option for retrospective application. We are assessing the impact of the standard.  "
blank,
footer,AIG | 2024 Form 10-K
blank,
footer,103
blank,
blank,
footer,ITEM 8 | Notes to Consolidated Financial Statements | 3. Segment Information
blank,
narrative,3. Segment Information
blank,
narrative,"In the fourth quarter of 2024, the Company realigned its organizational structure and the composition of its reportable segments to reflect changes in how the Company manages its operations, specifically the level at which its chief operating decision makers (CODMs) regularly review operating results and allocate resources. Our CODMs are the chief executive officer (CEO) and chief financial officer (CFO). The CODMs evaluate performance of the segments based on underwriting income (loss). The CODMs use this measure to benchmark AIG’s performance, assessing performance of the segments and in establishing management’s compensation."
blank,
narrative,"AIG has three reportable segments: North America Commercial, International Commercial and Global Personal. Prior years’ presentations have been recast to conform to the new reportable segments. Our General Insurance business (General Insurance) consists of our three segments and the Net investment income related to our insurance operations."
blank,
narrative,NORTH AMERICA COMMERCIAL
blank,
narrative,"North America Commercial consists of insurance businesses in the United States, Canada and Bermuda."
blank,
narrative,INTERNATIONAL COMMERCIAL
blank,
narrative,"International Commercial consists of insurance businesses in Japan, the United Kingdom, Europe, Middle East and Africa (EMEA region), Asia Pacific, Latin America and Caribbean, and China. International also includes the results of Talbot Underwriting Ltd. as well as AIG’s Global Specialty business."
blank,
narrative,GLOBAL PERSONAL
blank,
narrative,"Global Personal consists primarily of insurance businesses in the United States as well as Japan, the United Kingdom, Europe, Middle East and Africa (EMEA region), Asia Pacific, Latin America and Caribbean, and China. "
blank,
narrative,PRODUCTS
blank,
narrative,The segments consist of the following products:
blank,
narrative,"–North America and International Commercial consists of Property & Short Tail, Casualty, Financial Lines and Global Specialty."
blank,
narrative,–Global Personal consists of Global Accident & Health and Personal Lines.
blank,
narrative,"For further discussion on recent activity in the General Insurance business, see Note 1. "
blank,
narrative,OTHER OPERATIONS
blank,
narrative,"Other Operations predominantly consists of Net Investment Income from our AIG Parent liquidity portfolio, Corebridge dividend income, corporate General operating expenses, and Interest expense. "
blank,
narrative,SEGMENT RESULTS
blank,
narrative,"Management uses Underwriting income (loss) as the basis for the segment performance reviews. AIG calculates Underwriting income (loss) by subtracting Losses and loss adjustment expense incurred, Amortization of DAC, Other acquisition cost, and General operating expense from Net premiums earned. Assets by reportable segment are not used by the CODMs for purposes of making decisions about allocating resources to the segment and assessing its performance.  "
blank,
footer,104
blank,
footer,AIG | 2024 Form 10-K
blank,
blank,
footer,ITEM 8 | Notes to Consolidated Financial Statements | 3. Segment Information
blank,
narrative,The following table presents AIG’s continuing operations by segment:
blank,
table_row,(in millions)NetPremiumsWrittenNetPremiumsEarnedLosses
blank,
table_row,and Loss
blank,
table_row,Adjustment
blank,
table_row,Expenses
blank,
table_row,Incurred(a)
blank,
table_row,Amortization
blank,
table_row,of DAC(a)
blank,
table_row,Other
blank,
table_row,Acquisition
blank,
table_row,Expenses(a)
blank,
table_row,General
blank,
table_row,Operating
blank,
table_row,Expenses(a)(b)
blank,
table_row,UnderwritingIncome(Loss)NetInvestmentIncomeReconciliationto Income(Loss) fromContinuingOperationsBeforeIncome TaxExpense
blank,
table_row,2024
blank,
table_row,"North America Commercial$8,452 $8,172 $5,713 $824 $222 $865 $548 "
blank,
table_row,"International Commercial8,364 8,145 4,463 1,018 342 1,095 1,227 "
blank,
table_row,"Global Personal7,086 7,140 3,862 1,571 573 992 142 "
blank,
table_row,"Total General Insurance$23,902 $23,457 $14,038 $3,413 $1,137 $2,952 $1,917 $3,060 $4,977 "
blank,
table_row,Interest expense— (445)
blank,
table_row,Other Operations424 (207)
blank,
table_row,Elimination and consolidations— (1)
blank,
table_row,"Total3,484 4,324 "
blank,
table_row,Reconciling items:
blank,
table_row,"Changes in the fair values of equity securities, AIG's investment in Corebridge and gain on sale of shares586 586 "
blank,
table_row,Other income (expense) - net16 — 
blank,
table_row,Gain (loss) on extinguishment of debt— (14)
blank,
table_row,Net investment income on Fortitude Re funds withheld assets144 144 
blank,
table_row,Net realized losses on Fortitude Re funds withheld assets— (39)
blank,
table_row,Net realized gains (losses) on Fortitude Re funds withheld embedded derivative— (75)
blank,
table_row,Net realized gains (losses)(c)
blank,
table_row,8 (428)
blank,
table_row,Net gain (loss) on divestitures and other— 616 
blank,
table_row,(Unfavorable) favorable prior year development and related amortization changes ceded under retroactive reinsurance agreements— (105)
blank,
table_row,Net loss reserve discount benefit (charge)— (226)
blank,
table_row,Net results of businesses in run-off(d)
blank,
table_row,17 (111)
blank,
table_row,Integration and transaction costs associated with acquiring or divesting businesses— (39)
blank,
table_row,Restructuring and other costs(e)
blank,
table_row,— (745)
blank,
table_row,Non-recurring costs related to regulatory or accounting changes— (18)
blank,
table_row,"Total AIG Consolidated$4,255 $3,870 "
blank,
table_row,2023
blank,
table_row,"North America Commercial$11,432 $10,233 $6,323 $1,371 $231 $953 $1,355 "
blank,
table_row,"International Commercial8,168 7,964 4,641 943 350 1,028 1,002 "
blank,
table_row,"Global Personal7,119 6,894 3,811 1,309 698 1,084 (8)"
blank,
table_row,"Total General Insurance$26,719 $25,091 $14,775 $3,623 $1,279 $3,065 $2,349 $3,022 $5,371 "
blank,
table_row,Interest expense— (498)
blank,
table_row,Other Operations186 (535)
blank,
table_row,Elimination and consolidations(13)(17)
blank,
table_row,"Total3,195 4,321 "
blank,
table_row,Reconciling items:
blank,
table_row,"Changes in the fair values of equity securities, AIG's investment in Corebridge and gain on sale of shares53 53 "
blank,
table_row,Other income (expense) - net8 — 
blank,
table_row,Gain (loss) on extinguishment of debt— 37 
blank,
table_row,Net investment income on Fortitude Re funds withheld assets180 180 
blank,
table_row,Net realized losses on Fortitude Re funds withheld assets— (71)
blank,
table_row,Net realized gains (losses) on Fortitude Re funds withheld embedded derivative— (273)
blank,
table_row,Net realized gains (losses)(c)
blank,
table_row,(12)(743)
blank,
table_row,Net gain (loss) on divestitures and other— (29)
blank,
table_row,Non-operating litigation reserves and settlements— (1)
blank,
table_row,(Unfavorable) favorable prior year development and related amortization changes ceded under retroactive reinsurance agreements— 62 
blank,
table_row,Net loss reserve discount benefit (charge)— (195)
blank,
table_row,Net results of businesses in run-off(d)
blank,
table_row,21 (31)
blank,
table_row,Pension expense related to lump sum payments to former employees— (71)
blank,
table_row,Integration and transaction costs associated with acquiring or divesting businesses— (6)
blank,
table_row,Restructuring and other costs(e)
blank,
table_row,— (356)
blank,
table_row,Non-recurring costs related to regulatory or accounting changes— (22)
blank,
table_row,Net impact from elimination of international reporting lag(f)
blank,
table_row,1 12 
blank,
table_row,"Total AIG Consolidated$3,446 $2,867 "
blank,
footer,AIG | 2024 Form 10-K
blank,
footer,105
blank,
blank,
footer,ITEM 8 | Notes to Consolidated Financial Statements | 3. Segment Information
blank,
table_row,(in millions)NetPremiumsWrittenNetPremiumsEarnedLosses
blank,
table_row,and Loss
blank,
table_row,Adjustment
blank,
table_row,Expenses
blank,
table_row,Incurred(a)
blank,
table_row,Amortization
blank,
table_row,of DAC(a)
blank,
table_row,Other
blank,
table_row,Acquisition
blank,
table_row,Expenses(a)
blank,
table_row,General
blank,
table_row,Operating
blank,
table_row,Expenses(a)(b)
blank,
table_row,UnderwritingIncome(Loss)NetInvestmentIncomeReconciliationto Income(Loss) fromContinuingOperationsBeforeIncome TaxExpense
blank,
table_row,2022
blank,
table_row,"North America Commercial$10,899 $10,444 $7,218 $1,381 $174 $927 $744 "
blank,
table_row,"International Commercial7,877 7,701 4,301 938 378 945 1,139 "
blank,
table_row,"Global Personal6,736 7,195 3,888 1,214 813 1,115 165 "
blank,
table_row,"Total General Insurance$25,512 $25,340 $15,407 $3,533 $1,365 $2,987 $2,048 $2,382 $4,430 "
blank,
table_row,Interest expense— (624)
blank,
table_row,"Other Operations(122)(1,000)"
blank,
table_row,Elimination and consolidations14 63 
blank,
table_row,"Total2,274 2,869 "
blank,
table_row,Reconciling items:
blank,
table_row,"Changes in the fair values of equity securities, AIG's investment in Corebridge and gain on sale of shares29 29 "
blank,
table_row,Other income (expense) - net28 — 
blank,
table_row,Gain (loss) on extinguishment of debt— (303)
blank,
table_row,Net investment income on Fortitude Re funds withheld assets53 53 
blank,
table_row,Net realized losses on Fortitude Re funds withheld assets— (99)
blank,
table_row,"Net realized gains (losses) on Fortitude Re funds withheld embedded derivative— 1,133 "
blank,
table_row,Net realized gains (losses)(c)
blank,
table_row,(61)(268)
blank,
table_row,Net gain (loss) on divestitures and other— (153)
blank,
table_row,Non-operating litigation reserves and settlements— 16 
blank,
table_row,(Unfavorable) favorable prior year development and related amortization changes ceded under retroactive reinsurance agreements— 160 
blank,
table_row,Net loss reserve discount benefit (charge)— 703 
blank,
table_row,Net results of businesses in run-off(d)
blank,
table_row,6 25 
blank,
table_row,Pension expense related to lump sum payments to former employees— (59)
blank,
table_row,Integration and transaction costs associated with acquiring or divesting businesses— (12)
blank,
table_row,Restructuring and other costs(e)
blank,
table_row,— (423)
blank,
table_row,Non-recurring costs related to regulatory or accounting changes— (26)
blank,
table_row,Net impact from elimination of international reporting lag(f)
blank,
table_row,41 127 
blank,
table_row,"Total AIG Consolidated$2,370 $3,772 "
blank,
narrative,(a)The significant expense categories and amounts align with segment-level information that is regularly provided to the CODMs.
blank,
narrative,"(b)General operating expenses primarily comprised of employee compensation and benefits, as well as professional fees."
blank,
narrative,(c)Includes all Net realized gains and losses except earned income (periodic settlements and changes in settlement accruals) on derivative instruments used for non-qualifying (economic) hedging or for asset replication and net realized gains and losses on Fortitude Re funds withheld assets held by AIG in support of Fortitude Re’s reinsurance obligations to AIG (Fortitude Re funds withheld assets).
blank,
narrative,"(d)In the fourth quarter of 2024, AIG realigned and began excluding the net results of run-off businesses previously reported in Other Operations from Adjusted pre-tax income. Historical results have been recast to reflect these changes."
blank,
narrative,"(e)In the year ended December 31, 2024, Restructuring and other costs increased primarily as a result of employee-related costs, including severance, and real estate impairment charges."
blank,
narrative,"(f)For additional information, see Note 1.  "
blank,
narrative,"For the year ended December 31, 2024, we recorded severance charges of $353 million and asset impairment of $53 million as a result of restructuring activities. "
blank,
narrative,"The following table presents AIG’s consolidated total revenues and real estate and other fixed assets, net of accumulated depreciation, by major geographic area:"
blank,
narrative,Total Revenues*
blank,
table_row,(in millions)202420232022
blank,
table_row,"North America Commercial$8,172 $10,233 $10,444 "
blank,
table_row,"International Commercial8,145 7,964 7,701 "
blank,
table_row,"Global Personal7,140 6,894 7,195 "
blank,
table_row,"Net investment income4,255 3,446 2,370 "
blank,
table_row,"Net realized gains (losses)(548)(1,078)827 "
blank,
table_row,Other income7 6 34 
blank,
table_row,Net results of businesses in run-off83 475 478 
blank,
table_row,Net impact from elimination of international reporting lag— 3 937 
blank,
table_row,Elimination and consolidations(3)(5)10 
blank,
table_row,"Total Revenue$27,251 $27,938 $29,996 "
blank,
footer,106
blank,
footer,AIG | 2024 Form 10-K
blank,
blank,
footer,ITEM 8 | Notes to Consolidated Financial Statements | 3. Segment Information
blank,
narrative,Total Revenues*
blank,
table_row,(in millions)202420232022
blank,
table_row,"North America$13,031 $14,701 $15,163 "
blank,
table_row,"International14,220 13,237 14,833 "
blank,
table_row,"Consolidated$27,251 $27,938 $29,996 "
blank,
narrative,"Real Estate and Other Fixed Assets,Net of Accumulated Depreciation"
blank,
table_row,(in millions)202420232022
blank,
table_row,North America$804 $760 $768 
blank,
table_row,International312 372 385 
blank,
table_row,"Consolidated$1,116 $1,132 $1,153 "
blank,
narrative,*Revenues are generally reported according to the geographic location of the segment. International revenues consists of revenues from our General Insurance International operations.
blank,
narrative,4. Discontinued Operations Presentation
blank,
narrative,DISCONTINUED OPERATIONS PRESENTATION
blank,
narrative,"We present a business, or a component of an entity, as discontinued operations if a) it meets the held-for-sale criteria, or is disposed of by sale, or is disposed of other than by sale, and b) the disposal of the business, or component of an entity, represents a strategic shift that has (or will have) a major effect on AIG’s financial results."
blank,
narrative,Pre-Deconsolidation of Corebridge
blank,
narrative,"Corebridge completed its initial public offering in September 2022 and AIG continued to sell its interest in Corebridge through secondary offerings. On May 16, 2024, AIG entered into a stock purchase agreement with Corebridge and Nippon Life Insurance Company (Nippon). On June 3, 2024, AIG closed on a secondary offering of 30 million shares of Corebridge common stock. The sale was recorded as an equity transaction as AIG controlled Corebridge as of the transaction date. The aggregate gross proceeds of the offering, before deducting underwriting discounts and commission and other expenses payable by AIG, were $876 million. As a result of the offering, AIG recorded an increase of $261 million in Total AIG shareholders' equity."
blank,
narrative,Deconsolidation of Corebridge
blank,
narrative,"On June 9, 2024, AIG held 48.4 percent of Corebridge common stock, waived its right to majority representation on the Corebridge Board of Directors and one of AIG's designees resigned from the Corebridge Board of Directors as of June 9, 2024 (the Deconsolidation Date). As a result, AIG met the requirements for the deconsolidation of Corebridge. "
blank,
narrative,"In the second quarter of 2024, AIG recognized a loss of $4.8 billion as a result of the deconsolidation, mainly due to the recognition of an accumulated comprehensive loss of $7.2 billion. The loss is recorded as a component of discontinued operations."
blank,
narrative,"The historical financial results of Corebridge, for all periods presented, are reflected in these Consolidated Financial Statements as discontinued operations. In addition, the assets and liabilities of Corebridge are classified as Assets of discontinued operations and Liabilities of discontinued operations in AIG’s Consolidated Balance Sheets as of December 31, 2023. "
blank,
narrative,Post Deconsolidation of Corebridge
blank,
narrative,"Subsequent to the Deconsolidation Date, AIG elected the fair value option and reflects its retained interest in Corebridge as an equity method investment in Other invested assets using Corebridge’s stock price as its fair value. Dividends received from Corebridge and changes in its stock price are recognized in Net investment income."
blank,
narrative,"From August 2024 to November 2024, AIG sold approximately 43 million shares of Corebridge common stocks. The aggregate proceeds received from these transactions were approximately $1.3 billion."
blank,
narrative,"On December 9, 2024, AIG completed the sale of approximately 120 million shares of its Corebridge common stock, representing a 21.6 percent ownership stake, to Nippon for $31.47 per share for an aggregate purchase price of $3.8 billion, which resulted in a $282 million gain recognized in Net investment income in the fourth quarter of 2024."
blank,
narrative,"Due to share repurchases by Corebridge and sale of shares by AIG after the Deconsolidation Date, as of December 31, 2024, AIG held 22.7 percent of the outstanding common stock of Corebridge. "
blank,
footer,AIG | 2024 Form 10-K
blank,
footer,107
blank,
blank,
footer,ITEM 8 | Notes to Consolidated Financial Statements | 4. Discontinued Operations Presentation
blank,
narrative,"The following provides Corebridge's pre-tax income for the period June 10, 2024 to December 31, 2024, as well as our equity method income (representing the sum of dividends received and changes in its stock price since June 9, 2024).  "
blank,
narrative,(in millions)
blank,
table_row,"Corebridge pre-tax income$1,574 "
blank,
table_row,Equity method income (loss) related to Corebridge (based on fair value)$601 
blank,
narrative,"The following table summarizes the components of assets and liabilities of discontinued operations on the Consolidated Balance Sheets at December 31, 2023:"
blank,
table_row,"December 31, 2023"
blank,
narrative,Assets:
blank,
narrative,Investments:
blank,
table_row,Fixed maturity securities:
blank,
table_row,"Bonds available for sale, at fair value, net of allowance for credit losses$166,657 "
blank,
table_row,"Other bond securities, at fair value4,579 "
blank,
table_row,"Equity securities, at fair value63 "
blank,
table_row,"Mortgage and other loans receivable, net of allowance for credit losses46,732 "
blank,
table_row,"Other invested assets9,916 "
blank,
table_row,Short-term investments
blank,
table_row,"4,346 "
blank,
table_row,"Total investments232,293 "
blank,
table_row,Cash618 
blank,
table_row,"Accrued investment income2,011 "
blank,
table_row,"Premiums and other receivables, net of allowance for credit losses and disputes709 "
blank,
table_row,"Reinsurance assets - Fortitude Re, net of allowance for credit losses and disputes26,772 "
blank,
table_row,"Reinsurance assets - other, net of allowance for credit losses and disputes2,519 "
blank,
table_row,"Deferred income taxes8,307 "
blank,
table_row,"Deferred policy acquisition costs10,782 "
blank,
table_row,"Market risk benefit assets, at fair value912 "
blank,
table_row,"Other assets, net of allowance for credit losses(a)"
blank,
table_row,"2,820 "
blank,
table_row,"Separate account assets, at fair value91,005 "
blank,
table_row,"Total assets held for sale/assets of discontinued operations$378,748 "
blank,
table_row,Liabilities:
blank,
table_row,Unearned premiums$65 
blank,
table_row,"Future policy benefits 57,946 "
blank,
table_row,"Policyholder contract deposits161,979 "
blank,
table_row,"Market risk benefit liabilities, at fair value5,705 "
blank,
table_row,"Other policyholder funds2,862 "
blank,
table_row,"Fortitude Re funds withheld payable25,957 "
blank,
table_row,"Other liabilities8,790 "
blank,
table_row,"Short-term and long-term debt9,420 "
blank,
table_row,"Debt of consolidated investment entities2,360 "
blank,
table_row,"Separate account liabilities91,005 "
blank,
table_row,"Total liabilities held for sale/liabilities of discontinued operations$366,089 "
blank,
narrative,"(a)Other assets, net of allowance for credit losses includes goodwill and other intangibles of $116 million and $3 million, respectively, at December 31, 2023."
blank,
footer,108
blank,
footer,AIG | 2024 Form 10-K
blank,
blank,
footer,ITEM 8 | Notes to Consolidated Financial Statements | 4. Discontinued Operations Presentation
blank,
narrative,The following table presents the amounts related to the operations of Corebridge that have been reflected in Net income from discontinued operations:
blank,
narrative,"Years Ended December 31,"
blank,
table_row,(in millions)202420232022
blank,
table_row,Revenues:
blank,
table_row,"Premiums$2,723 $7,690 $5,091 "
blank,
table_row,"Policy fees1,269 2,797 2,913 "
blank,
table_row,"Net investment income5,238 11,146 9,398 "
blank,
table_row,"Net realized gains (losses)(923)(3,530)6,236 "
blank,
table_row,Other income372 761 816 
blank,
table_row,"Total revenues8,679 18,864 24,454 "
blank,
table_row,"Benefits, losses and expenses:"
blank,
table_row,"Policyholder benefits and losses incurred3,618 9,362 6,715 "
blank,
table_row,"Change in the fair value of market risk benefits, net(350)2 (960)"
blank,
table_row,"Interest credited to policyholder account balances2,184 4,424 3,746 "
blank,
table_row,"Amortization of deferred policy acquisition costs465 1,037 1,013 "
blank,
table_row,"General operating and other expenses1,350 3,100 2,962 "
blank,
table_row,Interest expense249 620 522 
blank,
table_row,Net (gain) loss on divestitures and other(191)(672)(71)
blank,
table_row,"Total benefits, losses and expenses7,325 17,873 13,927 "
blank,
table_row,"Income (loss) from discontinued operations before income tax expense (benefit) and loss on disposal of discontinued operations1,354 991 10,527 "
blank,
table_row,"Income tax expense (benefit)226 (146)2,144 "
blank,
table_row,"Income (loss) from discontinued operations, net of income taxes before loss on disposal of discontinued operations1,128 1,137 8,383 "
blank,
table_row,"Loss on disposition of operations, net of tax(4,754)— — "
blank,
table_row,"Income (loss) from discontinued operations, net of income taxes(3,626)1,137 8,383 "
blank,
table_row,"Less: Net income (loss) from discontinued operations attributable to noncontrolling interests478 235 1,046 "
blank,
table_row,"Net income (loss) from discontinued operations attributable to AIG$(4,104)$902 $7,337 "
blank,
narrative,DISCONTINUED OPERATIONS LOSS PRESENTATION
blank,
narrative,"The loss recognized in the second quarter of 2024 for the deconsolidation of Corebridge includes (i) $8.5 billion of retained investment in Corebridge (Corebridge’s quoted stock price is used for fair value measurement, which is classified as level 1 in the fair value hierarchy), (ii) $817 million of certain other investments (considered level 3 in the fair value hierarchy) which are measured based on valuation techniques (i.e., third-party appraisals) that use significant inputs (i.e., terminal capital rate and discount rate), and (iii) $378 million of an unsettled receivable. For details on fair value hierarchy, see Note 5. The loss on deconsolidation of Corebridge, as of December 31, 2024, is calculated as follows:"
blank,
table_row,(in millions)
blank,
table_row,"Corebridge retained investment (294.2 million shares at $28.90 per share at June 9, 2024)"
blank,
table_row,"$8,502 "
blank,
table_row,"Retained interest in certain investment entities and other assets1,180 "
blank,
table_row,"Net fair value of assets retained9,682 "
blank,
table_row,"Corebridge book value12,409 "
blank,
table_row,"Less: Noncontrolling interests5,732 "
blank,
table_row,"Corebridge book value excluding noncontrolling interests6,677 "
blank,
table_row,"Pre-tax gain on sale3,005 "
blank,
table_row,Tax expense545 
blank,
table_row,"Subtotal: After tax gain on sale before reclassification adjustment2,460 "
blank,
table_row,"Reclassification adjustment of Accumulated other comprehensive loss(7,214)"
blank,
table_row,"After-tax loss on sale of Corebridge$(4,754)"
blank,
footer,AIG | 2024 Form 10-K
blank,
footer,109
blank,
blank,
footer,ITEM 8 | Notes to Consolidated Financial Statements | 5. Fair Value Measurements
blank,
narrative,5. Fair Value Measurements
blank,
narrative,FAIR VALUE MEASUREMENTS ON A RECURRING BASIS
blank,
narrative,We carry certain of our financial instruments at fair value. We define the fair value of a financial instrument as the amount that would be received from the sale of an asset or paid to transfer a liability in an orderly transaction between market participants at the measurement date. We are responsible for the determination of the value of the investments carried at fair value and the supporting methodologies and assumptions.
blank,
narrative,"The degree of judgment used in measuring the fair value of financial instruments generally inversely correlates with the level of observable valuation inputs. We maximize the use of observable inputs and minimize the use of unobservable inputs when measuring fair value. Financial instruments with quoted prices in active markets generally have more pricing observability and less judgment is used in measuring fair value. Conversely, financial instruments for which no quoted prices are available have less observability and are measured at fair value using valuation models or other pricing techniques that require more judgment. Pricing observability is affected by a number of factors, including the type of financial instrument, whether the financial instrument is new to the market and not yet established, the characteristics specific to the transaction, liquidity and general market conditions."
blank,
narrative,Fair Value Hierarchy
blank,
narrative,Assets and liabilities recorded at fair value in the Consolidated Balance Sheets are measured and classified in accordance with a fair value hierarchy consisting of three “levels” based on the observability of valuation inputs:
blank,
narrative,•Level 1: Fair value measurements based on quoted prices (unadjusted) in active markets that we have the ability to access for identical assets or liabilities. Market price data generally is obtained from exchange or dealer markets. We do not adjust the quoted price for such instruments.
blank,
narrative,"•Level 2: Fair value measurements based on inputs other than quoted prices included in Level 1 that are observable for the asset or liability, either directly or indirectly. Level 2 inputs include quoted prices for similar assets and liabilities in active markets, quoted prices for identical or similar assets or liabilities in markets that are not active, and inputs other than quoted prices that are observable for the asset or liability, such as interest rates and yield curves that are observable at commonly quoted intervals."
blank,
narrative,"•Level 3: Fair value measurements based on valuation techniques that use significant inputs that are unobservable. Both observable and unobservable inputs may be used to determine the fair values of positions classified in Level 3. The circumstances for using these measurements include those in which there is little, if any, market activity for the asset or liability. Therefore, we must make certain assumptions about the inputs a hypothetical market participant would use to value that asset or liability."
blank,
narrative,"In certain cases, the inputs used to measure fair value may fall into different levels of the fair value hierarchy. In such cases, the level in the fair value hierarchy within which the fair value measurement in its entirety falls is determined based on the lowest level input that is significant to the fair value measurement in its entirety. "
blank,
narrative,"The following is a description of the valuation methodologies used for instruments carried at fair value. These methodologies are applied to assets and liabilities across the levels discussed above, and the observability of the inputs used determines the appropriate level in the fair value hierarchy for the respective asset or liability."
blank,
narrative,VALUATION METHODOLOGIES OF FINANCIAL INSTRUMENTS MEASURED AT FAIR VALUE
blank,
narrative,Incorporation of Credit Risk in Fair Value Measurements
blank,
narrative,"•Our Own Credit Risk.  Fair value measurements for certain liabilities incorporate our own credit risk by determining the explicit cost for each counterparty to protect against its net credit exposure to us at the balance sheet date by reference to observable AIG credit default swaps (CDS) or cash bond spreads. We calculate the effect of credit spread changes using discounted cash flow techniques that incorporate current market interest rates. A derivative counterparty’s net credit exposure to us is determined based on master netting agreements, when applicable, which take into consideration all derivative positions with us, as well as collateral we post with the counterparty at the balance sheet date. "
blank,
narrative,"•Counterparty Credit Risk.  Fair value measurements for freestanding derivatives incorporate counterparty credit by determining the explicit cost for us to protect against our net credit exposure to each counterparty at the balance sheet date by reference to observable counterparty CDS spreads, when available. When not available, other directly or indirectly observable credit spreads will be used to derive the best estimates of the counterparty spreads. Our net credit exposure to a counterparty is determined based on master netting agreements, which take into consideration all derivative positions with the counterparty, as well as collateral posted by the counterparty at the balance sheet date."
blank,
footer,110
blank,
footer,AIG | 2024 Form 10-K
blank,
blank,
footer,ITEM 8 | Notes to Consolidated Financial Statements | 5. Fair Value Measurements
blank,
narrative,Fair values for fixed maturity securities based on observable market prices for identical or similar instruments implicitly incorporate counterparty credit risk. Fair values for fixed maturity securities based on internal models incorporate counterparty credit risk by using discount rates that take into consideration cash issuance spreads for similar instruments or other observable information.
blank,
narrative,"For fair values measured based on internal models, the cost of credit protection is determined under a discounted present value approach considering the market levels for single name CDS spreads for each specific counterparty, the mid-market value of the net exposure (reflecting the amount of protection required) and the weighted average life of the net exposure. CDS spreads are provided to us by an independent third party. We utilize an interest rate based on the appropriate benchmark curve to derive our discount rates."
blank,
narrative,"While this approach does not explicitly consider all potential future behavior of the derivative transactions or potential future changes in valuation inputs, we believe this approach provides a reasonable estimate of the fair value of the assets and liabilities, including consideration of the impact of non-performance risk."
blank,
narrative,Fixed Maturity Securities
blank,
narrative,"Whenever available, we obtain quoted prices in active markets for identical assets at the balance sheet date to measure fixed maturity securities at fair value. Market price data is generally obtained from dealer markets."
blank,
narrative,"We employ independent third-party valuation service providers to gather, analyze, and interpret market information to derive fair value estimates for individual investments, based upon market-accepted methodologies and assumptions. The methodologies used by these independent third-party valuation service providers are reviewed and understood by management, through periodic discussion with and information provided by the independent third-party valuation service providers. In addition, as discussed further below, control processes designed to ensure the accuracy of these values are applied to the fair values received from independent third-party valuation service providers."
blank,
narrative,"Valuation service providers typically obtain data about market transactions and other key valuation model inputs from multiple sources and, through the use of market-accepted valuation methodologies, which may utilize matrix pricing, financial models, accompanying model inputs and various assumptions, provide a single fair value measurement for individual securities. The inputs used by the valuation service providers include, but are not limited to, market prices from completed transactions for identical securities and transactions for comparable securities, benchmark yields, interest rate yield curves, credit spreads, prepayment rates, default rates, recovery assumptions, currency rates, quoted prices for similar securities and other market-observable information, as applicable. If fair value is determined using financial models, these models generally take into account, among other things, market observable information as of the measurement date as well as the specific attributes of the security being valued, including its term, interest rate, credit rating, industry sector, and when applicable, collateral quality and other security or issuer-specific information. When market transactions or other market observable data is limited, the extent to which judgment is applied in determining fair value is greatly increased."
blank,
narrative,"We have control processes designed to ensure that the fair values received from independent third-party valuation service providers are accurately recorded, that their data inputs and valuation techniques are appropriate and consistently applied and that the assumptions used appear reasonable and consistent with the objective of determining fair value. We assess the reasonableness of individual security values received from independent third-party valuation service providers through various analytical techniques, and have procedures to escalate related questions internally and to the independent third-party valuation service providers for resolution. To assess the degree of pricing consensus among various valuation service providers for specific asset types, we conduct comparisons of prices received from available sources. We use these comparisons to establish a hierarchy for the fair values received from independent third-party valuation service providers to be used for particular security classes. We also validate prices for selected securities through reviews by members of management who have relevant expertise and who are independent of those charged with executing investing transactions."
blank,
narrative,"When our independent third-party valuation service providers are unable to obtain sufficient market observable information upon which to estimate the fair value for a particular security, fair value is determined either by requesting brokers who are knowledgeable about these securities to provide a price quote, which is generally non-binding, or by employing market accepted valuation models internally or via our third party asset managers. Broker prices may be based on an income approach, which converts expected future cash flows to a single present value amount, with specific consideration of inputs relevant to particular security types. For structured securities, such inputs may include ratings, collateral types, geographic concentrations, underlying loan vintages, loan delinquencies and defaults, loss severity assumptions, prepayments, and weighted average coupons and maturities. When the volume or level of market activity for a security is limited, certain inputs used to determine fair value may not be observable in the market. Broker prices may also be based on a market approach that considers recent transactions involving identical or similar securities. Fair values provided by brokers are subject to similar control processes to those noted above for fair values from independent third-party valuation service providers, including management reviews. For those corporate debt instruments (for example, private placements) that are not traded in active markets or that are subject to transfer restrictions, valuations reflect illiquidity and non-transferability, based on available market evidence. When observable price quotations are not available, fair value is determined based on discounted cash flow models using discount rates based on credit spreads, yields or price levels of comparable securities, adjusted "
blank,
footer,AIG | 2024 Form 10-K
blank,
footer,111
blank,
blank,
footer,ITEM 8 | Notes to Consolidated Financial Statements | 5. Fair Value Measurements
blank,
narrative,for illiquidity and structure. Fair values determined internally or via our third party asset managers are also subject to management review to ensure that valuation models and related inputs are reasonable.
blank,
narrative,"The methodology above is relevant for all fixed maturity securities including residential mortgage backed securities (RMBS), commercial mortgage backed securities (CMBS), collateralized loan obligations (CLO), other asset‑backed securities (ABS) and fixed maturity securities issued by government sponsored entities and corporate entities."
blank,
narrative,Equity Securities Traded in Active Markets
blank,
narrative,"Whenever available, we obtain quoted prices in active markets for identical assets at the balance sheet date to measure equity securities at fair value. Market price data is generally obtained from exchange or dealer markets."
blank,
narrative,Mortgage and Other Loans Receivable
blank,
narrative,"We estimate the fair value of mortgage and other loans receivable that are measured at fair value by using dealer quotations, discounted cash flow analyses and/or internal valuation models. The determination of fair value considers inputs such as interest rate, maturity, the borrower’s creditworthiness, collateral, subordination, guarantees, past-due status, yield curves, credit curves, prepayment rates, market pricing for comparable loans and other relevant factors."
blank,
narrative,Other Invested Assets
blank,
narrative,"We initially estimate the fair value of investments in certain hedge funds, private equity funds and other investment partnerships by reference to the transaction price. Subsequently, we generally obtain the fair value of these investments from net asset value information provided by the general partner or manager of the investments, the financial statements of which are generally audited annually. We consider observable market data and perform certain control procedures to validate the appropriateness of using the net asset value as a fair value measurement. The fair values of other investments carried at fair value, such as direct private equity holdings, are initially determined based on transaction price and are subsequently estimated based on available evidence such as market transactions in similar instruments, other financing transactions of the issuer and other available financial information for the issuer, with adjustments made to reflect illiquidity as appropriate. AIG's retained investments in Corebridge, for which we have elected the fair value option, is determined using Corebridge's stock price as its fair value. "
blank,
narrative,Short-term Investments
blank,
narrative,"For short-term investments that are measured at amortized cost, the carrying amounts of these assets approximate fair values because of the relatively short period of time between origination and expected realization, and their limited exposure to credit risk. Securities purchased under agreements to resell (reverse repurchase agreements) are generally treated as collateralized receivables. We report certain receivables arising from securities purchased under agreements to resell as Short-term investments in the Consolidated Balance Sheets. When these receivables are measured at fair value, we use market-observable interest rates to determine fair value."
blank,
narrative,Freestanding Derivatives
blank,
narrative,Derivative assets and liabilities can be exchange-traded or traded over-the-counter (OTC). We generally value exchange-traded derivatives such as futures and options using quoted prices in active markets for identical derivatives at the balance sheet date.
blank,
narrative,"OTC derivatives are valued using market transactions and other market evidence whenever possible, including market-based inputs to models, model calibration to market clearing transactions, broker or dealer quotations or alternative pricing sources with reasonable levels of price transparency. When models are used, the selection of a particular model to value an OTC derivative depends on the contractual terms of, and specific risks inherent in the instrument, as well as the availability of pricing information in the market. We generally use similar models to value similar instruments. Valuation models require a variety of inputs, including contractual terms, market prices and rates, yield curves, credit curves, measures of volatility, prepayment rates and correlations of such inputs. For OTC derivatives that trade in liquid markets, such as generic forwards, swaps and options, model inputs can generally be corroborated by observable market data by correlation or other means, and model selection does not involve significant management judgment."
blank,
narrative,"For certain OTC derivatives that trade in less liquid markets, where we generally do not have corroborating market evidence to support significant model inputs and cannot verify the model to market transactions, the transaction price may provide the best estimate of fair value. Accordingly, when a pricing model is used to value such an instrument, the model is adjusted so the model value at inception equals the transaction price. We will update valuation inputs in these models only when corroborated by evidence such as similar market transactions, independent third-party valuation service providers and/or broker or dealer quotations, or other empirical market data. When appropriate, valuations are adjusted for various factors such as liquidity, bid/offer spreads and credit considerations. Such adjustments are generally based on available market evidence. In the absence of such evidence, management’s best estimate is used."
blank,
footer,112
blank,
footer,AIG | 2024 Form 10-K
blank,
blank,
footer,ITEM 8 | Notes to Consolidated Financial Statements | 5. Fair Value Measurements
blank,
narrative,We value our super senior credit default swap portfolio using prices obtained from vendors and/or counterparties. The valuation of the super senior credit derivatives is complex because of the limited availability of market observable information due to the lack of trading and price transparency in certain structured finance markets. Our valuation methodologies for the super senior CDS portfolio have evolved over time in response to market conditions and the availability of market observable information. We have sought to calibrate the methodologies to available market information and to review the assumptions of the methodologies on a regular basis.
blank,
narrative,Fortitude Re funds withheld payable
blank,
narrative,The reinsurance transactions between AIG and Fortitude Re were structured as modco and loss portfolio transfer arrangements with funds withheld (funds withheld). AIG has established a funds withheld payable to Fortitude Re while simultaneously establishing a reinsurance asset representing reserves for the insurance coverage that Fortitude Re has assumed. The funds withheld payable contains an embedded derivative and changes in fair value of the embedded derivative related to the funds withheld payable are recognized in earnings through realized gains (losses). This embedded derivative is considered a total return swap with contractual returns that are attributable to various assets and liabilities associated with these reinsurance agreements.
blank,
narrative,Other Liabilities
blank,
narrative,"Other liabilities measured at fair value include certain securities sold under agreements to repurchase and certain securities sold but not yet purchased. Liabilities arising from securities sold under agreements to repurchase are generally treated as collateralized borrowings. We estimate the fair value of liabilities arising under these agreements by using market-observable interest rates. This methodology considers such factors as the coupon rate, yield curves and other relevant factors. Fair values for securities sold but not yet purchased are based on current market prices.  "
blank,
narrative,ASSETS AND LIABILITIES MEASURED AT FAIR VALUE ON A RECURRING BASIS
blank,
narrative,The following table presents information about assets and liabilities measured at fair value on a recurring basis and indicates the level of the fair value measurement based on the observability of the inputs used:
blank,
table_row,"December 31, 2024Level 1Level 2Level 3Counterparty"
blank,
table_row,Netting(a)
blank,
table_row,CashCollateralTotal
blank,
table_row,(in millions)
blank,
table_row,Assets:
blank,
table_row,Bonds available for sale:
blank,
table_row,U.S. government and government sponsored entities
blank,
table_row,"$36 $3,231 $— $— $— $3,267 "
blank,
table_row,"Obligations of states, municipalities and political subdivisions"
blank,
table_row,"— 3,140 3 — — 3,143 "
blank,
table_row,"Non-U.S. governments161 7,939 7 — — 8,107 "
blank,
table_row,"Corporate debt— 31,586 240 — — 31,826 "
blank,
table_row,"RMBS— 6,710 1,894 — — 8,604 "
blank,
table_row,"CMBS— 3,900 26 — — 3,926 "
blank,
table_row,"CLO/ABS— 4,293 840 — — 5,133 "
blank,
table_row,Total bonds available for sale
blank,
table_row,"197 60,799 3,010 — — 64,006 "
blank,
table_row,Other bond securities:
blank,
table_row,"Obligations of states, municipalities and political subdivisions— 50 — — — 50 "
blank,
table_row,Non-U.S. governments— 24 — — — 24 
blank,
table_row,Corporate debt— 281 1 — — 282 
blank,
table_row,RMBS— 50 50 — — 100 
blank,
table_row,CMBS— 43 — — — 43 
blank,
table_row,CLO/ABS— 133 113 — — 246 
blank,
table_row,Total other bond securities
blank,
table_row,— 581 164 — — 745 
blank,
table_row,Equity securities
blank,
table_row,689 — 15 — — 704 
blank,
table_row,Other invested assets(b)
blank,
table_row,"3,810 119 163 — — 4,092 "
blank,
table_row,Derivative assets(c):
blank,
table_row,Interest rate contracts— 277 — — — 277 
blank,
table_row,Foreign exchange contracts
blank,
table_row,— 296 — — — 296 
blank,
table_row,Equity contracts
blank,
table_row,— — 20 — — 20 
blank,
table_row,Credit contracts
blank,
table_row,— — 31 — — 31 
blank,
table_row,Counterparty netting and cash collateral
blank,
table_row,— — — (270)(304)(574)
blank,
table_row,Total derivative assets
blank,
table_row,— 573 51 (270)(304)50 
blank,
table_row,Short-term investments
blank,
table_row,"7,942 1,847 — — — 9,789 "
blank,
table_row,Other assets(c)
blank,
table_row,— — 129 — — 129 
blank,
table_row,Total(d)
blank,
table_row,"$12,638 $63,919 $3,532 $(270)$(304)$79,515 "
blank,
footer,AIG | 2024 Form 10-K
blank,
footer,113
blank,
blank,
footer,ITEM 8 | Notes to Consolidated Financial Statements | 5. Fair Value Measurements
blank,
table_row,"December 31, 2024Level 1Level 2Level 3Counterparty"
blank,
table_row,Netting(a)
blank,
table_row,CashCollateralTotal
blank,
table_row,(in millions)
blank,
table_row,Liabilities:
blank,
table_row,Derivative liabilities(c):
blank,
table_row,Interest rate contracts
blank,
table_row,$— $304 $— $— $— $304 
blank,
table_row,Foreign exchange contracts
blank,
table_row,— 267 — — — 267 
blank,
table_row,Equity contracts
blank,
table_row,— — 20 — — 20 
blank,
table_row,Credit contracts
blank,
table_row,— — 31 — — 31 
blank,
table_row,Counterparty netting and cash collateral
blank,
table_row,— — — (270)(201)(471)
blank,
table_row,Total derivative liabilities
blank,
table_row,— 571 51 (270)(201)151 
blank,
table_row,Fortitude Re funds withheld payable
blank,
table_row,— — (128)— — (128)
blank,
table_row,Other liabilities
blank,
table_row,— — 100 — — 100 
blank,
table_row,Total$— $571 $23 $(270)$(201)$123 
blank,
table_row,"December 31, 2023Level 1Level 2Level 3Counterparty"
blank,
table_row,Netting(a)
blank,
table_row,CashCollateralTotal
blank,
table_row,(in millions)
blank,
table_row,Assets:
blank,
table_row,Bonds available for sale:
blank,
table_row,U.S. government and government sponsored entities
blank,
table_row,"$15 $4,380 $— $— $— $4,395 "
blank,
table_row,"Obligations of states, municipalities and political subdivisions"
blank,
table_row,"— 4,830 3 — — 4,833 "
blank,
table_row,"Non-U.S. governments233 8,156 7 — — 8,396 "
blank,
table_row,"Corporate debt— 32,023 323 — — 32,346 "
blank,
table_row,"RMBS— 4,415 1,792 — — 6,207 "
blank,
table_row,"CMBS— 4,122 25 — — 4,147 "
blank,
table_row,"CLO/ABS— 3,629 1,289 — — 4,918 "
blank,
table_row,Total bonds available for sale
blank,
table_row,"248 61,555 3,439 — — 65,242 "
blank,
table_row,Other bond securities:
blank,
table_row,"Obligations of states, municipalities and political subdivisions— 51 — — — 51 "
blank,
table_row,Non-U.S. governments— 24 — — — 24 
blank,
table_row,Corporate debt— 210 45 — — 255 
blank,
table_row,RMBS— 42 51 — — 93 
blank,
table_row,CMBS— 33 — — — 33 
blank,
table_row,CLO/ABS— 69 138 — — 207 
blank,
table_row,Total other bond securities
blank,
table_row,— 429 234 — — 663 
blank,
table_row,Equity securities
blank,
table_row,612 39 14 — — 665 
blank,
table_row,Other invested assets (b)
blank,
table_row,— 155 221 — — 376 
blank,
table_row,Derivative assets(c):
blank,
table_row,Interest rate contracts— 335 406 — — 741 
blank,
table_row,Foreign exchange contracts
blank,
table_row,— 450 1 — — 451 
blank,
table_row,Equity contracts
blank,
table_row,— 18 48 — — 66 
blank,
table_row,Credit contracts
blank,
table_row,— — 33 — — 33 
blank,
table_row,Other contracts— — 1 — — 1 
blank,
table_row,Counterparty netting and cash collateral
blank,
table_row,"— — — (450)(711)(1,161)"
blank,
table_row,Total derivative assets
blank,
table_row,— 803 489 (450)(711)131 
blank,
table_row,Short-term investments
blank,
table_row,"2,613 6,750 — — — 9,363 "
blank,
table_row,Other assets(c)
blank,
table_row,— — 243 — — 243 
blank,
table_row,Total(d)
blank,
table_row,"$3,473 $69,731 $4,640 $(450)$(711)$76,683 "
blank,
table_row,Liabilities:
blank,
table_row,Derivative liabilities(c):
blank,
table_row,Interest rate contracts
blank,
table_row,$— $352 $— $— $— $352 
blank,
table_row,Foreign exchange contracts
blank,
table_row,— 561 3 — — 564 
blank,
table_row,Credit contracts
blank,
table_row,— 3 33 — — 36 
blank,
table_row,Counterparty netting and cash collateral
blank,
table_row,— — — (450)(249)(699)
blank,
table_row,Total derivative liabilities
blank,
table_row,— 916 36 (450)(249)253 
blank,
table_row,Fortitude Re funds withheld payable
blank,
table_row,— — (148)— — (148)
blank,
table_row,Other liabilities— 107 122 — — 229 
blank,
table_row,"Total$— $1,023 $10 $(450)$(249)$334 "
blank,
narrative,(a)Represents netting of derivative exposures covered by qualifying master netting agreements.
blank,
footer,114
blank,
footer,AIG | 2024 Form 10-K
blank,
blank,
footer,ITEM 8 | Notes to Consolidated Financial Statements | 5. Fair Value Measurements
blank,
narrative,"(b)Excludes investments that are measured at fair value using the net asset value (NAV) per share (or its equivalent), which totaled $3.3 billion and $3.8 billion as of December 31, 2024 and 2023, respectively. As of December 31, 2024, includes AIG's ownership interest in Corebridge of $3.8 billion on which AIG elected the fair value option."
blank,
narrative,(c)Presented as part of Other assets and Other liabilities on the Consolidated Balance Sheets.
blank,
narrative,"(d)Excludes $15 million of assets reclassified to Assets held for sale on the Consolidated Balance Sheets at December 31, 2023.  "
blank,
narrative,CHANGES IN LEVEL 3 RECURRING FAIR VALUE MEASUREMENTS
blank,
narrative,"The following tables present changes during the years ended December 31, 2024 and 2023 in Level 3 assets and liabilities measured at fair value on a recurring basis, and the realized and unrealized gains (losses) related to the Level 3 assets and liabilities in the Consolidated Balance Sheets at December 31, 2024 and 2023:"
blank,
table_row,"(in millions)Fair ValueBeginning of YearNet RealizedandUnrealizedGains(Losses)Includedin IncomeOtherComprehensiveIncome (Loss)Purchases, Sales,IssuancesandSettlements,NetGrossTransfersInGrossTransfersOutOtherFairValueEnd ofYearChanges inUnrealizedGains(Losses)Included inIncome onInstrumentsHeld at Endof YearChanges inUnrealized Gains(Losses)Included in OtherComprehensiveIncome (Loss) forRecurring Level 3Instruments Heldat End of Year"
blank,
table_row,"December 31, 2024"
blank,
table_row,Assets:
blank,
table_row,Bonds available for sale:
blank,
table_row,"Obligations of states, municipalities and political subdivisions$3 $— $— $— $— $— $— $3 $— $(5)"
blank,
table_row,Non-U.S. governments7 — — — — — — 7 — — 
blank,
table_row,Corporate debt323 (1)(3)(71)232 (245)5 240 — (6)
blank,
table_row,"RMBS1,792 53 32 (238)308 (89)36 1,894 — (43)"
blank,
table_row,CMBS25 (11)13 (32)108 (78)1 26 — 1 
blank,
table_row,"CLO/ABS1,289 (22)54 (441)43 (83)— 840 — 37 "
blank,
table_row,"Total bonds available for sale3,439 19 96 (782)691 (495)42 3,010 — (16)"
blank,
table_row,Other bond securities:
blank,
table_row,Corporate debt45 — — — 1 (45)— 1 — — 
blank,
table_row,RMBS51 1 — (3)— (3)4 50 2 — 
blank,
table_row,CLO/ABS138 1 — 4 2 (32)— 113 (1)— 
blank,
table_row,Total other bond securities234 2 — 1 3 (80)4 164 1 — 
blank,
table_row,Equity securities14 1 — 4 11 (13)(2)15 1 — 
blank,
table_row,Other invested assets221 (16)— (35)— (13)6 163 (11)— 
blank,
table_row,Other assets243 — — (114)— — — 129 — — 
blank,
table_row,Total
blank,
table_row,"$4,151 $6 $96 $(926)$705 $(601)$50 $3,481 $(9)$(16)"
blank,
table_row,"(in millions)Fair ValueBeginning of YearNetRealizedandUnrealized(Gains)LossesIncludedin IncomeOtherComprehensiveIncome (Loss)Purchases, Sales,IssuancesandSettlements,NetGrossTransfersInGrossTransfersOutOtherFairValueEnd ofYearChanges inUnrealizedGains(Losses)Included inIncome onInstrumentsHeld at Endof YearChanges inUnrealized Gains(Losses)Included in OtherComprehensiveIncome (Loss) forRecurring Level 3Instruments Heldat End of Year"
blank,
table_row,Liabilities:
blank,
table_row,"Derivative liabilities, net:"
blank,
table_row,Interest rate contracts$(406)$61 $— $345 $— $— $— $— $— $— 
blank,
table_row,Foreign exchange contracts2 (2)— — — — — — — — 
blank,
table_row,Equity contracts(48)(18)— 31 — — 35 — — — 
blank,
table_row,Credit contracts— 1 — — — — (1)— (1)— 
blank,
table_row,Other contracts(1)(1)— 1 — — 1 — — — 
blank,
table_row,"Total derivative liabilities, net(a)"
blank,
table_row,(453)41 — 377 — — 35 — (1)— 
blank,
table_row,Fortitude Re funds withheld payable(148)75 — (55)— — — (128)(26)— 
blank,
table_row,Other Liabilities122 (2)— (20)— — — 100 — — 
blank,
table_row,Total$(479)$114 $— $302 $— $— $35 $(28)$(27)$— 
blank,
footer,AIG | 2024 Form 10-K
blank,
footer,115
blank,
blank,
footer,ITEM 8 | Notes to Consolidated Financial Statements | 5. Fair Value Measurements
blank,
table_row,"(in millions)Fair ValueBeginning of YearNet RealizedandUnrealizedGains(Losses)Includedin IncomeOtherComprehensiveIncome (Loss)Purchases, Sales,IssuancesandSettlements,NetGrossTransfersInGrossTransfersOutOtherFairValueEnd ofYearChanges inUnrealizedGains(Losses)Included inIncome onInstrumentsHeld at Endof YearChanges inUnrealized Gains(Losses)Included in OtherComprehensiveIncome (Loss) forRecurring Level 3Instruments Heldat End of Year"
blank,
table_row,"December 31, 2023"
blank,
table_row,Assets:
blank,
table_row,Bonds available for sale:
blank,
table_row,"Obligations of states, municipalities and political subdivisions$20 $(1)$1 $(16)$— $(1)$— $3 $— $— "
blank,
table_row,Non-U.S. governments2 — 1 (5)11 (2)— 7 — 1 
blank,
table_row,Corporate debt879 (8)11 (537)236 (258)— 323 — (5)
blank,
table_row,"RMBS1,884 114 (10)(142)— (54)— 1,792 — (17)"
blank,
table_row,CMBS207 (31)4 (6)44 (193)— 25 — (11)
blank,
table_row,"CLO/ABS1,483 (39)66 (179)17 (75)16 1,289 — 3 "
blank,
table_row,"Total bonds available for sale4,475 35 73 (885)308 (583)16 3,439 — (29)"
blank,
table_row,Other bond securities:
blank,
table_row,Corporate debt— 1 — 44 — — — 45 1 — 
blank,
table_row,RMBS65 4 — (18)— — — 51 (7)— 
blank,
table_row,CLO/ABS158 4 — (34)1 (3)12 138 (25)— 
blank,
table_row,Total other bond securities223 9 — (8)1 (3)12 234 (31)— 
blank,
table_row,Equity securities13 1 — 3 10 (13)— 14 1 — 
blank,
table_row,Other invested assets244 3 — (36)10 — — 221 (1)— 
blank,
table_row,Other assets107 — — 136 — — — 243 — — 
blank,
table_row,Total
blank,
table_row,"$5,062 $48 $73 $(790)$329 $(599)$28 $4,151 $(31)$(29)"
blank,
table_row,"(in millions)Fair ValueBeginning of YearNetRealizedandUnrealized(Gains)LossesIncludedin IncomeOtherComprehensiveIncome (Loss)Purchases, Sales,IssuancesandSettlements,NetGrossTransfersInGrossTransfersOutOtherFairValueEnd ofYearChanges inUnrealizedGains(Losses)Included inIncome onInstrumentsHeld at Endof YearChanges inUnrealized Gains(Losses)Included in OtherComprehensiveIncome (Loss) forRecurring Level 3Instruments Heldat End of Year"
blank,
table_row,Liabilities:
blank,
table_row,"Derivative liabilities, net:"
blank,
table_row,Interest rate contracts$(311)$(44)$— $(51)$— $— $— $(406)$37 $— 
blank,
table_row,Foreign exchange contracts— 2 — — — — — 2 (2)— 
blank,
table_row,Equity contracts(271)72 — 151 — — — (48)19 — 
blank,
table_row,Credit contracts— — — — — — — — (1)— 
blank,
table_row,Other contracts(1)(2)— 2 — — — (1)2 — 
blank,
table_row,"Total derivative liabilities, net(a)"
blank,
table_row,(583)28 — 102 — — — (453)55 — 
blank,
table_row,Fortitude Re funds withheld payable(41)273 — (380)— — — (148)(151)— 
blank,
table_row,Other liabilities112 10 — — — — — 122 — — 
blank,
table_row,Total
blank,
table_row,$(512)$311 $— $(278)$— $— $— $(479)$(96)$— 
blank,
table_row,(a)Total Level 3 derivative exposures have been netted in these tables for presentation purposes only.
blank,
table_row,Net realized and unrealized gains and losses included in income related to Level 3 assets and liabilities shown above are reported in the Consolidated Statements of Income (Loss) as follows:
blank,
table_row,(in millions)NetInvestmentIncomeNet RealizedGains (Losses)Total
blank,
table_row,"December 31, 2024"
blank,
table_row,Assets:
blank,
table_row,Bonds available for sale$75 $(56)$19 
blank,
table_row,Other bond securities2 — 2 
blank,
table_row,Equity securities1 — 1 
blank,
table_row,Other invested assets(16)— (16)
blank,
table_row,"December 31, 2023"
blank,
table_row,Assets:
blank,
table_row,Bonds available for sale$104 $(69)$35 
blank,
table_row,Other bond securities9 — 9 
blank,
table_row,Equity securities1 — 1 
blank,
table_row,Other invested assets4 (1)3 
blank,
footer,116
blank,
footer,AIG | 2024 Form 10-K
blank,
blank,
footer,ITEM 8 | Notes to Consolidated Financial Statements | 5. Fair Value Measurements
blank,
table_row,(in millions)NetInvestmentIncomeNet Realized(Gains) LossesTotal
blank,
table_row,"December 31, 2024"
blank,
table_row,Liabilities:
blank,
table_row,"Derivative liabilities, net$— $41 $41 "
blank,
table_row,Fortitude Re funds withheld payable— 75 75 
blank,
table_row,Other Liabilities— (2)(2)
blank,
table_row,"December 31, 2023"
blank,
table_row,Liabilities:
blank,
table_row,"Derivative liabilities, net$— $28 $28 "
blank,
table_row,Fortitude Re funds withheld payable— 273 273 
blank,
table_row,Other Liabilities— 10 10 
blank,
table_row,"The following table presents the gross components of purchases, sales, issuances and settlements, net, shown above, for the years ended December 31, 2024 and 2023 related to Level 3 assets and liabilities in the Consolidated Balance Sheets:"
blank,
table_row,(in millions)PurchasesSalesIssuances
blank,
table_row,and
blank,
table_row,Settlements(a)
blank,
table_row,"Purchases, Sales,"
blank,
table_row, Issuances and
blank,
table_row,"Settlements, Net(a)"
blank,
table_row,"December 31, 2024"
blank,
table_row,Assets:
blank,
table_row,Bonds available for sale:
blank,
table_row,"Obligations of states, municipalities and political subdivisions$1 $— $(1)$— "
blank,
table_row,Non-U.S. governments4 — (4)— 
blank,
table_row,Corporate debt43 (29)(85)(71)
blank,
table_row,RMBS89 (53)(274)(238)
blank,
table_row,CMBS— (15)(17)(32)
blank,
table_row,CLO/ABS447 (681)(207)(441)
blank,
table_row,Total bonds available for sale584 (778)(588)(782)
blank,
table_row,Other bond securities:
blank,
table_row,RMBS3 (1)(5)(3)
blank,
table_row,CLO/ABS13 — (9)4 
blank,
table_row,Total other bond securities16 (1)(14)1 
blank,
table_row,Equity securities6 (2)— 4 
blank,
table_row,Other invested assets3 — (38)(35)
blank,
table_row,Other assets— — (114)(114)
blank,
table_row,Total$609 $(781)$(754)$(926)
blank,
table_row,Liabilities:
blank,
table_row,"Derivative liabilities, net$— $— $377 $377 "
blank,
table_row,Fortitude Re funds withheld payable— — (55)(55)
blank,
table_row,Other Liabilities— — (20)(20)
blank,
table_row,Total$— $— $302 $302 
blank,
table_row,"December 31, 2023"
blank,
table_row,Assets:
blank,
table_row,Bonds available for sale:
blank,
table_row,"Obligations of states, municipalities and political subdivisions$1 $(15)$(2)$(16)"
blank,
table_row,Non-U.S. governments— — (5)(5)
blank,
table_row,Corporate Debt21 (4)(554)(537)
blank,
table_row,RMBS228 (25)(345)(142)
blank,
table_row,CMBS1 (23)16 (6)
blank,
table_row,CLO/ABS291 (437)(33)(179)
blank,
table_row,Total bonds available for sale542 (504)(923)(885)
blank,
table_row,Other bond securities:
blank,
table_row,Corporate debt20 — 24 44 
blank,
table_row,RMBS— — (18)(18)
blank,
table_row,CLO/ABS14 (10)(38)(34)
blank,
table_row,Total other bond securities34 (10)(32)(8)
blank,
footer,AIG | 2024 Form 10-K
blank,
footer,117
blank,
blank,
footer,ITEM 8 | Notes to Consolidated Financial Statements | 5. Fair Value Measurements
blank,
table_row,(in millions)PurchasesSalesIssuances
blank,
table_row,and
blank,
table_row,Settlements(a)
blank,
table_row,"Purchases, Sales,"
blank,
table_row, Issuances and
blank,
table_row,"Settlements, Net(a)"
blank,
table_row,Equity securities6 (2)(1)3 
blank,
table_row,Other invested assets1 — (37)(36)
blank,
table_row,Other assets130 — 6 136 
blank,
table_row,Total$713 $(516)$(987)$(790)
blank,
table_row,Liabilities:
blank,
table_row,"Derivative liabilities, net$(481)$7 $576 $102 "
blank,
table_row,Fortitude Re funds withheld payable— — (380)(380)
blank,
table_row,Total$(481)$7 $196 $(278)
blank,
table_row,"(a)There were no issuances during the years ended December 31, 2024 and 2023.  "
blank,
narrative,"Both observable and unobservable inputs may be used to determine the fair values of positions classified in Level 3 in the tables above. As a result, the unrealized gains (losses) on instruments held at December 31, 2024 and 2023 may include changes in fair value that were attributable to both observable (e.g., changes in market interest rates) and unobservable inputs (e.g., changes in unobservable long-dated volatilities)."
blank,
narrative,Transfers of Level 3 Assets and Liabilities
blank,
narrative,"The Net realized and unrealized gains (losses) included in income (loss) or Other comprehensive income (loss) (OCI) as shown in the table above excludes $(35) million and $2 million of net gains (losses) related to assets and liabilities transferred into Level 3 during the years ended December 31, 2024 and 2023, respectively, and includes $(13) million and $(11) million of net gains (losses) related to assets and liabilities transferred out of Level 3 during the years ended December 31, 2024 and 2023, respectively."
blank,
narrative,Transfers of Level 3 Assets
blank,
narrative,"During the years ended December 31, 2024 and 2023, transfers into Level 3 assets primarily included certain investments in private placement corporate debt, commercial mortgage-backed securities (CMBS), residential mortgage-backed securities (RMBS), collateralized loan obligations (CLO)/asset-backed securities (ABS) and equity securities. Transfers of private placement corporate debt and certain ABS into Level 3 assets were primarily the result of limited market pricing information that required us to determine fair value for these securities based on inputs that are adjusted to better reflect our own assumptions regarding the characteristics of a specific security or associated market liquidity. The transfers of investments in CMBS, RMBS, CLO and certain ABS into Level 3 assets were due to diminished market transparency and liquidity for individual security types."
blank,
narrative,"During the years ended December 31, 2024 and 2023, transfers out of Level 3 assets primarily included certain investments in private placement corporate debt, CMBS, RMBS, CLO/ABS, municipal bonds and equity securities. Transfers of private placement corporate debt out of Level 3 assets were based on consideration of market liquidity as well as related transparency of pricing and associated observable inputs for these investments. Transfers of certain investments in private placement corporate debt out of Level 3 assets were primarily the result of using observable pricing information that reflects the fair value of those securities without the need for adjustment based on our own assumptions regarding the characteristics of a specific security or the current liquidity in the market."
blank,
narrative,Transfers of Level 3 Liabilities
blank,
narrative,"There were no significant transfers of derivative or other liabilities into or out of Level 3 for the years ended December 31, 2024 and 2023. "
blank,
narrative,QUANTITATIVE INFORMATION ABOUT LEVEL 3 FAIR VALUE MEASUREMENTS
blank,
narrative,"The table below presents information about the significant unobservable inputs used for recurring fair value measurements for certain Level 3 instruments, and includes only those instruments for which information about the inputs is reasonably available to us, such as data from independent third-party valuation service providers. Because input information from third-parties with respect to certain Level 3 instruments (primarily CLO/ABS) may not be reasonably available to us, balances shown below may not equal total amounts reported for such Level 3 assets and liabilities:"
blank,
table_row,"(in millions)Fair Value atDecember 31, 2024Valuation TechniqueUnobservable Input(b)"
blank,
table_row,Range
blank,
table_row,(Weighted Average)(c)
blank,
table_row,Assets:
blank,
table_row,"Obligations of states, municipalities and political subdivisions$3 Discounted cash flowYield5.09% - 5.57% (5.33%)"
blank,
table_row,Corporate debt177 Discounted cash flowYield6.83% - 11.61% (9.22%)
blank,
table_row,RMBS(a)
blank,
table_row,"1,321 Discounted cash flowConstant prepayment rate4.10% - 9.26% (6.68%)"
blank,
table_row,Loss severity40.81% - 76.72% (58.76%)
blank,
footer,118
blank,
footer,AIG | 2024 Form 10-K
blank,
blank,
footer,ITEM 8 | Notes to Consolidated Financial Statements | 5. Fair Value Measurements
blank,
table_row,"(in millions)Fair Value atDecember 31, 2024Valuation TechniqueUnobservable Input(b)"
blank,
table_row,Range
blank,
table_row,(Weighted Average)(c)
blank,
table_row,Constant default rate0.57% - 2.48% (1.52%)
blank,
table_row,Yield5.89% - 6.98% (6.44%)
blank,
table_row,CLO/ABS(a)
blank,
table_row,760 Discounted cash flowYield4.24% - 8.42% (6.33%)
blank,
table_row,CMBS25 Discounted cash flowYield7.04% - 10.12% (8.70%)
blank,
table_row,"(in millions)Fair Value atDecember 31, 2023Valuation TechniqueUnobservable Input(b)"
blank,
table_row,Range
blank,
table_row,(Weighted Average)(c)
blank,
table_row,Assets:
blank,
table_row,"Obligations of states, municipalities and political subdivisions$3 Discounted cash flowYield5.00% - 5.50% (5.23%)"
blank,
table_row,Corporate debt332 Discounted cash flowYield5.16% - 9.62% (7.39%)
blank,
table_row,RMBS(a)
blank,
table_row,"1,341 Discounted cash flowConstant prepayment rate4.43% - 10.30% (7.36%)"
blank,
table_row,Loss severity43.21% - 76.65% (59.93%)
blank,
table_row,Constant default rate0.82% - 2.64% (1.73%)
blank,
table_row,Yield6.18% - 7.42% (6.80%)
blank,
table_row,CLO/ABS(a)
blank,
table_row,"1,100 Discounted cash flowYield5.31% - 8.56% (6.94%)"
blank,
table_row,CMBS22 Discounted cash flowYield9.84% - 17.24% (13.54%)
blank,
narrative,"(a)Information received from third-party valuation service providers. The ranges of the unobservable inputs for constant prepayment rate, loss severity and constant default rate relate to each of the individual underlying mortgage loans that comprise the entire portfolio of securities in the RMBS and CLO securitization vehicles and not necessarily to the securitization vehicle bonds (tranches) purchased by us. The ranges of these inputs do not directly correlate to changes in the fair values of the tranches purchased by us, because there are other factors relevant to the fair values of specific tranches owned by us including, but not limited to, purchase price, position in the waterfall, senior versus subordinated position and attachment points."
blank,
narrative,"(b)Represents discount rates, estimates and assumptions that we believe would be used by market participants when valuing these assets and liabilities."
blank,
narrative,(c)The weighted averaging for fixed maturity securities is based on the estimated fair value of the securities.
blank,
narrative,"The ranges of reported inputs for Obligations of states, municipalities and political subdivisions, Corporate debt, RMBS, CLO/ABS, and CMBS valued using a discounted cash flow technique consist of one standard deviation in either direction from the value‑weighted average. The preceding table does not give effect to our risk management practices that might offset risks inherent in these Level 3 assets and liabilities."
blank,
narrative,Interrelationships Between Unobservable Inputs
blank,
narrative,"We consider unobservable inputs to be those for which market data is not available and that are developed using the best information available to us about the assumptions that market participants would use when pricing the asset or liability. Relevant inputs vary depending on the nature of the instrument being measured at fair value. The following paragraphs provide a general description of significant unobservable inputs along with interrelationships between and among the significant unobservable inputs and their impact on the fair value measurements. In practice, simultaneous changes in assumptions may not always have a linear effect on the inputs discussed below. Interrelationships may also exist between observable and unobservable inputs. Such relationships have not been included in the discussion below. For each of the individual relationships described below, the inverse relationship would also generally apply."
blank,
narrative,Fixed Maturity Securities
blank,
narrative,"The significant unobservable input used in the fair value measurement of fixed maturity securities is yield. The yield is affected by the market movements in credit spreads and U.S. Treasury yields. The yield may be affected by other factors including constant prepayment rates, loss severity, and constant default rates. In general, increases in the yield would decrease the fair value of investments, and conversely, decreases in the yield would increase the fair value of investments. "
blank,
narrative,Embedded Derivatives within Reinsurance Contracts
blank,
narrative,"The fair value of embedded derivatives associated with funds withheld reinsurance contracts is determined based upon a total return swap technique with reference to the fair value of the investments held by AIG related to AIG’s funds withheld payable. The fair value of the underlying assets is generally based on market observable inputs using industry standard valuation techniques. The valuation also requires certain significant inputs, which are generally not observable, and accordingly, the valuation is considered Level 3 in the fair value hierarchy.  "
blank,
footer,AIG | 2024 Form 10-K
blank,
footer,119
blank,
blank,
footer,ITEM 8 | Notes to Consolidated Financial Statements | 5. Fair Value Measurements
blank,
narrative,INVESTMENTS IN CERTAIN ENTITIES CARRIED AT FAIR VALUE USING NET ASSET VALUE PER SHARE
blank,
narrative,"The following table includes information related to our investments in certain other invested assets, including private equity funds, hedge funds and other alternative investments that calculate net asset value per share (or its equivalent). For these investments, which are measured at fair value on a recurring basis, we use the net asset value per share to measure fair value."
blank,
table_row,"December 31, 2024December 31, 2023"
blank,
table_row,(in millions)Investment Category IncludesFair Value Using NAV Per Share (or its equivalent)Unfunded CommitmentsFair Value Using NAV Per Share (or its equivalent)Unfunded Commitments
blank,
table_row,Investment Category
blank,
table_row,Private equity funds:
blank,
table_row,"Leveraged buyoutDebt and/or equity investments made as part of a transaction in which assets of mature companies are acquired from the current shareholders, typically with the use of financial leverage$1,126 $375 $1,171 $558 "
blank,
table_row,"Real assetsInvestments in real estate properties, agricultural and infrastructure assets, including power plants and other energy producing assets782 261 870 344 "
blank,
table_row,"Venture capitalEarly-stage, high-potential, growth companies expected to generate a return through an eventual realization event, such as an initial public offering or sale of the company83 40 67 50 "
blank,
table_row,Growth equityFunds that make investments in established companies for the purpose of growing their businesses175 1 196 9 
blank,
table_row,MezzanineFunds that make investments in the junior debt and equity securities of leveraged companies120 58 140 56 
blank,
table_row,"OtherIncludes distressed funds that invest in securities of companies that are in default or under bankruptcy protection, as well as funds that have multi- strategy, and other strategies819 57 944 64 "
blank,
table_row,"Total private equity funds3,105 792 3,388 1,081 "
blank,
table_row,Hedge funds:
blank,
table_row,"Event-drivenSecurities of companies undergoing material structural changes, including mergers, acquisitions and other reorganizations11 — 13 — "
blank,
table_row,"Long-shortSecurities that the manager believes are undervalued, with corresponding short positions to hedge market risk168 — 389 — "
blank,
table_row,"OtherIncludes investments held in funds that are less liquid, as well as other strategies which allow for broader allocation between public and private investments8 — 9 — "
blank,
table_row,Total hedge funds187 — 411 — 
blank,
table_row,"Total$3,292 $792 $3,799 $1,081 "
blank,
narrative,"Private equity fund investments included above are not redeemable, because distributions from the funds will be received when underlying investments of the funds are liquidated. Private equity funds are generally expected to have 10-year lives at their inception, but these lives may be extended at the fund manager’s discretion, typically in one-year or two-year increments."
blank,
narrative,FAIR VALUE OPTION
blank,
narrative,"Under the fair value option, we may elect to measure at fair value financial assets and financial liabilities that are not otherwise required to be carried at fair value. Subsequent changes in fair value for designated items are reported in earnings. We elect the fair value option for certain hybrid securities given the complexity of bifurcating the economic components associated with the embedded derivatives. "
blank,
narrative,"For additional information related to embedded derivatives, see Note 11."
blank,
narrative,"Additionally, we elect the fair value option for certain alternative investments when such investments are eligible for this election. We believe this measurement basis is consistent with the applicable accounting guidance used by the respective investment company funds themselves."
blank,
narrative,"For additional information on securities and other invested assets for which we have elected the fair value option, see Note 6."
blank,
footer,120
blank,
footer,AIG | 2024 Form 10-K
blank,
blank,
footer,ITEM 8 | Notes to Consolidated Financial Statements | 5. Fair Value Measurements
blank,
narrative,The following table presents the gains or losses recorded related to the eligible instruments for which we elected the fair value option:
blank,
narrative,"Years Ended December 31,Gain (Loss)"
blank,
table_row,(in millions)202420232022
blank,
table_row,Other bond securities(a)
blank,
table_row,$19 $46 $(374)
blank,
table_row,Alternative investments(b)
blank,
table_row,257 220 32 
blank,
table_row,Retained investment in Corebridge(c)
blank,
table_row,439 — — 
blank,
table_row,Total gain (loss)$715 $266 $(136)
blank,
narrative,"(a)Includes certain securities supporting the funds withheld arrangements with Fortitude Re. For additional information regarding the gains and losses for Other bond securities, see Note 6. For additional information regarding the funds withheld arrangements with Fortitude Re, see Note 8."
blank,
narrative,"(b)Includes certain hedge funds, private equity funds and real estate investments. "
blank,
narrative,(c)Represents the impact of changes in Corebridge stock price on the value of AIG's ownership interest in Corebridge and gain on sale of Corebridge shares.
blank,
narrative,Interest income and dividend income on assets measured under the fair value option are recognized and included in Net investment income in the Consolidated Statements of Income. Interest expense on liabilities measured under the fair value option is reported in Other Income in the Consolidated Statements of Income.
blank,
narrative,"For additional information about our policies for recognition, measurement, and disclosure of interest and dividend income, see Note 6."
blank,
narrative,"We calculate the effect of these credit spread changes using discounted cash flow techniques that incorporate current market interest rates, our observable credit spreads on these liabilities and other factors that mitigate the risk of nonperformance such as cash collateral posted."
blank,
narrative,FAIR VALUE INFORMATION ABOUT FINANCIAL INSTRUMENTS NOT MEASURED AT FAIR VALUE
blank,
narrative,Information regarding the estimation of fair value for financial instruments not carried at fair value (excluding insurance contracts and lease contracts) is discussed below:
blank,
narrative,"•Mortgage and other loans receivable: Fair values of loans on commercial real estate and other loans receivable are estimated for disclosure purposes using discounted cash flow calculations based on discount rates that we believe market participants would use in determining the price that they would pay for such assets. For certain loans, our current incremental lending rates for similar types of loans are used as the discount rates, because we believe this rate approximates the rates market participants would use. Fair values of residential mortgage loans are generally determined based on market prices, using market based adjustments for credit and servicing as appropriate. The fair values of policy loans are generally estimated based on unpaid principal amount as of each reporting date. No consideration is given to credit risk because policy loans are effectively collateralized by the cash surrender value of the policies."
blank,
narrative,•Other invested assets: The majority of the Other invested assets that are not measured at fair value represent time deposits with the original maturity at purchase greater than one year. The fair value of long-term time deposits is determined using the expected discounted future cash flow.
blank,
narrative,"•Cash and short-term investments: The carrying amounts of these assets approximate fair values because of the relatively short period of time between origination and expected realization, and their limited exposure to credit risk."
blank,
narrative,"•Other liabilities: The majority of Other liabilities that are financial instruments not measured at fair value represent secured financing arrangements, including repurchase agreements. The carrying amounts of these liabilities approximate fair value, because the financing arrangements are short-term and are secured by cash or other liquid collateral."
blank,
narrative,•Fortitude Re funds withheld payable: The funds withheld payable contains an embedded derivative and the changes in its fair value are recognized in earnings each period. The difference between the total Fortitude Re funds withheld payable and the embedded derivative represents the host contract.
blank,
narrative,"•Long-term debt and Debt of consolidated investment entities: Fair values of these obligations were determined by reference to quoted market prices, when available and appropriate, or discounted cash flow calculations based upon our current market‑observable implicit‑credit‑spread rates for similar types of borrowings with maturities consistent with those remaining for the debt being valued."
blank,
footer,AIG | 2024 Form 10-K
blank,
footer,121
blank,
blank,
footer,ITEM 8 | Notes to Consolidated Financial Statements | 5. Fair Value Measurements
blank,
narrative,The following table presents the carrying amounts and estimated fair values of our financial instruments not measured at fair value and indicates the level in the fair value hierarchy of the estimated fair value measurement based on the observability of the inputs used:
blank,
table_row,Estimated Fair ValueCarryingValue
blank,
table_row,(in millions)Level 1Level 2Level 3Total
blank,
table_row,"December 31, 2024"
blank,
table_row,Assets:
blank,
table_row,"Mortgage and other loans receivable$— $339 $3,413 $3,752 $3,868 "
blank,
table_row,Other invested assets— 578 5 583 583 
blank,
table_row,Short-term investments
blank,
table_row,"— 4,673 — 4,673 4,673 "
blank,
table_row,"Cash1,302 — — 1,302 1,302 "
blank,
table_row,Other assets15 — — 15 15 
blank,
table_row,Liabilities:
blank,
table_row,"Fortitude Re funds withheld payable— — 3,335 3,335 3,335 "
blank,
table_row,"Long-term debt— 7,981 240 8,221 8,764 "
blank,
table_row,Debt of consolidated investment entities— — 158 158 158 
blank,
table_row,Estimated Fair ValueCarryingValue
blank,
table_row,(in millions)Level 1Level 2Level 3Total
blank,
table_row,"December 31, 2023"
blank,
table_row,Assets:
blank,
table_row,"Mortgage and other loans receivable$— $242 $4,113 $4,355 $4,441 "
blank,
table_row,Other invested assets— 645 6 651 651 
blank,
table_row,Short-term investments
blank,
table_row,"— 3,502 — 3,502 3,502 "
blank,
table_row,"Cash1,540 — — 1,540 1,540 "
blank,
table_row,Other assets32 — — 32 32 
blank,
table_row,Liabilities:
blank,
table_row,"Fortitude Re funds withheld payable— — 3,675 3,675 3,675 "
blank,
table_row,"Long-term debt— 9,623 267 9,890 10,375 "
blank,
table_row,Debt of consolidated investment entities— — 231 231 231 
blank,
narrative,6. Investments
blank,
narrative,FIXED MATURITY SECURITIES
blank,
narrative,"Bonds held to maturity are carried at amortized cost when we have the ability and positive intent to hold these securities until maturity. When we do not have the ability or positive intent to hold bonds until maturity, these securities are classified as available for sale or the fair value option has been elected. None of our fixed maturity securities met the criteria for held to maturity classification at December 31, 2024 or 2023."
blank,
narrative,"Unrealized gains and losses from available for sale investments in fixed maturity securities carried at fair value were reported as a separate component of AOCI, net of deferred income taxes, in shareholders’ equity. Realized and unrealized gains and losses from fixed maturity securities for which the fair value option has been elected are reflected in Net investment income. Investments in fixed maturity securities are recorded on a trade-date basis. "
blank,
narrative,"Interest income is recognized using the effective yield method and reflects amortization of premium and accretion of discount. Premiums and discounts arising from the purchase of bonds classified as available for sale are treated as yield adjustments over their estimated holding periods, until maturity, or call date, if applicable. For investments in certain structured securities, recognized yields are updated based on current information regarding the timing and amount of expected undiscounted future cash flows. For high credit quality structured securities, effective yields are recalculated based on actual payments received and updated prepayment expectations, and the amortized cost is adjusted to the amount that would have existed had the new effective yield been applied since acquisition with a corresponding charge or credit to net investment income. For structured securities that are not high credit quality, the structured securities yields are based on expected cash flows which take into account both expected credit losses and prepayments. "
blank,
footer,122
blank,
footer,AIG | 2024 Form 10-K
blank,
blank,
footer,ITEM 8 | Notes to Consolidated Financial Statements | 6. Investments
blank,
narrative,"An allowance for credit losses is not established upon initial recognition of the asset (unless the security is determined to be a purchased credit deteriorated (PCD) asset which is discussed in more detail below). Subsequently, differences between actual and expected cash flows and changes in expected cash flows are recognized as adjustments to the allowance for credit losses. Changes that cannot be reflected as adjustments to the allowance for credit losses are accounted for as prospective adjustments to yield. "
blank,
narrative,SECURITIES AVAILABLE FOR SALE
blank,
narrative,The following table presents the amortized cost and fair value of our available for sale securities:
blank,
table_row,(in millions)Amortized
blank,
table_row,Cost
blank,
table_row,Allowance
blank,
table_row,for Credit
blank,
table_row,Losses(a)
blank,
table_row,Gross
blank,
table_row,Unrealized
blank,
table_row,Gains
blank,
table_row,Gross
blank,
table_row,Unrealized
blank,
table_row,Losses
blank,
table_row,Fair
blank,
table_row,Value
blank,
narrative,"December 31, 2024"
blank,
table_row,Bonds available for sale:
blank,
table_row,"U.S. government and government sponsored entities$3,346 $— $20 $(99)$3,267 "
blank,
table_row,"Obligations of states, municipalities and political subdivisions3,223 — 32 (112)3,143 "
blank,
table_row,"Non-U.S. governments8,644 (1)54 (590)8,107 "
blank,
table_row,"Corporate debt33,031 (28)581 (1,758)31,826 "
blank,
table_row,"Mortgage-backed, asset-backed and collateralized:"
blank,
table_row,"RMBS8,820 (6)209 (419)8,604 "
blank,
table_row,"CMBS3,988 (3)32 (91)3,926 "
blank,
table_row,"CLO/ABS5,143 — 34 (44)5,133 "
blank,
table_row,"Total mortgage-backed, asset-backed and collateralized17,951 (9)275 (554)17,663 "
blank,
table_row,Total bonds available for sale(b)
blank,
table_row,"$66,195 $(38)$962 $(3,113)$64,006 "
blank,
narrative,"December 31, 2023"
blank,
narrative,Bonds available for sale:
blank,
table_row,"U.S. government and government sponsored entities$4,444 $— $40 $(89)$4,395 "
blank,
table_row,"Obligations of states, municipalities and political subdivisions4,930 — 60 (157)4,833 "
blank,
table_row,"Non-U.S. governments8,973 (1)94 (670)8,396 "
blank,
table_row,"Corporate debt34,013 (20)606 (2,253)32,346 "
blank,
table_row,"Mortgage-backed, asset-backed and collateralized:"
blank,
table_row,"RMBS6,423 (9)219 (426)6,207 "
blank,
table_row,"CMBS4,326 (4)23 (198)4,147 "
blank,
table_row,"CLO/ABS5,010 — 31 (123)4,918 "
blank,
table_row,"Total mortgage-backed, asset-backed and collateralized15,759 (13)273 (747)15,272 "
blank,
table_row,Total bonds available for sale(b)
blank,
table_row,"$68,119 $(34)$1,073 $(3,916)$65,242 "
blank,
narrative,(a)Represents the allowance for credit losses that has been recognized. Changes in the allowance for credit losses are recorded through Net realized gains (losses) and are not recognized in OCI.
blank,
narrative,"(b)At December 31, 2024 and 2023, the fair value of bonds available for sale held by us that were below investment grade or not rated totaled $3.6 billion or 6 percent and $5.2 billion or 8 percent, respectively."
blank,
narrative,Securities Available for Sale in a Loss Position for Which No Allowance for Credit Loss Has Been Recorded
blank,
narrative,"The following table summarizes the fair value and gross unrealized losses on our available for sale securities, aggregated by major investment category and length of time that individual securities have been in a continuous unrealized loss position for which no allowance for credit loss has been recorded:"
blank,
table_row,Less than 12 Months12 Months or MoreTotal
blank,
table_row,(in millions)FairValueGrossUnrealizedLossesFairValueGrossUnrealizedLossesFairValueGrossUnrealizedLosses
blank,
table_row,"December 31, 2024"
blank,
table_row,Bonds available for sale:
blank,
table_row,"U.S. government and government sponsored entities$1,718 $21 $358 $78 $2,076 $99 "
blank,
table_row,"Obligations of states, municipalities and political subdivisions1,502 33 586 79 2,088 112 "
blank,
table_row,"Non-U.S. governments1,964 55 3,446 534 5,410 589 "
blank,
table_row,"Corporate debt10,347 234 10,907 1,515 21,254 1,749 "
blank,
table_row,"RMBS3,711 58 2,147 343 5,858 401 "
blank,
table_row,"CMBS1,052 18 992 71 2,044 89 "
blank,
table_row,"CLO/ABS1,368 9 315 35 1,683 44 "
blank,
table_row,"Total bonds available for sale$21,662 $428 $18,751 $2,655 $40,413 $3,083 "
blank,
footer,AIG | 2024 Form 10-K
blank,
footer,123
blank,
blank,
footer,ITEM 8 | Notes to Consolidated Financial Statements | 6. Investments
blank,
narrative,Less than 12 Months12 Months or MoreTotal
blank,
table_row,(in millions)FairValueGrossUnrealizedLossesFairValueGrossUnrealizedLossesFairValueGrossUnrealizedLosses
blank,
narrative,"December 31, 2023"
blank,
narrative,Bonds available for sale:
blank,
table_row,"U.S. government and government sponsored entities$1,027 $10 $804 $79 $1,831 $89 "
blank,
table_row,"Obligations of states, municipalities and political subdivisions850 24 1,602 133 2,452 157 "
blank,
table_row,"Non-U.S. governments1,431 87 4,503 583 5,934 670 "
blank,
table_row,"Corporate debt4,089 171 18,612 2,070 22,701 2,241 "
blank,
table_row,"RMBS1,456 114 2,385 300 3,841 414 "
blank,
table_row,"CMBS1,024 54 1,622 137 2,646 191 "
blank,
table_row,"CLO/ABS1,371 33 1,509 90 2,880 123 "
blank,
table_row,"Total bonds available for sale$11,248 $493 $31,037 $3,392 $42,285 $3,885 "
blank,
narrative,"At December 31, 2024, we held 12,274 individual fixed maturity securities that were in an unrealized loss position and for which no allowance for credit losses has been recorded (including 5,984 individual fixed maturity securities that were in a continuous unrealized loss position for 12 months or more). At December 31, 2023, we held 13,052 individual fixed maturity securities that were in an unrealized loss position and for which no allowance for credit losses has been recorded (including 10,027 individual fixed maturity securities that were in a continuous unrealized loss position for 12 months or more). We did not recognize the unrealized losses in earnings on these fixed maturity securities at December 31, 2024 because it was determined that such losses were due to non-credit factors. Additionally, we neither intend to sell the securities nor do we believe that it is more likely than not that we will be required to sell these securities before recovery of their amortized cost basis. For fixed maturity securities with significant declines, we performed fundamental credit analyses on a security-by-security basis, which included consideration of credit enhancements, liquidity position, expected defaults, industry and sector analysis, forecasts and available market data. "
blank,
narrative,Contractual Maturities of Fixed Maturity Securities Available for Sale
blank,
narrative,The following table presents the amortized cost and fair value of fixed maturity securities available for sale by contractual maturity:
blank,
table_row,"December 31, 2024Total Fixed Maturity SecuritiesAvailable for Sale"
blank,
table_row,"(in millions)Amortized Cost,Net of AllowanceFair Value"
blank,
table_row,"Due in one year or less$4,070 $3,980 "
blank,
table_row,"Due after one year through five years22,194 22,163 "
blank,
table_row,"Due after five years through ten years15,712 15,010 "
blank,
table_row,"Due after ten years6,239 5,190 "
blank,
table_row,"Mortgage-backed, asset-backed and collateralized17,942 17,663 "
blank,
table_row,"Total$66,157 $64,006 "
blank,
narrative,Actual maturities may differ from contractual maturities because certain borrowers have the right to call or prepay certain obligations with or without call or prepayment penalties.
blank,
narrative,The following table presents the gross realized gains and gross realized losses from sales or maturities of our available for sale securities:
blank,
narrative,"Years Ended December 31,"
blank,
table_row,202420232022
blank,
table_row,(in millions)GrossRealizedGainsGrossRealizedLossesGrossRealizedGainsGrossRealizedLossesGrossRealizedGainsGrossRealizedLosses
blank,
table_row,Fixed maturity securities$81$700$130$865$281$929
blank,
narrative,"For the years ended December 31, 2024, 2023 and 2022, the aggregate fair value of available for sale securities sold was $13.7 billion, $15.7 billion and $10.5 billion, respectively, which resulted in net realized gains (losses) of $(619) million, $(735) million and $(648) million, respectively. Included within the net realized gains (losses) are $(36) million, $(67) million and $(83) million of net realized gains (losses) for the years ended December 31, 2024, 2023 and 2022, respectively, which relate to Fortitude Re funds withheld assets. These net realized gains (losses) are included in Net realized gains (losses) on Fortitude Re funds withheld assets.  "
blank,
footer,124
blank,
footer,AIG | 2024 Form 10-K
blank,
blank,
footer,ITEM 8 | Notes to Consolidated Financial Statements | 6. Investments
blank,
narrative,OTHER SECURITIES MEASURED AT FAIR VALUE
blank,
narrative,"The following table presents the fair value of fixed maturity securities measured at fair value based on our election of the fair value option, which are reported in the other bond securities caption in the financial statements, and equity securities measured at fair value:"
blank,
table_row,"(in millions)December 31, 2024December 31, 2023"
blank,
table_row,FairValuePercentof TotalFairValuePercentof Total
blank,
table_row,Fixed maturity securities:
blank,
table_row,"Obligations of states, municipalities and political subdivisions$50 3 %$51 4 %"
blank,
table_row,Non-U.S. governments24 2 24 2 
blank,
table_row,Corporate debt282 19 255 19 
blank,
table_row,"Mortgage-backed, asset-backed and collateralized:"
blank,
table_row,RMBS100 7 93 7 
blank,
table_row,CMBS43 3 33 2 
blank,
table_row,CLO/ABS and other collateralized securities246 17 207 16 
blank,
table_row,"Total mortgage-backed, asset-backed and collateralized"
blank,
table_row,389 27 333 25 
blank,
table_row,Total fixed maturity securities745 51 663 50 
blank,
table_row,Equity securities704 49 665 50 
blank,
table_row,"Total$1,449 100 %$1,328 100 %"
blank,
narrative,OTHER INVESTED ASSETS
blank,
narrative,The following table summarizes the carrying amounts of other invested assets:
blank,
table_row,"(in millions)December 31, 2024December 31, 2023"
blank,
table_row,Alternative investments(a)
blank,
table_row,"$4,032 $4,345 "
blank,
table_row,"Retained investment in Corebridge using fair value option3,810 — "
blank,
table_row,All other investments(b)
blank,
table_row,"1,986 2,023 "
blank,
table_row,"Total$9,828 $6,368 "
blank,
narrative,"(a)At December 31, 2024, includes hedge funds of $187 million and private equity funds of $3.6 billion. At December 31, 2023, included hedge funds of $411 million and private equity funds of $3.7 billion. Private equity funds investments include limited partnerships, direct equities and real estate partnerships. Also includes investments in real estate, net of accumulated depreciation. At December 31, 2024 and 2023, the accumulated depreciation was $161 million and $161 million, respectively."
blank,
narrative,(b)All other investments include mainly bank deposits with a maturity greater than one year and investments in joint ventures with strategic partners.
blank,
narrative,Other Invested Assets Carried at Fair Value
blank,
narrative,"Certain hedge funds, private equity funds, and other investment partnerships for which we have elected the fair value option are reported at fair value with changes in fair value recognized in Net investment income."
blank,
narrative,Other Invested Assets – Equity Method Investments
blank,
narrative,"We account for hedge funds, private equity funds and other investment partnerships using the equity method of accounting unless our interest is so minor that we may have virtually no influence over partnership operating and financial policies, or we have elected the fair value option. Under the equity method of accounting, our carrying amount generally is our share of the net asset value of the funds or the partnerships, and changes in our share of the net asset values are recorded in Net investment income. In applying the equity method of accounting, we consistently use the most recently available financial information provided by the general partner or manager of each of these investments. Hedge funds are reported as of the balance sheet date. Private equity funds are generally reported on a one-quarter lag. The financial statements of these investees are generally audited annually. The carrying amount of equity method investments totaled $6.6 billion and $3.0 billion as of December 31, 2024 and 2023, respectively."
blank,
footer,AIG | 2024 Form 10-K
blank,
footer,125
blank,
blank,
footer,ITEM 8 | Notes to Consolidated Financial Statements | 6. Investments
blank,
narrative,Summarized Financial Information of Equity Method Investees
blank,
narrative,"The following is the aggregated summarized financial information of our equity method investees, including those for which the fair value option has been elected:"
blank,
narrative,"Years Ended December 31,"
blank,
table_row,(in millions)2024*20232022
blank,
table_row,Operating results:
blank,
table_row,"Total revenues$21,860 $2,320 $6,486 "
blank,
table_row,"Total expenses(18,557)(1,668)(1,832)"
blank,
table_row,"Income before income taxes$3,303 $652 $4,654 "
blank,
table_row,"At December 31,"
blank,
table_row,(in millions)2024*2023
blank,
table_row,Balance sheet:
blank,
table_row,"Total assets$418,639 $28,264 "
blank,
table_row,"Total liabilities$(383,643)$(5,196)"
blank,
narrative,*2024 includes investment in Corebridge.
blank,
narrative,Other Investments
blank,
narrative,"Also included in Other invested assets are real estate held for investment. These investments are reported at cost, less depreciation and are subject to impairment review, as discussed below."
blank,
narrative,NET INVESTMENT INCOME
blank,
narrative,Net investment income represents income primarily from the following sources:
blank,
narrative,"•Interest income and related expenses, including amortization of premiums and accretion of discounts with changes in the timing and the amount of expected principal and interest cash flows reflected in yield, as applicable."
blank,
narrative,•Dividend income from common and preferred stocks.
blank,
narrative,•Realized and unrealized gains and losses from investments in other securities and investments for which we elected the fair value option.
blank,
narrative,•Earnings from alternative investments.
blank,
narrative,•Prepayment premiums.
blank,
narrative,The following table presents the components of Net investment income:
blank,
table_row,"Years Ended December 31,202420232022"
blank,
table_row,(in millions)ExcludingFortitudeRe FundsWithheldAssetsFortitudeReFundsWithheldAssetsTotalExcludingFortitudeRe FundsWithheldAssetsFortitudeReFundsWithheldAssetsTotalExcludingFortitudeRe FundsWithheldAssetsFortitudeReFundsWithheldAssetsTotal
blank,
table_row,"Available for sale fixed maturity securities, including short-term investments$2,989 $89 $3,078 $2,862 $95 $2,957 $1,960 $113 $2,073 "
blank,
table_row,Other fixed maturity securities(a)
blank,
table_row,— 19 19 3 43 46 (282)(92)(374)
blank,
table_row,Equity securities149 — 149 53 — 53 29 — 29 
blank,
table_row,Interest on mortgage and other loans229 32 261 283 38 321 264 27 291 
blank,
table_row,Alternative investments(b)
blank,
table_row,196 — 196 199 — 199 315 — 315 
blank,
table_row,Other investments(c)(d)
blank,
table_row,727 4 731 101 4 105 211 5 216 
blank,
table_row,"Total investment income4,290 144 4,434 3,501 180 3,681 2,497 53 2,550 "
blank,
table_row,Investment expenses179 — 179 235 — 235 180 — 180 
blank,
table_row,"Net investment income$4,111 $144 $4,255 $3,266 $180 $3,446 $2,317 $53 $2,370 "
blank,
table_row,"(a)Included in the year ended December 31, 2022 was losses of $195 million related to fixed maturity securities measured at fair value that economically hedge liabilities described in (c) below."
blank,
narrative,"(b)Includes income from hedge funds, private equity funds and real estate investments. Hedge funds are recorded as of the balance sheet date. Private equity funds are generally reported on a one-quarter lag."
blank,
narrative,"(c)Included in the year ended December 31, 2022 was income of $186 million related to liabilities measured at fair value that are economically hedged with fixed maturity securities as described in (a) above."
blank,
narrative,"(d)Includes dividends received from Corebridge, changes in its stock price and gain on sale of shares of $162 million and $439 million, respectively, for the year ended December 31, 2024.  "
blank,
footer,126
blank,
footer,AIG | 2024 Form 10-K
blank,
blank,
footer,ITEM 8 | Notes to Consolidated Financial Statements | 6. Investments
blank,
narrative,NET REALIZED GAINS AND LOSSES
blank,
narrative,Net realized gains and losses are determined by specific identification. The net realized gains and losses are generated primarily from the following sources:
blank,
narrative,"•Sales of available for sale fixed maturity securities, real estate and other alternative investments."
blank,
narrative,•Reductions to the amortized cost basis of available for sale fixed maturity securities that have been written down due to our intent to sell them or it being more likely than not that we will be required to sell them.
blank,
narrative,"•Changes in the allowance for credit losses on bonds available for sale, mortgage and other loans receivable, and loans commitments."
blank,
narrative,"•Most changes in the fair value of free standing and embedded derivatives, including changes in the non-performance adjustment are included in Net realized gains (losses). However, changes in derivatives designated as hedging instruments when the fair value of the hedged item is not reported in Net realized gains (losses) are excluded from Net realized gains (losses). "
blank,
narrative,•Foreign exchange gains and losses resulting from foreign currency transactions.
blank,
narrative,•Changes in fair value of the embedded derivative related to the Fortitude Re funds withheld assets.
blank,
narrative,The following table presents the components of Net realized gains (losses):
blank,
table_row,"Years Ended December 31,202420232022"
blank,
table_row,(in millions)ExcludingFortitudeRe FundsWithheldAssetsFortitudeReFundsWithheldAssetsTotalExcludingFortitudeRe FundsWithheldAssetsFortitudeReFundsWithheldAssetsTotalExcludingFortitudeRe FundsWithheldAssetsFortitudeReFundsWithheldAssetsTotal
blank,
table_row,Sales of fixed maturity securities$(583)$(36)$(619)$(668)$(67)$(735)$(565)$(83)$(648)
blank,
table_row,Intent to sell— — — — — — (66)— (66)
blank,
table_row,Change in allowance for credit losses on fixed maturity securities(25)— (25)(44)— (44)(72)— (72)
blank,
table_row,Change in allowance for credit losses on loans(23)— (23)(28)3 (25)19 (3)16 
blank,
table_row,Foreign exchange transactions256 (9)247 124 5 129 266 (10)256 
blank,
table_row,All other derivatives and hedge accounting(62)7 (55)(165)(8)(173)159 (3)156 
blank,
table_row,Sales of alternative investments(16)— (16)29 — 29 15 — 15 
blank,
table_row,Other19 (1)18 18 (4)14 37 — 37 
blank,
table_row,Net realized losses – excluding Fortitude Re funds withheld embedded derivative(434)(39)(473)(734)(71)(805)(207)(99)(306)
blank,
table_row,"Net realized gains (losses) on Fortitude Re funds withheld embedded derivative— (75)(75)— (273)(273)— 1,133 1,133 "
blank,
table_row,"Net realized gains (losses)$(434)$(114)$(548)$(734)$(344)$(1,078)$(207)$1,034 $827 "
blank,
narrative,CHANGE IN UNREALIZED APPRECIATION (DEPRECIATION) OF INVESTMENTS
blank,
narrative,The following table presents the increase (decrease) in unrealized appreciation (depreciation) of our available for sale securities and other investments:
blank,
narrative,"Years EndedDecember 31,"
blank,
table_row,(in millions)20242023
blank,
table_row,Increase (decrease) in unrealized appreciation (depreciation) of investments:
blank,
table_row,"Fixed maturity securities$692 $2,463 "
blank,
table_row,Other investments— — 
blank,
table_row,"Total increase (decrease) in unrealized appreciation (depreciation) of investments*$692 $2,463 "
blank,
narrative,"*Excludes net unrealized gains and losses attributable to businesses held for sale or reclassified to discontinued operations at December 31, 2024 and 2023.  "
blank,
footer,AIG | 2024 Form 10-K
blank,
footer,127
blank,
blank,
footer,ITEM 8 | Notes to Consolidated Financial Statements | 6. Investments
blank,
narrative,The following table summarizes the unrealized gains and losses recognized in Net investment income during the reporting period on equity securities and other investments still held at the reporting date:
blank,
table_row,"Years Ended December 31,20242023"
blank,
table_row,(in millions)EquitiesOther Invested Assets*TotalEquitiesOther Invested AssetsTotal
blank,
table_row,Net gains recognized during the period on equity securities and other investments$149 $696 $845 $53 $249 $302 
blank,
table_row,Less: Net gains (losses) recognized during the period on equity securities and other investments sold during the period45 461 506 90 (20)70 
blank,
table_row,Unrealized gains (losses) recognized during the reporting period on equity securities and other investments still held at the reporting date$104 $235 $339 $(37)$269 $232 
blank,
narrative,"*Includes unrealized gains (losses) on AIG’s ownership interest in Corebridge and gain on sale of shares of $439 million in the year ended December 31, 2024.  "
blank,
narrative,EVALUATING INVESTMENTS FOR AN ALLOWANCE FOR CREDIT LOSSES AND IMPAIRMENTS
blank,
narrative,Fixed Maturity Securities
blank,
narrative,"If we intend to sell a fixed maturity security or it is more likely than not that we will be required to sell a fixed maturity security before recovery of its amortized cost basis and if the fair value of the security is below amortized cost, an impairment has occurred and the amortized cost is written down to current fair value, with a corresponding charge to Net realized gains (losses). No allowance is established in these situations and any previously recorded allowance is reversed. The new cost basis is not adjusted for subsequent increases in estimated fair value. When assessing our intent to sell a fixed maturity security, or whether it is more likely than not that we will be required to sell a fixed maturity security before recovery of its amortized cost basis, management evaluates relevant facts and circumstances including, but not limited to, decisions to reposition our investment portfolio, sales of securities to meet cash flow needs and sales of securities to take advantage of favorable pricing."
blank,
narrative,"For fixed maturity securities for which a decline in the fair value below the amortized cost is due to credit related factors, an allowance is established for the difference between the estimated recoverable value and amortized cost with a corresponding charge to Net realized gains (losses). The allowance for credit losses is limited to the difference between amortized cost and fair value. The estimated recoverable value is the present value of cash flows expected to be collected, as determined by management. The difference between fair value and amortized cost that is not associated with credit related factors is presented in unrealized appreciation (depreciation) of fixed maturity securities on which an allowance for credit losses was previously recognized (a separate component of AOCI). Accrued interest is excluded from the measurement of the allowance for credit losses. "
blank,
narrative,"When estimating future cash flows for structured fixed maturity securities (e.g., RMBS, CMBS, CLO, ABS) management considers the historical performance of underlying assets and available market information as well as bond-specific structural considerations, such as credit enhancement and the priority of payment structure of the security. In addition, the process of estimating future cash flows includes, but is not limited to, the following critical inputs, which vary by asset class:"
blank,
narrative,•Current delinquency rates;
blank,
narrative,•Expected default rates and the timing of such defaults;
blank,
narrative,•Loss severity and the timing of any recovery; and
blank,
narrative,•Expected prepayment speeds.
blank,
narrative,"When estimating future cash flows for corporate, municipal and sovereign fixed maturity securities determined to be credit impaired, management considers: "
blank,
narrative,•Expected default rates and the timing of such defaults;
blank,
narrative,•Loss severity and the timing of any recovery; and
blank,
narrative,"•Scenarios specific to the issuer and the security, which may also include estimates of outcomes of corporate restructurings, political and macroeconomic factors, stability and financial strength of the issuer, the value of any secondary sources of repayment and the disposition of assets."
blank,
narrative,We consider severe price declines in our assessment of potential credit impairments. We may also modify our model inputs when we determine that price movements in certain sectors are indicative of factors not captured by the cash flow models.
blank,
narrative,"Under the current expected credit loss (CECL) model, credit losses are reassessed each period. The allowance for credit losses and the corresponding charge to Net realized gains (losses) can be reversed if conditions change, however, the allowance for credit losses will never be reduced below zero. When we determine that all or a portion of a fixed maturity security is uncollectable, the uncollectable amortized cost amount is written off with a corresponding reduction to the allowance for credit losses. If we collect cash flows that were previously written off, the recovery is recognized by recording a gain in Net realized gains (losses)."
blank,
footer,128
blank,
footer,AIG | 2024 Form 10-K
blank,
blank,
footer,ITEM 8 | Notes to Consolidated Financial Statements | 6. Investments
blank,
narrative,Credit Impairments
blank,
narrative,The following table presents a rollforward of the changes in allowance for credit losses on available for sale fixed maturity securities by major investment category:
blank,
table_row,"Years Ended December 31,202420232022"
blank,
table_row,(in millions)StructuredNon-StructuredTotalStructuredNon-StructuredTotalStructuredNon-StructuredTotal
blank,
table_row,"Balance, beginning of year$13 $21 $34 $20 $17 $37 $2 $19 $21 "
blank,
table_row,Additions:
blank,
table_row,Securities for which allowance for credit losses was not previously recorded5 10 15 6 46 52 32 99 131 
blank,
table_row,Reductions:
blank,
table_row,Securities sold during the period(4)(2)(6)(3)(9)(12)— (45)(45)
blank,
table_row,"Addition to (release of) the allowance for credit losses on securities that had an allowance recorded in a previous period, for which there was no intent to sell before recovery of amortized cost basis(3)13 10 (1)(7)(8)(13)(46)(59)"
blank,
table_row,Write-offs charged against the allowance— (24)(24)(11)(26)(37)— (6)(6)
blank,
table_row,Other(1)10 9 2 — 2 (1)(4)(5)
blank,
table_row,"Balance, end of year$10 $28 $38 $13 $21 $34 $20 $17 $37 "
blank,
narrative,Purchased Credit Deteriorated Securities
blank,
narrative,"We purchase certain RMBS securities that have experienced more-than-insignificant deterioration in credit quality since origination. These are referred to as PCD assets. At the time of purchase an allowance is recognized for these PCD assets by adding it to the purchase price to arrive at the initial amortized cost. There is no credit loss expense recognized upon acquisition of a PCD asset. When determining the initial allowance for credit losses, management considers the historical performance of underlying assets and available market information as well as bond-specific structural considerations, such as credit enhancement and the priority of payment structure of the security. In addition, the process of estimating future cash flows includes, but is not limited to, the following critical inputs:"
blank,
narrative,•Current delinquency rates;
blank,
narrative,•Expected default rates and the timing of such defaults;
blank,
narrative,•Loss severity and the timing of any recovery; and
blank,
narrative,•Expected prepayment speeds.
blank,
narrative,"Subsequent to the acquisition date, the PCD assets follow the same accounting as other structured securities that are not high credit quality."
blank,
narrative,"We did not purchase securities with more than insignificant credit deterioration since their origination during the years ended December 31, 2024, 2023 and 2022."
blank,
narrative,Other Invested Assets
blank,
narrative,"Our equity method investments in private equity funds, hedge funds and other entities are evaluated for impairment each reporting period. Such evaluation considers market conditions, events and volatility that may impact the recoverability of the underlying investments within these private equity funds and hedge funds and is based on the nature of the underlying investments and specific inherent risks. Such risks may evolve based on the nature of the underlying investments."
blank,
narrative,"Our investments in real estate are periodically evaluated for recoverability whenever changes in circumstances indicate the carrying amount of an asset may be impaired. When impairment indicators are present, we compare expected investment cash flows to carrying amount. When the expected cash flows are less than the carrying amount, the investments are written down to fair value with a corresponding charge to earnings. "
blank,
footer,AIG | 2024 Form 10-K
blank,
footer,129
blank,
blank,
footer,ITEM 8 | Notes to Consolidated Financial Statements | 6. Investments
blank,
narrative,PLEDGED INVESTMENTS
blank,
narrative,Secured Financing and Similar Arrangements
blank,
narrative,"We enter into secured financing transactions whereby certain securities are sold under agreements to repurchase (repurchase agreements), in which we transfer securities in exchange for cash, with an agreement by us to repurchase the same or substantially similar securities. Our secured financing transactions also include those that involve the transfer of securities to financial institutions in exchange for cash (securities lending agreements). In all of these secured financing transactions, the securities transferred by us (pledged collateral) may be sold or repledged by the counterparties. These agreements are recorded at their contracted amounts plus accrued interest, other than those that are accounted for at fair value."
blank,
narrative,"Pledged collateral levels are monitored daily and are generally maintained at an agreed-upon percentage of the fair value of the amounts borrowed during the life of the transactions. In the event of a decline in the fair value of the pledged collateral under these secured financing transactions, we may be required to transfer cash or additional securities as pledged collateral under these agreements. At the termination of the transactions, we and our counterparties are obligated to return the amounts borrowed and the securities transferred, respectively."
blank,
narrative,"The following table presents the fair value of securities pledged to counterparties under secured financing transactions, including repurchase and securities lending agreements:"
blank,
table_row,"(in millions)December 31, 2024December 31, 2023"
blank,
table_row,Fixed maturity securities available for sale$—$106
blank,
narrative,"At December 31, 2024 and 2023, amounts borrowed under repurchase and securities lending agreements totaled $0 million and $107 million, respectively.  "
blank,
narrative,The following table presents the fair value of securities pledged under our repurchase agreements by collateral type and by remaining contractual maturity:
blank,
narrative,Remaining Contractual Maturity of the Agreements
blank,
table_row,(in millions)OvernightandContinuousup to30 days31 - 90days91 - 364days365 daysor greaterTotal
blank,
table_row,"December 31, 2023"
blank,
narrative,Bonds available for sale:
blank,
table_row,Non-U.S. governments$— $106 $— $— $— $106 
blank,
table_row,Corporate debt— — — — — — 
blank,
table_row,Total$— $106 $— $— $— $106 
blank,
narrative,"We also enter into agreements in which securities are purchased by us under reverse repurchase agreements, which are accounted for as secured financing transactions and reported as short-term investments or other assets, depending on their terms. These agreements are recorded at their contracted resale amounts plus accrued interest, other than those that are accounted for at fair value. In all reverse repurchase transactions, we take possession of or obtain a security interest in the related securities, and we have the right to sell or repledge this collateral received."
blank,
narrative,The following table presents information on the fair value of securities pledged to us under reverse repurchase agreements:
blank,
table_row,"(in millions)December 31, 2024December 31, 2023"
blank,
table_row,"Securities collateral pledged to us$2,853 $1,200 "
blank,
narrative,"At December 31, 2024 and 2023, the carrying value of reverse repurchase agreements totaled $2.8 billion and $1.1 billion, respectively."
blank,
narrative,All secured financing transactions are collateralized and margined on a daily basis consistent with market standards and subject to enforceable master netting arrangements with rights of set off. We do not currently offset any such transactions.
blank,
narrative,Insurance – Statutory and Other Deposits
blank,
narrative,"The total carrying value of cash and securities deposited by our insurance subsidiaries under requirements of regulatory authorities or other insurance-related arrangements and certain reinsurance contracts, was $7.8 billion and $8.4 billion at December 31, 2024 and 2023, respectively."
blank,
footer,130
blank,
footer,AIG | 2024 Form 10-K
blank,
blank,
footer,ITEM 8 | Notes to Consolidated Financial Statements | 6. Investments
blank,
narrative,Other Pledges and Restrictions
blank,
narrative,"Certain of our subsidiaries are members of Federal Home Loan Banks (FHLBs) and such membership requires the members to own stock in these FHLBs. We owned an aggregate of $13 million and $15 million of stock in FHLBs at December 31, 2024 and 2023, respectively. In addition, our subsidiaries have pledged securities available for sale with a fair value of $1.6 billion at December 31, 2024 and $1.7 billion at December 31, 2023."
blank,
narrative,"Investments held in escrow accounts or otherwise subject to restriction as to their use were $73 million and $164 million, comprised of bonds available for sale and short-term investments at December 31, 2024 and 2023, respectively."
blank,
narrative,Reinsurance transactions between AIG and Fortitude Re were structured as modified coinsurance (modco) and loss portfolio transfer arrangements with funds withheld.
blank,
narrative,7. Lending Activities
blank,
narrative,"Mortgage and other loans receivable include commercial mortgages, life insurance policy loans, commercial loans, and other loans and notes receivable. Commercial mortgages, commercial loans, and other loans and notes receivable are carried at unpaid principal balances less allowance for credit losses and plus or minus adjustments for the accretion or amortization of discount or premium. Interest income on such loans is accrued as earned."
blank,
narrative,"Direct costs of originating commercial mortgages, commercial loans, and other loans and notes receivable, net of nonrefundable points and fees, are deferred and included in the carrying amount of the related receivables. The amount deferred is amortized to income as an adjustment to earnings using the interest method. "
blank,
narrative,Life insurance policy loans are carried at unpaid principal balances. There is no allowance for policy loans because these loans serve to reduce the death benefit paid when the death claim is made and the balances are effectively collateralized by the cash surrender value of the policy.
blank,
narrative,"The following table presents the composition of Mortgage and other loans receivable, net:"
blank,
table_row,"(in millions)December 31, 2024December 31, 2023"
blank,
table_row,Commercial mortgages(a)
blank,
table_row,"$3,305 $3,836 "
blank,
table_row,Life insurance policy loans6 7 
blank,
table_row,"Commercial loans, other loans and notes receivable(b)"
blank,
table_row,721 738 
blank,
table_row,Total mortgage and other loans receivable(c)
blank,
table_row,"4,032 4,581 "
blank,
table_row,Allowance for credit losses(c)(d)
blank,
table_row,(164)(140)
blank,
table_row,"Mortgage and other loans receivable, net(c)"
blank,
table_row,"$3,868 $4,441 "
blank,
narrative,"(a)Commercial mortgages primarily represent loans for apartments, offices and retail properties, with exposures in California and New York representing the largest geographic concentrations (aggregating approximately 14 percent and 12 percent, respectively, at December 31, 2024 and 13 percent and 10 percent, respectively, at December 31, 2023)."
blank,
narrative,"(b)There were no loans that were held-for-sale carried at lower of cost or market as of December 31, 2024 and 2023."
blank,
narrative,"(c)Excludes $37.6 billion at both December 31, 2024 and 2023 of loans receivable from AIGFP, which has a full allowance for credit losses, recognized upon the deconsolidation of AIGFP. For additional information, see Note 1."
blank,
narrative,"(d)Does not include allowance for credit losses of $8 million and $9 million, respectively, at December 31, 2024 and 2023, in relation to off-balance-sheet commitments to fund commercial mortgage loans, which is recorded in Other liabilities."
blank,
narrative,"Interest income is not accrued when payment of contractual principal and interest is not expected. Any cash received on impaired loans is generally recorded as a reduction of the current carrying amount of the loan. Accrual of interest income is generally resumed when delinquent contractual principal and interest is repaid or when a portion of the delinquent contractual payments are made and the ongoing required contractual payments have been made for an appropriate period. As of December 31, 2024 and 2023, $252 million and $73 million, respectively, of commercial mortgage loans were placed on nonaccrual status."
blank,
narrative,"Accrued interest is presented separately and is included in Accrued investment income on the Consolidated Balance Sheets. As of December 31, 2024 and 2023, accrued interest receivable was $15 million and $21 million, respectively, associated with commercial mortgage loans."
blank,
narrative,"A significant majority of commercial mortgages in the portfolio are non-recourse loans and, accordingly, the only guarantees are for specific items that are exceptions to the non-recourse provisions. It is therefore extremely rare for us to have cause to enforce the provisions of a guarantee on a commercial real estate or mortgage loan."
blank,
footer,AIG | 2024 Form 10-K
blank,
footer,131
blank,
blank,
footer,ITEM 8 | Notes to Consolidated Financial Statements | 7. Lending Activities
blank,
narrative,Nonperforming loans are generally those loans where payment of contractual principal or interest is more than 90 days past due. Nonperforming loans were not significant for any of the periods presented.
blank,
narrative,CREDIT QUALITY OF COMMERCIAL MORTGAGES
blank,
narrative,The following table presents debt service coverage ratios(a) for commercial mortgages by year of vintage:
blank,
table_row,"December 31, 202420242023202220212020PriorTotal"
blank,
narrative,(in millions)
blank,
table_row,">1.2X$120 $484 $185 $563 $79 $1,482 $2,913 "
blank,
table_row,1.00 - 1.20X26 10 15 17 — 49 117 
blank,
table_row,<1.00X— — — 32 — 243 275 
blank,
table_row,"Total commercial mortgages$146 $494 $200 $612 $79 $1,774 $3,305 "
blank,
table_row,"December 31, 202320232022202120202019PriorTotal"
blank,
narrative,(in millions)
blank,
table_row,">1.2X$398 $167 $394 $135 $156 $1,784 $3,034 "
blank,
table_row,1.00 - 1.20X5 71 254 56 21 298 705 
blank,
table_row,<1.00X— 11 — — — 86 97 
blank,
table_row,"Total commercial mortgages$403 $249 $648 $191 $177 $2,168 $3,836 "
blank,
narrative,The following table presents loan-to-value ratios(b) for commercial mortgages by year of vintage:
blank,
table_row,"December 31, 202420242023202220212020PriorTotal"
blank,
narrative,(in millions)
blank,
table_row,"Less than 65%$107 $433 $177 $485 $71 $1,012 $2,285 "
blank,
table_row,65% to 75%— 40 — 54 — 317 411 
blank,
table_row,76% to 80%— — — 31 — 51 82 
blank,
table_row,Greater than 80%39 21 23 42 8 394 527 
blank,
table_row,"Total commercial mortgages$146 $494 $200 $612 $79 $1,774 $3,305 "
blank,
table_row,"December 31, 202320232022202120202019PriorTotal"
blank,
narrative,(in millions)
blank,
table_row,"Less than 65%$359 $159 $492 $177 $156 $1,385 $2,728 "
blank,
table_row,65% to 75%10 15 137 — 21 367 550 
blank,
table_row,76% to 80%— 32 10 — — — 42 
blank,
table_row,Greater than 80%34 43 9 14 — 416 516 
blank,
table_row,"Total commercial mortgages$403 $249 $648 $191 $177 $2,168 $3,836 "
blank,
narrative,"(a)The debt service coverage ratio compares a property’s net operating income to its debt service payments, including principal and interest. Our weighted average debt service coverage ratio was 1.8x at both periods  ended at December 31, 2024 and December 31, 2023. The debt service coverage ratios are updated when additional relevant information becomes available."
blank,
narrative,"(b)The loan-to-value ratio compares the current unpaid principal balance of the loan to the estimated fair value of the underlying property collateralizing the loan. Our weighted average loan-to-value ratio was 65 percent and 62 percent at December 31, 2024 and December 31, 2023, respectively. The loan-to-value ratios have been updated within the last three months to reflect the current carrying values of the loans. We update the valuations of collateral properties by obtaining independent appraisals, generally at least once per year."
blank,
narrative,The following table presents supplementary credit quality information related to commercial mortgages:
blank,
table_row,NumberofLoansClassPercentofTotal
blank,
table_row,(dollars in millions)ApartmentsOfficesRetailIndustrialHotelOthersTotal
blank,
table_row,"December 31, 2024"
blank,
table_row,Past Due Status:
blank,
table_row,"In good standing186$1,087 $971 $370 $301 $258 $119 $3,106 94 %"
blank,
table_row,90 days or less delinquent
blank,
table_row,1— 25 — — — — 25 1 
blank,
table_row,>90 days delinquent or in process of foreclosure3— 112 62 — — — 174 5 
blank,
table_row,Total*
blank,
table_row,"190$1,087 $1,108 $432 $301 $258 $119 $3,305 100 %"
blank,
table_row,Allowance for credit losses$5 $99 $34 $11 $13 $1 $163 5 %
blank,
footer,132
blank,
footer,AIG | 2024 Form 10-K
blank,
blank,
footer,ITEM 8 | Notes to Consolidated Financial Statements | 7. Lending Activities
blank,
table_row,NumberofLoansClassPercentofTotal
blank,
table_row,(dollars in millions)ApartmentsOfficesRetailIndustrialHotelOthersTotal
blank,
table_row,"December 31, 2023"
blank,
table_row,Past Due Status:
blank,
table_row,"In good standing211$1,267 $1,212 $476 $460 $247 $121 $3,783 99 %"
blank,
table_row,90 days or less delinquent1— 11 — — — — 11 — 
blank,
table_row,>90 days delinquent or in process of foreclosure1— — 42 — — — 42 1 
blank,
table_row,Total*
blank,
table_row,"213$1,267 $1,223 $518 $460 $247 $121 $3,836 100 %"
blank,
table_row,Allowance for credit losses$9 $75 $36 $7 $9 $2 $138 4 %
blank,
narrative,*Does not reflect allowance for credit losses.
blank,
narrative,METHODOLOGY USED TO ESTIMATE THE ALLOWANCE FOR CREDIT LOSSES
blank,
narrative,"At the time of origination or purchase, an allowance for credit losses is established for mortgage and other loan receivables and is updated each reporting period. Changes in the allowance for credit losses are recorded in realized losses. This allowance reflects the risk of loss, even when that risk is remote, that is expected over the remaining contractual life of the loan. The allowance for credit losses considers available relevant information about the collectability of cash flows, including information about past events, current conditions, and reasonable and supportable forecasts of future economic conditions. We revert to historical information when we determine that we can no longer reliably forecast future economic assumptions. "
blank,
narrative,"The allowances for the commercial mortgage loans are estimated utilizing a probability of default and loss given default model. Loss rate factors are determined based on historical data and adjusted for current and forecasted information. The loss rates are applied based on individual loan attributes and considering such data points as loan-to-value ratios, Fair Isaac Corporation scores, and debt service coverage."
blank,
narrative,"The estimate of credit losses also reflects management’s assumptions on certain macroeconomic factors that include, but are not limited to, gross domestic product growth, employment, inflation, housing price index, interest rates and credit spreads.  "
blank,
narrative,Accrued interest is excluded from the measurement of the allowance for credit losses and accrued interest is reversed through interest income once a loan is placed on nonaccrual.
blank,
narrative,"When all or a portion of a loan is deemed uncollectible, the uncollectible portion of the carrying amount of the loan is charged off against the allowance. "
blank,
narrative,"We also have off-balance sheet commitments related to our commercial mortgage loans. The liability for expected credit losses related to these commercial mortgage loan commitments is reported in Other liabilities in the Consolidated Balance Sheets. When a commitment is funded, we record a loan receivable and reclassify the liability for expected credit losses related to the commitment into loan allowance for expected credit losses. Other changes in the liability for expected credit losses on loan commitments are recorded in Net realized gains (losses) in the Consolidated Statements of Income (Loss).  "
blank,
narrative,The following table presents a rollforward of the changes in the allowance for credit losses on Mortgage and other loans receivable(a)(b):
blank,
table_row,"Years Ended December 31,2024"
blank,
table_row,20232022
blank,
table_row,(in millions)CommercialMortgagesOtherLoansTotalCommercialMortgagesOtherLoansTotalCommercialMortgagesOtherLoansTotal
blank,
table_row,"Allowance, beginning of year$138 $2 $140 $109 $8 $117 $123 $11 $134 "
blank,
table_row,Loans charged off— — — (2)— (2)(4)— (4)
blank,
table_row,Net charge-offs— — — (2)— (2)(4)— (4)
blank,
table_row,Addition to (release of) allowance for loan losses25 (1)24 31 (6)25 (10)(3)(13)
blank,
table_row,"Allowance, end of year"
blank,
table_row,$163 $1 $164 $138 $2 $140 $109 $8 $117 
blank,
narrative,"(a)Does not include allowance for credit losses of $8 million, $9 million and $9 million, respectively, at December 31, 2024, 2023 and 2022 in relation to off-balance-sheet commitments to fund commercial mortgage loans, which is recorded in Other liabilities."
blank,
narrative,"(b)Excludes $37.6 billion of loan receivable from AIGFP, which has a full allowance for credit losses, recognized upon the deconsolidation of AIGFP. For additional information, see Note 1.  "
blank,
narrative,Our expectations and models used to estimate the allowance for losses on commercial mortgage loans are regularly updated to reflect the current economic environment.
blank,
footer,AIG | 2024 Form 10-K
blank,
footer,133
blank,
blank,
footer,ITEM 8 | Notes to Consolidated Financial Statements | 7. Lending Activities
blank,
narrative,LOAN MODIFICATIONS
blank,
narrative,"The allowance for credit losses incorporates an estimate of lifetime expected credit losses and is recorded on each asset upon asset origination or acquisition. The starting point for the estimate of the allowance for credit losses is historical loss information, which includes losses from modifications of receivables to borrowers experiencing financial difficulty. We use a probability of default/loss given default model to determine the allowance for credit losses for our commercial mortgage loans.  An assessment of whether a borrower is experiencing financial difficulty is made on the date of a modification. "
blank,
narrative,"Because the effect of most modifications made to borrowers experiencing financial difficulty is already included in the allowance for credit losses utilizing the measurement methodologies used to estimate the allowance, a change to the allowance for credit losses is generally not recorded upon modification. "
blank,
narrative,"When modifications are executed, they often will be in the form of principal forgiveness, term extensions, interest rate reductions, or some combination of any of these concessions. When principal is forgiven, the amortized cost basis of the asset is written off against the allowance for credit losses. The amount of the principal forgiveness is deemed to be uncollectible; therefore, that portion of the loan is written off, resulting in a reduction of the amortized cost basis and a corresponding adjustment to the allowance for credit losses. "
blank,
narrative,"We assess whether a borrower is experiencing financial difficulty based on a variety of factors, including the borrower’s current default on any of its outstanding debt, the probability of a default on any of its debt in the foreseeable future without the modification, the insufficiency of the borrower’s forecasted cash flows to service any of its outstanding debt (including both principal and interest), and the borrower’s inability to access alternative third party financing at an interest rate that would be reflective of current market conditions for a non-troubled debtor.  "
blank,
table_row,"During the year ended December 31, 2024, commercial mortgage loans with an amortized cost of $5 million supporting the funds withheld arrangements with Fortitude Re were granted term extensions.  "
blank,
narrative,"There were no loans that had defaulted during the years ended December 31, 2024 and 2023, that had been previously modified with borrowers experiencing financial difficulties."
blank,
narrative,"AIG closely monitors the performance of the loans modified to borrowers experiencing financial difficulty to understand the effectiveness of its modification efforts. All loans with borrowers experiencing financial difficulty that were modified in the 12 months prior to December 31, 2024 are current and performing in conjunction with their modified terms.  "
blank,
narrative,8. Reinsurance
blank,
narrative,"In the ordinary course of business, our insurance companies purchase both treaty and facultative reinsurance to limit potential losses, provide additional capacity for growth, minimize exposure to significant risks or to facilitate greater diversification of our businesses. In addition, certain of our General Insurance subsidiaries sell reinsurance to other insurance companies. We determine the portion of our ultimate net loss that will be recoverable under our reinsurance contracts by reference to the terms of the reinsurance protection purchased. This determination involves an estimate of incurred but not reported (IBNR) loss. Reinsurance recoverables for contracts which are accounted for as deposits are subject to similar judgments and uncertainties and reported in Deposit accounting assets. "
blank,
narrative,"Reinsurance assets include the balances due for paid losses and expenses, reserves for losses and expenses reported and outstanding, reserves for IBNR, ceded unearned premiums and ceded future policy benefits for life and accident and health insurance contracts and benefits paid and unpaid. Amounts related to paid and reserved losses and expenses and benefits with respect to these reinsurance agreements are sometimes collateralized. We remain liable to our policyholders regardless of whether our reinsurers meet their obligations under the reinsurance contracts, and as such, we regularly evaluate the financial condition of our reinsurers and monitor concentration of our credit risk. The estimation of the allowance for unrecoverable reinsurance from reinsurers who are unwilling and/or unable to pay amounts due to us requires judgment for which key inputs typically include historical collection rates when amounts due are in dispute or where the reinsurer has suffered a credit event as well as specific reviews of balances in dispute or subject to credit impairment. The allowance for credit losses and disputes on reinsurance assets was $220 million and $206 million at December 31, 2024 and 2023, respectively. Changes in the allowance for credit losses and disputes on reinsurance assets are reflected in Losses and loss adjustment expenses incurred within the Consolidated Statements of Income (Loss)."
blank,
footer,134
blank,
footer,AIG | 2024 Form 10-K
blank,
blank,
footer,ITEM 8 | Notes to Consolidated Financial Statements | 8. Reinsurance
blank,
narrative,"The following table provides supplemental information for loss and benefit reserves, gross and net of ceded reinsurance:"
blank,
table_row,"At December 31,20242023"
blank,
table_row,(in millions)AsReportedNet ofReinsuranceAsReportedNet ofReinsurance
blank,
table_row,"Liability for unpaid losses and loss adjustment expenses$(69,168)$(40,032)$(70,393)$(39,994)"
blank,
table_row,"Future policy benefits(1,317)(591)(1,467)(644)"
blank,
table_row,"Reserve for unearned premiums(17,232)(12,928)(17,375)(13,105)"
blank,
table_row,Other policyholder funds(418)(418)(495)(495)
blank,
table_row,Reinsurance assets*
blank,
table_row,"3,416,635,492"
blank,
narrative,"*Reinsurance assets excludes (i) allowance for credit losses and disputes of $220 million and $206 million (of which $110 million and $110 million pertains to CECL reserve for Liability for unpaid losses and loss adjustment expenses) for the years ended December 31, 2024 and 2023, respectively, (ii) paid loss recoveries of $4,068 million and $3,819 million for the years ended December 31, 2024 and 2023, respectively, and (iii) policy and contract claims recoverable of $31 million and $27 million for the years ended December 31, 2024 and 2023, respectively."
blank,
narrative,SHORT-DURATION REINSURANCE
blank,
narrative,"Short-duration reinsurance is effected under reinsurance treaties and by negotiation on individual risks. Certain of these reinsurance arrangements consist of excess of loss contracts that protect us against losses above stipulated amounts. Ceded premiums are considered prepaid reinsurance premiums and are recognized as a reduction of premiums earned over the contract period in proportion to the protection received. Amounts recoverable from reinsurers on short-duration contracts are estimated in a manner consistent with the claims liabilities associated with the reinsurance and presented as a component of Reinsurance assets. Reinsurance premiums for assumed business are estimated based on information received from brokers, ceding companies and reinsurers. Any subsequent differences arising on such estimates are recorded in the periods in which they are determined. Assumed reinsurance premiums are earned primarily on a pro-rata basis over the terms of the reinsurance contracts and the portion of premiums relating to the unexpired terms of coverage is included in the reserve for unearned premiums. Reinsurance premiums for assumed business are estimated based on information received from brokers, ceding companies and reinsureds. Any subsequent differences arising on such estimates are recorded in the periods in which they are determined. For both ceded and assumed reinsurance, risk transfer requirements must be met for reinsurance accounting to apply. If risk transfer requirements are not met, the contract is accounted for as a deposit, resulting in the recognition of cash flows under the contract through a deposit asset or liability and not as revenue or expense. To meet risk transfer requirements, a reinsurance contract must include both insurance risk, consisting of both underwriting and timing risk, and a reasonable possibility of a significant loss for the assuming entity. Similar risk transfer criteria are used to determine whether directly written insurance contracts should be accounted for as insurance or as a deposit."
blank,
narrative,The following table presents short-duration insurance premiums written and earned:
blank,
table_row,"Years Ended December 31,"
blank,
table_row,(in millions)2024 2023 2022 
blank,
table_row,Premiums written:
blank,
table_row,"Direct$31,743 $31,445 $32,025 "
blank,
table_row,"Assumed3,950 7,951 7,385 "
blank,
table_row,"Ceded(11,791)(12,190)(12,650)"
blank,
table_row,"Net$23,902 $27,206 $26,760 "
blank,
table_row,Premiums earned:
blank,
table_row,"Direct$31,208 $30,781 $32,053 "
blank,
table_row,"Assumed3,947 7,050 7,137 "
blank,
table_row,"Ceded(11,618)(12,267)(12,425)"
blank,
table_row,"Net$23,537 $25,564 $26,765 "
blank,
table_row,Percent of amount assumed to net16.8 %27.6 %26.7 %
blank,
narrative,"For the years ended December 31, 2024, 2023 and 2022, reinsurance recoveries, which reduced losses and loss adjustment expenses incurred, amounted to $5.2 billion, $8.1 billion and $7.1 billion, respectively."
blank,
footer,AIG | 2024 Form 10-K
blank,
footer,135
blank,
blank,
footer,ITEM 8 | Notes to Consolidated Financial Statements | 8. Reinsurance
blank,
narrative,"Retroactive reinsurance agreements are reinsurance agreements under which our reinsurer agrees to reimburse us as a result of past insurable events. For these agreements, the excess of the amounts ultimately collectible under the agreement over the consideration paid is recognized as a deferred gain liability and amortized into income over the settlement period of the ceded reserves. The amount of the deferral is recalculated each period based on loss payments and updated estimates. If the consideration paid exceeds the ultimate losses collectible under the agreement, the net loss on the agreement is recognized in income immediately. Ceded loss reserves under retroactive agreements were $11.5 billion and $12.4 billion, and the deferred gain liability was $725 million and $585 million, as of December 31, 2024 and 2023, respectively. The effect on income from amortization of the deferred gain was $406 million, $82 million and $252 million for the years ended December 31, 2024, 2023 and 2022, respectively."
blank,
narrative,"In the first quarter of 2017, we entered into an adverse development reinsurance agreement with National Indemnity Company (NICO), a subsidiary of Berkshire Hathaway Inc., under which we transferred to NICO 80 percent of the reserve risk on substantially all of our U.S. Commercial long-tail exposures for accident years 2015 and prior. Under this agreement, we ceded to NICO 80 percent of the losses on subject business paid on or after January 1, 2016 in excess of $25 billion of net paid losses, up to an aggregate limit of $25 billion. We account for this transaction as retroactive reinsurance. This transaction resulted in a gain, which under U.S. GAAP retroactive reinsurance accounting is deferred and amortized into income over the settlement period. NICO created a collateral trust account as security for their claim payment obligations to us, into which they deposited the consideration paid under the agreement, and Berkshire Hathaway Inc. has provided a parental guarantee to secure NICO’s obligations under the agreement."
blank,
narrative,FORTITUDE RE
blank,
narrative,"Fortitude Re is the reinsurer of the majority of AIG’s run-off operations. The reinsurance transactions are structured as modco and loss portfolio transfer arrangements with funds withheld (funds withheld). In modco and funds withheld arrangements, the investments supporting the reinsurance agreements, and which reflect the majority of the consideration that would be paid to the reinsurer for entering into the transaction, are withheld by, and therefore continue to reside on the balance sheet of, the ceding company (i.e., AIG) thereby creating an obligation for the ceding company to pay the reinsurer (i.e., Fortitude Re) at a later date. Additionally, as AIG maintains ownership of these investments, AIG will maintain its existing accounting for these assets (e.g., the changes in fair value of available for sale securities will be recognized within OCI). AIG has established a funds withheld payable to Fortitude Re while simultaneously establishing a reinsurance asset representing reserves for the insurance coverage that Fortitude Re has assumed. The funds withheld payable contains an embedded derivative and changes in fair value of the embedded derivative related to the funds withheld payable are recognized in earnings through Net realized gains (losses). This embedded derivative is considered a total return swap with contractual returns that are attributable to various assets and liabilities associated with these reinsurance agreements."
blank,
table_row,"As of December 31, 2024, $3.4 billion of reserves related to business written by multiple wholly-owned AIG subsidiaries, had been ceded to Fortitude Re under these reinsurance transactions."
blank,
narrative,There is a diverse pool of assets supporting the funds withheld arrangements with Fortitude Re. The following summarizes the composition of the pool of assets:
blank,
table_row,"December 31, 2024December 31, 2023"
blank,
table_row,(in millions)CarryingValueFairValueCarryingValueFairValueCorresponding Accounting Policy
blank,
table_row,Fixed maturity securities - available for sale(a)
blank,
table_row,"$1,918 $1,918 $2,180 $2,180 Fair value through other comprehensive income (loss)"
blank,
table_row,Fixed maturity securities - fair value option721 721 655 655 Fair value through net investment income
blank,
table_row,Commercial mortgage loans450 437 543 528 Amortized cost
blank,
table_row,Short-term investments15 15 46 46 Fair value through net investment income
blank,
table_row,"Funds withheld investment assets3,104 3,091 3,424 3,409 "
blank,
table_row,"Derivative assets, net(b)"
blank,
table_row,1 1 — — Fair value through net realized gains (losses)
blank,
table_row,Other(c)
blank,
table_row,115 115 118 118 Amortized cost
blank,
table_row,"Total$3,220 $3,207 $3,542 $3,527 "
blank,
narrative,"(a)The change in the net unrealized gains (losses) on available for sale securities related to the Fortitude Re funds withheld assets was $(35) million ($(28) million after-tax) and $116 million ($92 million after-tax), respectively for the years ended December 31, 2024 and 2023."
blank,
narrative,"(b)The derivative assets and liabilities have been presented net of cash collateral. The derivative assets and liabilities supporting the Fortitude Re funds withheld arrangements had a fair market value of $9 million and $2 million, respectively, as of December 31, 2024. The derivative assets and liabilities supporting the Fortitude Re funds withheld arrangements had a fair market value of $1 million and $28 million, respectively, as of December 31, 2023. These derivative assets and liabilities are fully collateralized either by cash or securities."
blank,
narrative,(c)Primarily comprised of Cash and Accrued investment income.
blank,
footer,136
blank,
footer,AIG | 2024 Form 10-K
blank,
blank,
footer,ITEM 8 | Notes to Consolidated Financial Statements | 8. Reinsurance
blank,
narrative,The impact of the funds withheld arrangements with Fortitude Re was as follows:
blank,
narrative,"Years Ended December 31,"
blank,
table_row,(in millions)202420232022
blank,
table_row,Net investment income - Fortitude Re funds withheld assets$144 $180 $53 
blank,
table_row,Net realized gains (losses) on Fortitude Re funds withheld assets:
blank,
table_row,Net realized losses - Fortitude Re funds withheld assets(39)(71)(99)
blank,
table_row,"Net realized gains (losses) - Fortitude Re funds withheld embedded derivative(75)(273)1,133 "
blank,
table_row,"Net realized gains (losses) on Fortitude Re funds withheld assets(114)(344)1,034 "
blank,
table_row,"Income (loss) from continuing operations before income tax expense (benefit)30 (164)1,087 "
blank,
table_row,Income tax expense (benefit)(a)
blank,
table_row,6 (34)228 
blank,
table_row,Net income (loss)
blank,
table_row,24 (130)859 
blank,
table_row,Change in unrealized appreciation (depreciation) on available for sale securities(a)
blank,
table_row,(28)92 (848)
blank,
table_row,Comprehensive income (loss)$(4)$(38)$11 
blank,
narrative,(a)The income tax expense (benefit) and the tax impact in Accumulated other comprehensive income (loss) (AOCI) was computed using AIG’s U.S. statutory tax rate of 21 percent.
blank,
narrative,"Various assets supporting the Fortitude Re funds withheld arrangements are reported at amortized cost, and as such, changes in the fair value of these assets are not reflected in the financial statements. However, changes in the fair value of these assets are included in the embedded derivative in the Fortitude Re funds withheld arrangement and the appreciation (depreciation) of the asset is the primary driver of the comprehensive income (loss) reflected above."
blank,
narrative,Reinsurance Security
blank,
narrative,"Our third-party reinsurance arrangements do not relieve us from our direct obligations to our beneficiaries. Thus, a credit exposure exists with respect to both short-duration and long-duration reinsurance ceded to the extent that any reinsurer fails to meet the obligations assumed under any reinsurance agreement. We hold substantial collateral as security under related reinsurance agreements in the form of funds, securities, and/or letters of credit. A provision has been recorded for estimated unrecoverable reinsurance. In light of collateral held, we believe that no exposure to a single reinsurer represents an inappropriate concentration of credit risk to AIG. Gross reinsurance assets due from reinsurers exceeding 5 percent of our total reinsurance assets were approximately $15.2 billion and $16.5 billion at December 31, 2024 and 2023, respectively, of which approximately $2.1 billion and $2.3 billion at December 31, 2024 and 2023, respectively, was not secured by collateral."
blank,
narrative,REINSURANCE – CREDIT LOSSES
blank,
narrative,"The estimation of reinsurance recoverables involves a significant amount of judgment, particularly for latent exposures, such as asbestos, due to their long-tail nature. We assess the collectability of reinsurance recoverable balances in each reporting period, through either historical trends of disputes and credit events or financial analysis of the credit quality of the reinsurer. We record adjustments to reflect the results of these assessments through an allowance for credit losses and disputes on uncollectible reinsurance that reduces the carrying amount of reinsurance and deposit accounting assets on the consolidated balance sheets (collectively, reinsurance recoverables). This estimate requires significant judgment for which key considerations include:"
blank,
narrative,•paid and unpaid amounts recoverable;
blank,
narrative,•whether the balance is in dispute or subject to legal collection;
blank,
narrative,"•the relative financial health of the reinsurer as classified by the Obligor Risk Ratings (ORRs) we assign to each reinsurer based upon our financial reviews; reinsurers that are financially troubled (i.e., in run-off, have voluntarily or involuntarily been placed in receivership, are insolvent, are in the process of liquidation or otherwise subject to formal or informal regulatory restriction) are assigned ORRs that will generate a significant allowance; and"
blank,
narrative,•whether collateral and collateral arrangements exist.
blank,
narrative,"An estimate of the reinsurance recoverable's lifetime expected credit losses is established utilizing a probability of default and loss given default method, which reflects the reinsurer’s ORR. The allowance for credit losses excludes disputed amounts. An allowance for disputes is established for a reinsurance recoverable using the losses incurred model for contingencies."
blank,
narrative,"The total reinsurance recoverables as of December 31, 2024 were $40.5 billion. As of that date, utilizing AIG’s ORRs, (i) approximately 83 percent of the reinsurance recoverables were investment grade; (ii) approximately 15 percent of the reinsurance recoverables were non-investment grade and (iii) approximately 2 percent of the reinsurance recoverables related to entities that were not rated by AIG."
blank,
footer,AIG | 2024 Form 10-K
blank,
footer,137
blank,
blank,
footer,ITEM 8 | Notes to Consolidated Financial Statements | 8. Reinsurance
blank,
narrative,"The total reinsurance recoverables as of December 31, 2023 were $41.4 billion. As of that date, utilizing AIG’s ORRs, (i) approximately 83 percent of the reinsurance recoverables were investment grade; (ii) approximately 15 percent of the reinsurance recoverables were non-investment grade; (iii) approximately 2 percent of the reinsurance recoverables related to entities that were not rated by AIG."
blank,
narrative,"As of December 31, 2024 and December 31, 2023, approximately 81 percent and 85 percent, respectively, of our non-investment grade reinsurance exposure related to captive insurers. These arrangements are typically collateralized by letters of credit, funds withheld or trust agreements."
blank,
narrative,Reinsurance Recoverable Allowance
blank,
narrative,The following table presents a rollforward of the reinsurance recoverable allowance:
blank,
narrative,"Years Ended December 31,"
blank,
table_row,(in millions)202420232022
blank,
table_row,"Balance, beginning of period$255 $260 $281 "
blank,
table_row,"Addition to (release of) allowance for expected credit losses and disputes, net11 (5)(22)"
blank,
table_row,Write-offs charged against the allowance for credit losses and disputes(1)— (5)
blank,
table_row,Recoveries of amounts previously written off— — 2 
blank,
table_row,Other changes4 — 4 
blank,
table_row,"Balance, end of year$269 $255 $260 "
blank,
narrative,Past-Due Status
blank,
narrative,We consider a reinsurance asset to be past due when it is 90 days past due. The allowance for credit losses is estimated excluding disputed amounts. An allowance for disputes is established using the losses incurred method for contingencies. Past due balances on claims that are not in dispute were not material for any of the periods presented.
blank,
narrative,9. Deferred Policy Acquisition Costs
blank,
narrative,"Deferred Policy Acquisition Costs (DAC) represent those costs that are incremental and directly related to the successful acquisition of new or renewal of existing insurance contracts. We defer incremental costs that result directly from, and are essential to, the acquisition or renewal of an insurance contract. Such DAC generally include agent or broker commissions and bonuses, premium taxes, and medical and inspection fees that would not have been incurred if the insurance contract had not been acquired or renewed. Each cost is analyzed to assess whether it is fully deferrable. We partially defer costs, including certain commissions, when we do not believe that the entire cost is directly related to the acquisition or renewal of insurance contracts. Commissions that are not deferred to DAC are recorded in General operating and other expenses in the Consolidated Statements of Income (Loss)."
blank,
narrative,"We also defer a portion of employee total compensation and payroll-related fringe benefits directly related to time spent performing specific acquisition or renewal activities, including costs associated with the time spent on underwriting, policy issuance and processing, and sales force contract selling. The amounts deferred are derived based on successful efforts for each distribution channel and/or cost center from which the cost originates."
blank,
narrative,"Policy acquisition costs are deferred and amortized over the period in which the related premiums written are earned, generally 12 months. DAC is grouped consistent with the manner in which the insurance contracts are acquired, serviced and measured for profitability and is reviewed for recoverability based on the profitability of the underlying insurance contracts. Investment income is anticipated in assessing the recoverability of DAC. We assess the recoverability of DAC on an annual basis or more frequently if circumstances indicate an impairment may have occurred. This assessment is performed by comparing recorded net unearned premiums and anticipated investment income on in-force business to the sum of expected losses and loss adjustment expenses incurred, unamortized DAC and maintenance costs. If the sum of these costs exceeds the amount of recorded net unearned premiums and anticipated investment income, the excess is recognized as an offset against the asset established for DAC. This offset is referred to as a premium deficiency charge. Increases in expected losses and loss adjustment expenses incurred can have a significant impact on the likelihood and amount of a premium deficiency charge. "
blank,
footer,138
blank,
footer,AIG | 2024 Form 10-K
blank,
blank,
footer,ITEM 8 | Notes to Consolidated Financial Statements | 9. Deferred Policy Acquisition Costs
blank,
narrative,The following table presents a rollforward of DAC:
blank,
narrative,"Years Ended December 31,"
blank,
table_row,(in millions)202420232022
blank,
table_row,"Balance, beginning of year$2,117 $2,343 $2,473 "
blank,
table_row,"Capitalization3,519 4,157 3,732 "
blank,
table_row,"Amortization expense(3,425)(3,771)(3,545)"
blank,
table_row,"Other, including foreign exchange(146)(34)(317)"
blank,
table_row,Dispositions*— (578)— 
blank,
table_row,"Balance, end of year$2,065 $2,117 $2,343 "
blank,
narrative,*Includes amounts related to the sale of Validus Re through the date of disposition.
blank,
narrative,10. Variable Interest Entities
blank,
narrative,"A variable interest entity (VIE) is a legal entity that does not have sufficient equity at risk to finance its activities without additional subordinated financial support or is structured such that equity investors lack the ability to make significant decisions relating to the entity’s operations through voting rights or do not substantively participate in the gains and losses of the entity. Consolidation of a VIE by its primary beneficiary is not based on majority voting interest, but is based on other criteria discussed below."
blank,
narrative,"We enter into various arrangements with VIEs in the normal course of business and consolidate the VIEs when we determine we are the primary beneficiary. This analysis includes a review of the VIE’s capital structure, related contractual relationships and terms, nature of the VIE’s operations and purpose, nature of the VIE’s interests issued and our involvement with the entity. When assessing the need to consolidate a VIE, we evaluate the design of the VIE as well as the related risks to which the entity was designed to expose the variable interest holders."
blank,
narrative,"The primary beneficiary is the entity that has both (i) the power to direct the activities of the VIE that most significantly affect the entity’s economic performance and (ii) the obligation to absorb losses or the right to receive benefits that could be potentially significant to the VIE. While also considering these factors, the consolidation conclusion depends on the breadth of our decision-making ability and our ability to influence activities that significantly affect the economic performance of the VIE."
blank,
narrative,BALANCE SHEET CLASSIFICATION AND EXPOSURE TO LOSS
blank,
narrative,"Creditors or beneficial interest holders of VIEs for which AIG is the primary beneficiary generally have recourse only to the assets and cash flows of the VIEs and do not have recourse to AIG, except in limited circumstances when AIG has provided a guarantee to the VIE’s interest holders. The following table presents the total assets and total liabilities associated with our variable interests in consolidated VIEs, as classified in the Consolidated Balance Sheets:"
blank,
narrative,"At December 31, 2024, there were no assets and liabilities associated with our variable interests in consolidated VIEs. "
blank,
table_row,"(in millions)December 31, 2023"
blank,
table_row,Assets:
blank,
table_row,Bonds available for sale$72 
blank,
table_row,Mortgage and other loans receivable
blank,
table_row,122 
blank,
table_row,Short-term investments5 
blank,
table_row,Accrued investment income2 
blank,
table_row,Other assets
blank,
table_row,1 
blank,
table_row,Total*$202 
blank,
table_row,Liabilities:
blank,
table_row,Debt of consolidated investment entities$38 
blank,
table_row,Total$38 
blank,
narrative,*The assets of each VIE can be used only to settle specific obligations of that VIE.
blank,
narrative,"We calculate our maximum exposure to loss to be (i) the amount invested in the debt or equity of the VIE, (ii) the notional amount of VIE assets or liabilities where we have also provided credit protection to the VIE with the VIE as the referenced obligation, and (iii) other commitments and guarantees to the VIE."
blank,
footer,AIG | 2024 Form 10-K
blank,
footer,139
blank,
blank,
footer,ITEM 8 | Notes to Consolidated Financial Statements | 10. Variable Interest Entities
blank,
narrative,"The following table presents total assets of unconsolidated VIEs in which we hold a variable interest, as well as our maximum exposure to loss associated with these VIEs:"
blank,
narrative,Maximum Exposure to Loss
blank,
table_row,(in millions)Total VIEAssetsOn-BalanceSheet(c)
blank,
table_row,Off-BalanceSheetTotal
blank,
table_row,"December 31, 2024"
blank,
table_row,Real estate and investment entities(a)
blank,
table_row,"$367,661 $2,723 $839 (d)"
blank,
table_row,"$3,562 "
blank,
table_row,Other(b)
blank,
table_row,"4,639 255 754 (e)"
blank,
table_row,"1,009 "
blank,
table_row,"Total$372,300 $2,978 $1,593 $4,571 "
blank,
table_row,"December 31, 2023"
blank,
table_row,Real estate and investment entities(a)
blank,
table_row,"$355,003 $4,107 $1,492 (d)"
blank,
table_row,"$5,599 "
blank,
table_row,Other(b)
blank,
table_row,"1,027 — 748 (e)"
blank,
table_row,748 
blank,
table_row,"Total$356,030 $4,107 $2,240 $6,347 "
blank,
narrative,(a)Comprised primarily of hedge funds and private equity funds.
blank,
narrative,"(b)At December 31, 2024 and 2023, excludes approximately $1,925 million and $1,971 million, respectively, of VIE assets related to AIGFP and its consolidated subsidiaries, with maximum off-balance sheet exposure to loss of $1,894 million and $1,941 million, respectively. For additional information, see Note 1."
blank,
narrative,"(c)At December 31, 2024 and 2023, $2.9 billion and $4.1 billion, respectively, of our total unconsolidated VIE assets were recorded as Other invested assets."
blank,
narrative,(d)These amounts represent our unfunded commitments to invest in private equity funds.
blank,
narrative,(e)These amounts represent our estimate of the maximum exposure to loss under certain insurance policies issued to VIEs if a hypothetical loss occurred to the extent of the full amount of the insured value. Our insurance policies cover defined risks and our estimate of liability is included in our insurance reserves on the balance sheet.
blank,
narrative,REAL ESTATE AND INVESTMENT ENTITIES
blank,
narrative,"Through our insurance operations and AIG Global Real Estate Investment Corp., we are an investor in various real estate investment entities, some of which are VIEs. These investments are typically with unaffiliated third-party developers via a partnership or limited liability company structure. The VIEs’ activities consist of the development or redevelopment of commercial, industrial and residential real estate. Our involvement varies from being a passive equity investor or finance provider to actively managing the activities of the VIEs."
blank,
narrative,"Our insurance operations participate as passive investors in the equity issued by certain third-party-managed hedge and private equity funds that are VIEs. Our insurance operations typically are not involved in the design or establishment of these VIEs, nor do they actively participate in the management of the VIEs."
blank,
narrative,"RMBS, CMBS, OTHER ABS AND CLOS"
blank,
narrative,"Primarily through our insurance operations, we are a passive investor in RMBS, CMBS, other ABS and CLOs, the majority of which are issued by domestic special purpose entities. We generally do not sponsor or transfer assets to, or act as the servicer to these asset-backed structures, and were not involved in the design of these entities. Our maximum exposure in these types of structures is limited to our investment in securities issued by these entities and, where applicable, any unfunded commitments to these entities. "
blank,
narrative,11. Derivatives and Hedge Accounting
blank,
narrative,"We use derivatives and other financial instruments as part of our financial risk management programs and as part of our investment operations. Interest rate derivatives (such as interest rate swaps) are used to manage interest rate risk associated with embedded derivatives contained in insurance contract liabilities, fixed maturity securities, outstanding medium- and long-term notes as well as other interest rate sensitive assets and liabilities. Foreign exchange derivatives (principally foreign exchange forwards and swaps) are used to economically mitigate risk associated with non-U.S. dollar denominated debt, net capital exposures, foreign currency transactions, and foreign denominated investments. Equity derivatives are used to economically mitigate financial risk associated with embedded derivatives. We use credit derivatives to manage our credit exposures. The derivatives are effective economic hedges of the exposures that they are meant to offset. In addition to hedging activities, we also enter into derivative contracts with respect to investment operations, which may include, among other things, CDSs, total return swaps and purchases of investments with embedded derivatives, such as equity-linked notes and convertible bonds."
blank,
footer,140
blank,
footer,AIG | 2024 Form 10-K
blank,
blank,
footer,ITEM 8 | Notes to Consolidated Financial Statements | 11. Derivatives and Hedge Accounting
blank,
narrative,"Interest rate, currency, equity swaps, credit contracts, swaptions, options and forward transactions are accounted for as derivatives, recorded on a trade-date basis and carried at fair value. Unrealized gains and losses are reflected in income, when appropriate. Aggregate asset or liability positions are netted on the Consolidated Balance Sheets only to the extent permitted by qualifying master netting arrangements in place with each respective counterparty. Cash collateral posted with counterparties in conjunction with transactions supported by qualifying master netting arrangements is reported as a reduction of the corresponding net derivative liability, while cash collateral received in conjunction with transactions supported by qualifying master netting arrangements is reported as a reduction of the corresponding net derivative asset."
blank,
narrative,"Derivatives, with the exception of embedded derivatives, are reported at fair value in the Consolidated Balance Sheets in Other assets and Other liabilities. Embedded derivatives are generally presented with the host contract in the Consolidated Balance Sheets. A bifurcated embedded derivative is measured at fair value and accounted for in the same manner as a free standing derivative contract. The corresponding host contract is accounted for according to the accounting guidance applicable for that instrument. "
blank,
narrative,"For additional information on embedded derivatives, see Notes 5 and 13.  "
blank,
narrative,The following table presents the notional amounts of our derivatives and the fair value of derivative assets and liabilities in the Consolidated Balance Sheets:
blank,
table_row,"December 31, 2024December 31, 2023"
blank,
table_row,Gross Derivative AssetsGross Derivative LiabilitiesGross Derivative AssetsGross Derivative Liabilities
blank,
table_row,(in millions)NotionalAmountFairValueNotionalAmountFairValueNotionalAmountFairValueNotionalAmountFairValue
blank,
table_row,Derivatives designated as hedging instruments:(a)
blank,
table_row,"Foreign exchange contracts$879 $66 $906 $109 $933 $58 $1,296 $164 "
blank,
table_row,Derivatives not designated as hedging instruments:(a)
blank,
table_row,"Interest rate contracts841 277 913 304 14,657 741 1,165 352 "
blank,
table_row,"Foreign exchange contracts3,095 230 1,707 158 4,019 393 8,008 400 "
blank,
table_row,"Equity contracts29 20 29 20 36,045 66 — — "
blank,
table_row,Credit contracts(b)
blank,
table_row,"52 31 147 31 1,804 33 504 36 "
blank,
table_row,Other contracts(c)
blank,
table_row,"— — — — 2,131 1 — — "
blank,
table_row,"Total derivatives, gross$4,896 $624 $3,702 $622 $59,589 $1,292 $10,973 $952 "
blank,
table_row,Counterparty netting(d)
blank,
table_row,(270)(270)(450)(450)
blank,
table_row,Cash collateral(e)
blank,
table_row,(304)(201)(711)(249)
blank,
table_row,Total derivatives on Consolidated Balance Sheets(f)
blank,
table_row,$50 $151 $131 $253 
blank,
narrative,(a)Fair value amounts are shown before the effects of counterparty netting adjustments and offsetting cash collateral.
blank,
narrative,"(b)As of December 31, 2024 and 2023, included CDSs on super senior multi-sector CLO with a net notional amount of $48 million and $50 million (fair value liability of $30 million and $32 million, respectively). The net notional amount represents the maximum exposure to loss on the portfolio."
blank,
narrative,(c)Consists primarily of stable value wraps and contracts with multiple underlying exposures.
blank,
narrative,(d)Represents netting of derivative exposures covered by a qualifying master netting agreement.
blank,
narrative,(e)Represents cash collateral posted and received that is eligible for netting.
blank,
narrative,"(f)Freestanding derivatives only, excludes embedded derivatives. Derivative instrument assets and liabilities are recorded in Other assets and Other liabilities, respectively. Fair value of assets related to bifurcated embedded derivatives was $3.2 billion at December 31, 2024 and $3.4 billion at December 31, 2023. Fair value of liabilities related to bifurcated embedded derivatives was zero at both December 31, 2024 and 2023. A bifurcated embedded derivative is generally presented with the host contract in the Consolidated Balance Sheets. Embedded derivatives are primarily related to the funds withheld arrangement with Fortitude Re. For additional information, see Note 8."
blank,
narrative,COLLATERAL
blank,
narrative,"We engage in derivative transactions that are not subject to a clearing requirement directly with unaffiliated third parties, in most cases, under International Swaps and Derivatives Association, Inc. (ISDA) Master Agreements. Many of the ISDA Master Agreements also include Credit Support Annex provisions, which provide for collateral postings that may vary at various ratings and threshold levels. We attempt to reduce our risk with certain counterparties by entering into agreements that enable collateral to be obtained from a counterparty on an upfront or contingent basis. We minimize the risk that counterparties might be unable to fulfill their contractual obligations by monitoring counterparty credit exposure and collateral value and generally requiring additional collateral to be posted upon the occurrence of certain events or circumstances. In addition, certain derivative transactions have provisions that require collateral to be posted by us upon a downgrade of our long-term debt ratings or give the counterparty the right to terminate the transaction. In the case of some of the derivative transactions, upon a downgrade of our long-term debt ratings, as an alternative to posting collateral and subject to certain conditions, we may assign the transaction to an obligor with higher debt ratings or arrange for a substitute guarantee of our obligations by an obligor with higher debt ratings or take other similar action. The actual amount of "
blank,
footer,AIG | 2024 Form 10-K
blank,
footer,141
blank,
blank,
footer,ITEM 8 | Notes to Consolidated Financial Statements | 11. Derivatives and Hedge Accounting
blank,
narrative,"collateral required to be posted to counterparties in the event of such downgrades, or the aggregate amount of payments that we could be required to make, depends on market conditions, the fair value of outstanding affected transactions and other factors prevailing at and after the time of the downgrade."
blank,
narrative,"Collateral posted by us to third parties for derivative transactions was $601 million and $593 million at December 31, 2024 and 2023, respectively. In the case of collateral posted under derivative transactions that are not subject to clearing, this collateral can generally be repledged or resold by the counterparties. Collateral provided to us from third parties for derivative transactions was $595 million and $856 million at December 31, 2024 and 2023, respectively. In the case of collateral provided to us under derivative transactions that are not subject to clearing, we generally can repledge or resell collateral."
blank,
narrative,OFFSETTING
blank,
narrative,"We have elected to present all derivative receivables and derivative payables, and the related cash collateral received and paid, on a net basis on our Consolidated Balance Sheets when a legally enforceable ISDA Master Agreement exists between us and our derivative counterparty. An ISDA Master Agreement is an agreement governing multiple derivative transactions between two counterparties. The ISDA Master Agreement generally provides for the net settlement of all, or a specified group, of these derivative transactions, as well as transferred collateral, through a single payment, and in a single currency, as applicable. The net settlement provisions apply in the event of a default on, or affecting any, one derivative transaction or a termination event affecting all, or a specified group of, derivative transactions governed by the ISDA Master Agreement."
blank,
narrative,HEDGE ACCOUNTING
blank,
narrative,We designated certain derivatives entered into with third parties as fair value hedges of available for sale investment securities held by our insurance subsidiaries. The fair value hedges include foreign currency forwards and cross currency swaps designated as hedges of the change in fair value of foreign currency denominated available for sale securities attributable to changes in foreign exchange rates.
blank,
narrative,"We use foreign currency denominated debt and cross-currency swaps as hedging instruments in net investment hedge relationships to mitigate the foreign exchange risk associated with our non-U.S. dollar functional currency foreign subsidiaries. For net investment hedge relationships where issued debt is used as a hedging instrument, we assess the hedge effectiveness and measure the amount of ineffectiveness based on changes in spot rates. For net investment hedge relationships that use derivatives as hedging instruments, we assess hedge effectiveness and measure hedge ineffectiveness using changes in forward rates. For the years ended December 31, 2024, 2023 and 2022, we recognized gains (losses) of $86 million, $(42) million and $305 million, respectively, included in Change in foreign currency translation adjustments in OCI related to the net investment hedge relationships."
blank,
narrative,A qualitative methodology is utilized to assess hedge effectiveness.
blank,
narrative,The following table presents the gain (loss) recognized in income on our derivative instruments in fair value hedging relationships in the Consolidated Statements of Income (Loss):
blank,
narrative,Gains/(Losses) Recognized in Income for:
blank,
table_row,(in millions)Hedging
blank,
table_row,Derivatives(a)
blank,
table_row,Excluded
blank,
table_row,Components(b)
blank,
table_row,HedgedItemsNet Impact
blank,
table_row,"Year Ended December 31, 2024"
blank,
table_row,Foreign exchange contracts:
blank,
table_row,Net realized gains/(losses)$(85)$(19)$85 $(19)
blank,
table_row,"Year Ended December 31, 2023"
blank,
table_row,Foreign exchange contracts:
blank,
table_row,Net realized gains/(losses)$(177)$(25)$177 $(25)
blank,
table_row,"Year Ended December 31, 2022"
blank,
table_row,Foreign exchange contracts:
blank,
table_row,Net realized gains/(losses)(78)73 78 73 
blank,
narrative,(a)Gains and losses on derivative instruments designated and qualifying in fair value hedges that are included in the assessment of hedge effectiveness.
blank,
narrative,(b)Gains and losses on derivative instruments designated and qualifying in fair value hedges that are excluded from the assessment of hedge effectiveness and recognized in income on a mark-to-market basis.
blank,
footer,142
blank,
footer,AIG | 2024 Form 10-K
blank,
blank,
footer,ITEM 8 | Notes to Consolidated Financial Statements | 11. Derivatives and Hedge Accounting
blank,
narrative,DERIVATIVES NOT DESIGNATED AS HEDGING INSTRUMENTS
blank,
narrative,The following table presents the effect of derivative instruments not designated as hedging instruments in the Consolidated Statements of Income (Loss):
blank,
table_row,"Years Ended December 31,Gains (Losses) Recognized in Income"
blank,
table_row,(in millions)202420232022
blank,
table_row,By Derivative Type:
blank,
table_row,Interest rate contracts$(6)$(12)$37 
blank,
table_row,Foreign exchange contracts(52)(175)143 
blank,
table_row,Equity contracts— 1 (9)
blank,
table_row,Commodity contracts— 8 (12)
blank,
table_row,Credit contracts3 (2)(3)
blank,
table_row,Other contracts— — (1)
blank,
table_row,"Embedded derivatives(75)(273)1,134 "
blank,
table_row,"Total$(130)$(453)$1,289 "
blank,
table_row,By Classification:
blank,
table_row,Net investment income - excluding Fortitude Re funds withheld assets$— $— $4 
blank,
table_row,Net investment income - Fortitude Re funds withheld assets1 — (1)
blank,
table_row,Net realized gains (losses) - excluding Fortitude Re funds withheld assets
blank,
table_row,(63)(172)156 
blank,
table_row,Net realized gains (losses) on Fortitude Re funds withheld assets*
blank,
table_row,"(68)(281)1,130 "
blank,
table_row,"Total$(130)$(453)$1,289 "
blank,
narrative,*Includes over-the-counter derivatives supporting the funds withheld arrangements with Fortitude Re and the embedded derivative contained within the funds withheld payable with Fortitude Re.
blank,
narrative,CREDIT RISK-RELATED CONTINGENT FEATURES
blank,
narrative,"We estimate that at December 31, 2024, based on our outstanding financial derivative transactions, a downgrade of our long-term senior debt ratings to BBB or BBB– by Standard & Poor’s Financial Services LLC, a subsidiary of S&P Global Inc., and/or a downgrade to Baa2 or Baa3 by Moody’s Investors’ Service, Inc. would permit counterparties to make additional collateral calls and permit certain counterparties to elect early termination of contracts, resulting in corresponding collateral postings and termination payments in the total amount of up to approximately $5 million. The aggregate fair value of our derivatives that were in a net liability position and that contain such credit risk-related contingencies which can be triggered below our long-term senior debt ratings of BBB+ or Baa1 was approximately $30 million and $32 million at December 31, 2024 and 2023, respectively. The aggregate fair value of assets posted as collateral under these contracts at December 31, 2024 and 2023, was approximately $30 million and $34 million, respectively.  "
blank,
narrative,12. Goodwill and Other Intangible Assets
blank,
narrative,"Goodwill represents the future economic benefits arising from assets acquired in a business combination that are not individually identified and separately recognized. Goodwill is tested for impairment at the reporting unit level, which is defined as a segment or one level below, and the test is performed annually, or more frequently if circumstances indicate an impairment may have occurred. At December 31, 2024, goodwill is reported within North America Commercial, International Commercial and Global Personal segments, and within Other Operations. When a business is transferred from one reporting unit to another, goodwill from the original reporting unit is allocated among reporting units based on the fair value of business transferred, relative to business retained by a reporting unit."
blank,
narrative,"The impairment assessment involves an option to first assess qualitative factors to determine whether events or circumstances exist that lead to a determination that it is more likely than not that the fair value of a reporting unit is less than its carrying amount. If the qualitative assessment is not performed, or after assessing the totality of the events or circumstances, we determine it is more likely than not that the fair value of a reporting unit is less than its carrying amount, a quantitative assessment for potential impairment is performed."
blank,
narrative,"If the qualitative test is not performed or if the test indicates a potential impairment is present, we estimate the fair value of each reporting unit and compare the estimated fair value with the carrying amount of the reporting unit, including allocated goodwill. The estimate of a reporting unit’s fair value involves management judgment and is based on one or a combination of approaches including discounted expected future cash flows, market-based earnings multiples of the unit’s peer companies, external appraisals or, in the case of reporting units being considered for sale, third-party indications of fair value, if available. We consider one or more of these estimates when determining the fair value of a reporting unit to be used in the impairment test."
blank,
footer,AIG | 2024 Form 10-K
blank,
footer,143
blank,
blank,
footer,ITEM 8 | Notes to Consolidated Financial Statements | 12. Goodwill and Other Intangible Assets
blank,
narrative,"If the estimated fair value of a reporting unit exceeds its carrying amount, goodwill is not impaired. If the carrying value of a reporting unit exceeds its estimated fair value, goodwill associated with that reporting unit potentially is impaired. The amount of impairment, if any, is measured as the excess of a reporting unit’s carrying amount over its fair value not to exceed the total amount of goodwill allocated to that reporting unit and recognized in income."
blank,
narrative,The following table presents the changes in goodwill:
blank,
narrative,General Insurance
blank,
table_row,(in millions)North AmericaCommercialInternationalCommercialGlobalPersonalOtherOperationsTotal
blank,
table_row,"Balance at January 1, 2023:"
blank,
table_row,"Goodwill - gross$4,654 $1,989 $499 $19 $7,161 "
blank,
table_row,"Accumulated impairments(2,216)(947)(237)(10)(3,410)"
blank,
table_row,"Net goodwill2,438 1,042 262 9 3,751 "
blank,
table_row,Increase (decrease) due to:
blank,
table_row,Dispositions*(369)— — — (369)
blank,
table_row,Other— 39 3 (2)40 
blank,
table_row,"Balance at December 31, 2023:"
blank,
table_row,"Goodwill - gross4,285 2,028 502 17 6,832 "
blank,
table_row,"Accumulated impairments(2,216)(947)(237)(10)(3,410)"
blank,
table_row,"Net goodwill2,069 1,081 265 7 3,422 "
blank,
table_row,Increase (decrease) due to:
blank,
table_row,Dispositions— — (22)— (22)
blank,
table_row,Other— (25)(2)— (27)
blank,
table_row,"Balance at December 31, 2024:"
blank,
table_row,"Goodwill - gross4,285 2,003 478 17 6,783 "
blank,
table_row,"Accumulated impairments(2,216)(947)(237)(10)(3,410)"
blank,
table_row,"Net goodwill$2,069 $1,056 $241 $7 $3,373 "
blank,
narrative,*Primarily represents amounts related to the sale of Validus Re through the date of disposition.
blank,
narrative,"Indefinite lived intangible assets are not subject to amortization. Indefinite lived intangible assets primarily include Lloyd’s syndicate capacity and brand names. Finite lived intangible assets are amortized over their useful lives. Finite lived intangible assets primarily include distribution networks and are recorded net of accumulated amortization. The Company tests indefinite lived intangible assets for impairment on an annual basis or whenever events or circumstances suggest that the carrying value of an intangible asset may exceed the sum of the undiscounted cash flows expected to result from its use and eventual disposition. If this condition exists and the carrying value of an intangible asset exceeds its fair value, the excess is recognized as an impairment and is recorded as a charge against net income (loss)."
blank,
narrative,"The Other intangible assets and Value of distribution network acquired (VODA) were $370 million and $394 million at December 31, 2024 and 2023, respectively. "
blank,
narrative,13. Insurance Liabilities
blank,
narrative,LIABILITY FOR UNPAID LOSSES AND LOSS ADJUSTMENT EXPENSES (LOSS RESERVES)
blank,
narrative,"Loss reserves represent the accumulation of estimates of unpaid claims, including estimates for claims incurred but not reported and loss adjustment expenses, less applicable discount. We regularly review and update the methods used to determine loss reserve estimates. Any adjustments resulting from this review are reflected currently in pre-tax income, except to the extent such adjustment impacts a deferred gain under a retroactive reinsurance agreement, in which case the ceded portion would be amortized into pre-tax income in subsequent periods. Because these estimates are subject to the outcome of future events, changes in estimates are common given that loss trends vary and time is often required for changes in trends to be recognized and confirmed. Reserve changes that increase previous estimates of ultimate cost are referred to as unfavorable or adverse development or reserve strengthening. Reserve changes that decrease previous estimates of ultimate cost are referred to as favorable development or reserve releases."
blank,
narrative,"Our gross loss reserves before reinsurance and discount are net of contractual deductible recoverable amounts due from policyholders of approximately $12.1 billion at both December 31, 2024 and 2023. These recoverable amounts are related to certain policies with high deductibles (in excess of high dollar amounts retained by the insured through self-insured retentions, deductibles, retrospective programs, or captive arrangements, each referred to generically as “deductibles”), primarily for U.S. Commercial casualty business. With respect to the deductible portion of the claim, we manage and pay the entire claim on behalf of the insured "
blank,
footer,144
blank,
footer,AIG | 2024 Form 10-K
blank,
blank,
footer,ITEM 8 | Notes to Consolidated Financial Statements | 13. Insurance Liabilities
blank,
narrative,"and are reimbursed by the insured for the deductible portion of the claim. Thus, these recoverable amounts represent a credit exposure to us. At December 31, 2024 and 2023 we held collateral of approximately $8.6 billion and $8.7 billion, respectively, for these deductible recoverable amounts, consisting primarily of letters of credit and funded trust agreements. Allowance for credit losses for the unsecured portion of these recoverable amounts was $14 million at both December 31, 2024 and 2023."
blank,
narrative,The following table presents the rollforward of activity in loss reserves:
blank,
narrative,"Years Ended December 31,"
blank,
table_row,(in millions)202420232022
blank,
table_row,"Liability for unpaid loss and loss adjustment expenses, beginning of year$70,393 $75,167 $79,026 "
blank,
table_row,"Reinsurance recoverable(30,289)(32,102)(35,213)"
blank,
table_row,"Net Liability for unpaid loss and loss adjustment expenses, beginning of year40,104 43,065 43,813 "
blank,
table_row,Losses and loss adjustment expenses incurred:
blank,
table_row,"Current year14,363 15,100 16,434 "
blank,
table_row,"Prior years, excluding discount and amortization of deferred gain254 (392)(530)"
blank,
table_row,"Prior years, discount charge (benefit)354 307 (605)"
blank,
table_row,"Prior years, amortization of deferred gain on retroactive reinsurance(a)"
blank,
table_row,(404)(81)(252)
blank,
table_row,"Total losses and loss adjustment expenses incurred14,567 14,934 15,047 "
blank,
table_row,Losses and loss adjustment expenses paid:
blank,
table_row,"Current year(3,694)(3,836)(4,011)"
blank,
table_row,"Prior years(9,849)(11,868)(11,066)"
blank,
table_row,"Total losses and loss adjustment expenses paid(13,543)(15,704)(15,077)"
blank,
table_row,Other changes:
blank,
table_row,"Foreign exchange effect(996)606 (1,463)"
blank,
table_row,Losses and loss adjustment expenses recognized within gain on divestitures— 569 — 
blank,
table_row,Retroactive reinsurance adjustment (net of discount)(b)
blank,
table_row,15 158 745 
blank,
table_row,Dispositions(c)
blank,
table_row,"(5)(3,505)— "
blank,
table_row,"Reclassified to held for sale, net of reinsurance recoverables— (19)— "
blank,
table_row,"Total other changes(986)(2,191)(718)"
blank,
table_row,"Liability for unpaid loss and loss adjustment expenses, end of year:"
blank,
table_row,"Net liability for unpaid losses and loss adjustment expenses40,142 40,104 43,065 "
blank,
table_row,Reinsurance recoverable
blank,
table_row,"29,026 30,289 32,102 "
blank,
table_row,"Total$69,168 $70,393 $75,167 "
blank,
narrative,"(a)Includes $82 million, $33 million and $63 million for the retroactive reinsurance agreement with NICO covering U.S. asbestos exposures for the years ended December 31, 2024, 2023 and 2022, respectively."
blank,
narrative,"(b)Includes benefit (charge) from change in discount on retroactive reinsurance in the amount of $168 million, $150 million and $(301) million for the years ended December 31, 2024, 2023 and 2022, respectively."
blank,
narrative,(c)Includes amounts related to the sale of Validus Re through the date of disposition.
blank,
narrative,"The following table presents the reconciliation of the net liability for unpaid losses and loss adjustment expenses in the following tables to Loss Reserves in the Consolidated Balance Sheets for the year ended December 31, 2024:"
blank,
table_row,(in millions)Net liability for unpaidlosses and loss adjustmentexpenses as presented in thedisaggregated tables belowReinsurance recoverable onunpaid losses and lossadjustment expenses included inthe disaggregated tables belowGross liabilityfor unpaidlosses and lossadjustment expenses
blank,
table_row,"U.S. Workers' Compensation (before discount)$3,468$4,852$8,320"
blank,
table_row,"U.S. Excess Casualty3,2083,1396,347"
blank,
table_row,"U.S. Other Casualty4,3873,4167,803"
blank,
table_row,"U.S. Financial Lines5,4221,6147,036"
blank,
table_row,"U.S. Property and Special Risks4,2971,2335,530"
blank,
table_row,"U.S. Personal Insurance8362,0482,884"
blank,
table_row,"UK/Europe Casualty and Financial lines7,2801,9529,232"
blank,
table_row,"UK/Europe Property and Special Risks2,3551,7614,116"
blank,
table_row,"UK/Europe and Japan Personal Insurance1,2696701,939"
blank,
table_row,"Total$32,522$20,685$53,207"
blank,
table_row,Reconciling Items
blank,
table_row,"Discount on workers' compensation lines(2,111)"
blank,
table_row,"Other product lines*15,384"
blank,
table_row,"Unallocated loss adjustment expenses2,688"
blank,
table_row,"Total Loss Reserves$69,168"
blank,
narrative,"*Reinsurance recoverable for other product lines of $8.4 billion resulted in a net liability for unpaid losses and loss adjustment expenses of $7.0 billion for the year ended December 31, 2024."
blank,
footer,AIG | 2024 Form 10-K
blank,
footer,145
blank,
blank,
footer,ITEM 8 | Notes to Consolidated Financial Statements | 13. Insurance Liabilities
blank,
narrative,Prior Year Development
blank,
narrative,"In the sections below, we provide details by coverage group regarding incurred losses, reserve balances and prior year development. The first table below shows prior year development by coverage group, the first two columns of which will again be presented in the coverage group sections that follow. After this table we describe historical drivers of prior year development as well as actuarial methods and relevant terminology. The following coverage group sections present the undiscounted incurred losses and allocated loss adjustment expenses by accident year on a net basis after reinsurance, with separate presentation of the adverse development cover where applicable, excluding related amortization of the deferred gain. Each section also contains a description of the business included in that section. Finally, we show a table of claims payout patterns by coverage."
blank,
narrative,"In 2017, we entered into adverse development reinsurance agreement (ADC) cessions with NICO under which we transferred to NICO 80 percent of the reserve risk on substantially all of our U.S. Commercial long-tail exposures for accident years 2015 and prior."
blank,
narrative,"The following table presents the reconciliation of net prior year development before the ADC cessions from the tables below to the net prior year development after ADC cessions and amortization of deferred gain for the year ended December 31, 2024:"
blank,
table_row,(in millions)Prior YearDevelopmentNet of ExternalReinsuranceBefore ADCCessionsPrior YearDevelopmentNet of ExternalReinsuranceAfter ADCCessions(a)
blank,
table_row,Re-Attributionof ADCRecovery(b)
blank,
table_row,Amortizationof DeferredGain atInceptionPrior YearDevelopmentAfterAmortizationandRe-attribution
blank,
table_row,U.S. Workers' Compensation$(273)$(205)$(14)$(42)$(261)
blank,
table_row,U.S. Excess Casualty545 238 22 (32)228 
blank,
table_row,U.S. Other Casualty12 44 (38)(31)(25)
blank,
table_row,U.S. Financial Lines51 (40)20 (23)(43)
blank,
table_row,U.S. Property and Special Risks(44)4 11 (7)8 
blank,
table_row,U.S. Personal Insurance(23)(25)(1)(1)(27)
blank,
table_row,UK/Europe Casualty and Financial lines170 170 — — 170 
blank,
table_row,UK/Europe Property and Special Risks(35)(35)— — (35)
blank,
table_row,UK/Europe and Japan Personal Insurance(47)(47)— — (47)
blank,
table_row,Other Operations1 1 — — 1 
blank,
table_row,Other product lines(299)(336)— — (336)
blank,
table_row,"Subtotal, adjusted pre-tax basis$58 $(231)$— $(136)$(367)"
blank,
table_row,Businesses in run-off196 111 — — 111 
blank,
table_row,Subtotal$254 $(120)$— $(136)$(256)
blank,
table_row,Remove impact of Retroactive Reinsurance
blank,
table_row,Amortization of deferred gain at inception136 
blank,
table_row,Prior year development ceded under the Asbestos LPT85 
blank,
table_row,Prior year development ceded under the ADC289 
blank,
table_row,"Total, prior years, excluding discount and amortization of deferred gain$254 "
blank,
narrative,"(a)Change in net ultimate loss and loss adjustment expenses excludes the portion of prior year development we have ceded under the Asbestos Loss Portfolio Transfer (LPT) and the ADC, both of which are provided by NICO and are considered retroactive reinsurance under U.S. GAAP."
blank,
narrative,(b)Reattribution of the ADC recovery takes place annually as we model the future payments on the subject reserves. ADC recoverables are then reallocated by line based on payments expected to be made.
blank,
narrative,"During 2024, we recognized unfavorable prior year loss reserve development of $254 million excluding discount and amortization of deferred gain. The development was primarily driven by:"
blank,
narrative,"•Favorable development on U.S. Workers’ Compensation of $273 million, net of external reinsurance but before ADC cessions reflecting continued favorable loss experience;"
blank,
narrative,"•Unfavorable development on U.S. Excess Casualty of $545 million, net of external reinsurance but before ADC cessions, driven by a large settlement of a legacy mass tort claim with the gross loss in accident years covered under the ADC and increased reserves related to claims emergence;"
blank,
narrative,"•Unfavorable development on U.S Other Casualty of $12 million, net of external reinsurance but before ADC cessions, reflecting unfavorable development on Commercial Auto and Wholesale Primary General Liability, partially offset by favorability across numerous Casualty reserving classes;"
blank,
narrative,"•Unfavorable development in U.S. Financial Lines of $51 million, net of external reinsurance but before ADC cessions, due to unfavorable development in M&A and High Excess classes, offset by favorable experience across most reserving classes;"
blank,
narrative,"•Favorable development on U.S Property and Special Risks of $44 million, net of external reinsurance but before ADC cessions, reflecting favorable loss experience in Retail and Wholesale Property, offset by development on prior year catastrophes;"
blank,
footer,146
blank,
footer,AIG | 2024 Form 10-K
blank,
blank,
footer,ITEM 8 | Notes to Consolidated Financial Statements | 13. Insurance Liabilities
blank,
narrative,•Favorable development in U.S. Personal Insurance of $23 million driven by favorable development on prior year catastrophes across several events primarily in the 2019-2023 accident years;
blank,
narrative,"•Unfavorable development in UK/Europe Casualty and Financial Lines of $170 million driven by unfavorable development in UK Financial Lines partially offset by favorable development in EMEA Financial Lines, and unfavorable development in European Excess Casualty driven by claim-specific emergence on accident year 2016;"
blank,
narrative,•Favorable development on UK/Europe Property and Special Risks of $35 million reflecting favorable development across most segments and geographies;
blank,
narrative,"•Favorable development on UK/Europe and Japan Personal Insurance of $47 million primarily driven by Japan A&H and Auto, partially offset by unfavorable Personal Auto in EMEA;"
blank,
narrative,"•Favorable development of $299 million in total on other product lines, net of external reinsurance but before ADC cessions, primarily driven by Global Specialty which saw favorable development across multiple lines; and"
blank,
narrative,"•Unfavorable development on Businesses in run-off of $196 million, net of external reinsurance but before ADC cessions, is primarily attributed to Asbestos development of $85 million, which is entirely ceded under the LPT, and development on the Blackboard insurance portfolio of $112 million due to increased reported loss activity in general liability."
blank,
narrative,"During 2023, we recognized favorable prior year loss reserve development of $392 million excluding discount and amortization of deferred gain. The development was primarily driven by:"
blank,
narrative,"•Favorable development on U.S. Workers’ Compensation of $267 million, net of external reinsurance but before ADC cessions due to a continuation of favorable loss cost trends in guaranteed cost and excess segments across most accident years;"
blank,
narrative,"•Favorable development on U.S. Excess Casualty of $32 million, net of external reinsurance but before ADC cessions, driven by favorable development on the Excess Construction Runoff Portfolio;"
blank,
narrative,"•Favorable development on U.S Other Casualty of $133 million, net of external reinsurance but before ADC cessions, largely driven by favorable experience in construction defect and construction wraps as well as guaranteed cost auto and general liability;"
blank,
narrative,"•Unfavorable development in U.S. Financial Lines of $94 million, net of external reinsurance but before ADC cessions, due to unfavorable development on High Attaching Excess Directors and Officers (D&O), M&A, Primary National D&O, Cyber data privacy claims, and Architects & Engineers, partially offset by favorable development on Primary Private Not for Profit D&O and Financial Institutions D&O;"
blank,
narrative,"•Favorable development on U.S Property and Special Risks of $10 million, net of external reinsurance but before ADC cessions, reflecting favorable development on prior year catastrophes in the 2017-2021 accident years, offset by adverse development on prior year catastrophes in the 2022 accident year;"
blank,
narrative,•Favorable development in U.S. Personal Insurance of $64 million driven by favorable development on prior year catastrophes across several events primarily in the 2017-2020 accident years;
blank,
narrative,"•Unfavorable development in UK/Europe Casualty and Financial Lines of $165 million due to unfavorable development in auto liability in Europe and UK and in UK D&O and Commercial Professional Indemnity business, partially offset by favorable development in Financial Institutions Professional Indemnity and D&O in Europe and UK and Cyber and Commercial Professional Indemnity in Europe;"
blank,
narrative,•Unfavorable development on UK/Europe Property and Special Risks of $81 million driven by unfavorable development on prior year catastrophes;
blank,
narrative,•Favorable development on UK/Europe and Japan Personal Insurance of $57 million driven by favorable development in Japan personal auto and A&H business; and
blank,
narrative,"•Favorable development of $162 million in total on other product lines, net of external reinsurance but before ADC cessions, driven by favorable development in global specialty and financial lines in Canada and other International regions."
blank,
narrative,"During 2022, we recognized favorable prior year loss reserve development of $530 million excluding discount and amortization of deferred gain. The development was primarily driven by:"
blank,
narrative,"•Favorable development on U.S. Workers’ Compensation of $644 million, net of external reinsurance but before ADC cessions due to continued favorable frequency and severity trends across most accident years particularly for excess and guaranteed cost US Workers Compensation segments;"
blank,
narrative,"•Favorable development on U.S. Excess Casualty of $116 million, net of external reinsurance but before ADC cessions, driven by lead and mid-excess Retail Excess Casualty;"
blank,
narrative,"•Favorable development on U.S Other Casualty of $149 million, net of external reinsurance but before ADC cessions, largely driven by favorable experience in Commercial Auto, General Liability and Construction Wraps;"
blank,
narrative,"•Unfavorable development in U.S. Financial Lines of $939 million, net of external reinsurance but before ADC cessions, due to higher severity trends particularly in Excess & Primary D&O and Excess & Financial Institutions Errors and Omissions (E&O). This was partially offset by favorable development in Employment Practices Liability Insurance (EPLI);"
blank,
footer,AIG | 2024 Form 10-K
blank,
footer,147
blank,
blank,
footer,ITEM 8 | Notes to Consolidated Financial Statements | 13. Insurance Liabilities
blank,
narrative,•Favorable development  in U.S. Property and Special Risks of $81 million driven by more favorable crop experience than anticipated;
blank,
narrative,"•Unfavorable development in UK/Europe Casualty and Financial Lines of $82 million due to unfavorable experience in UK Financial Lines in M&A, Commercial PI and Commercial D&O as well as unfavorable Casualty experience due to large loss activity in the UK, European Excess Casualty, and French Auto experience;"
blank,
narrative,"•Favorable development on UK/Europe Property and Special Risks of $153 million driven by Global Specialty, primarily from accident years 2020 and 2021. This favorable experience was seen in each product line and in every region;"
blank,
narrative,•Favorable development on UK/Europe and Japan Personal Insurance of $111 million driven by Japan Auto and A&H business with additional favorable experience in UK and Europe; and
blank,
narrative,"•Favorable development of $264 million in total on other product lines, net of external reinsurance but before ADC cessions, driven by runoff construction business and favorable results from our Canadian business across most products."
blank,
narrative,Our analyses and conclusions about prior year reserves also help inform our judgments about the current accident year loss and loss adjustment expense ratios we selected.
blank,
narrative,Loss Development Information
blank,
narrative,"The following is information about incurred and paid loss developments as of December 31, 2024, net of reinsurance. The cumulative number of reported claims, the total of IBNR liabilities and expected development on reported loss included within the net incurred loss amounts are presented in the following section."
blank,
narrative,Reserving Methodology
blank,
narrative,"We use a combination of methods to project ultimate losses for both long-tail and short-tail exposures, which include:"
blank,
narrative,"•Paid Development method: The Paid Development method estimates ultimate losses by reviewing paid loss patterns and selecting paid ultimate loss development factors. These factors are then applied to paid losses by applying them to accident years, with further expected changes in paid loss. Since the method does not rely on case reserves, it is not directly influenced by changes in the adequacy of case reserves."
blank,
narrative,"•Incurred Development method: The Incurred Development method is similar to the Paid Development method, but it uses case incurred losses instead of paid losses. Since this method uses more data (case reserves in addition to paid losses) than the Paid Development method, the incurred development patterns may be less variable than paid development patterns."
blank,
narrative,"•Expected Loss Ratio method: The Expected Loss Ratio method multiplies premiums by an expected loss ratio to produce ultimate loss estimates for each accident year. This method may be useful if loss development patterns are inconsistent, losses emerge very slowly, or there is relatively little loss history from which to estimate future losses. Expected loss ratio methods for business written in excess of a deductible may be given significant weight in the most recent five accident years. The expected loss ratios used for recent accident years are based on the projected ultimate loss ratios for older years adjusted for rate changes, loss trend including inflation, and where appropriate, changing market conditions."
blank,
narrative,•Bornhuetter-Ferguson method: The Bornhuetter-Ferguson method using premiums and paid losses is a combination of the Paid Development method and the Expected Loss Ratio method where the weight given to each method is the reciprocal of the loss development factor. This method normally determines expected loss ratios similar to the method used for the Expected Loss Ratio method. The Bornhuetter-Ferguson method using premiums and incurred losses is similar to the Bornhuetter-Ferguson method using premiums and paid losses except that it uses case-incurred losses.
blank,
narrative,•Cape Cod method: The Cape Cod method is mechanically similar to the Bornhuetter-Ferguson method with the difference being that the Expected Loss Ratio estimates are determined based on a weighting of the loss estimates that come from the Paid/Incurred Development Methods. This method may be more responsive to recent loss trends than the Bornhuetter-Ferguson method.
blank,
narrative,"•Average Loss method: The Average Loss method multiplies a projected number of ultimate claims by an estimated ultimate severity average loss for each accident year to produce ultimate loss estimates. Since projections of the ultimate number of claims are often less variable than projections of ultimate loss, this method can provide more reliable results for reserve categories where loss development patterns are inconsistent or too variable to be relied on exclusively."
blank,
narrative,"In updating our loss reserve estimates, we consider and evaluate inputs from many sources, including actual claims data, the performance of prior reserve estimates, observed industry trends, our internal peer review processes, including challenges and recommendations from our Enterprise Risk Management group, as well as the views of third-party actuarial firms. We use these inputs to improve our evaluation techniques, and to analyze and assess the change in estimated ultimate loss for each accident year by product line. Our analyses produce a range of indications from various methods, from which we select our best estimate."
blank,
footer,148
blank,
footer,AIG | 2024 Form 10-K
blank,
blank,
footer,ITEM 8 | Notes to Consolidated Financial Statements | 13. Insurance Liabilities
blank,
narrative,"In determining the actual carried loss reserves, we consider both the internal actuarial best estimate and numerous other internal and external factors, including:"
blank,
narrative,"•an assessment of economic conditions, including real GDP growth, inflation, employment rates or unemployment duration, stock market volatility and changes in corporate bond spreads;"
blank,
narrative,"•changes in the legal, regulatory, judicial and social environment, including changes in road safety, public health and cleanup standards;"
blank,
narrative,"•changes in medical cost trends (inflation, intensity and utilization of medical services) and wage inflation trends;"
blank,
narrative,"•underlying policy pricing, terms and conditions including attachment points and policy limits;"
blank,
narrative,"•change in claims handling philosophy, operating model, processes, and related ongoing enhancements;"
blank,
narrative,"•third-party claims reviews that are periodically performed for key classes of claims such as toxic tort, environmental and other complex casualty claims;"
blank,
narrative,•third-party actuarial reviews that are periodically performed for key classes of business;
blank,
narrative,"•input from underwriters on pricing, terms, and conditions and market trends; and"
blank,
narrative,"•changes in our reinsurance program, pricing and commutations."
blank,
narrative,"Where appropriate and identifiable, adjustments have been made to standard projection techniques. Changes in Claims organization management, differing referral and review criteria and other factors may also be expected to alter loss emergence."
blank,
narrative,The following factors are relevant to the loss development information included in the tables below:
blank,
narrative,"•Table organization: The tables are organized by accident year and include policies written on an occurrence and claims- made basis. We note that for certain categories of claims (e.g., construction defect claims and environmental claims) and for reinsurance recoverable, losses may sometimes be reclassified to an earlier or later accident year as more information about the date of occurrence becomes available to us. These reclassifications are shown as development in the respective years in the tables below. Financial Lines business is primarily written on a claims-made basis, while the majority of the workers’ compensation, excess casualty, other casualty, and run-off property and casualty lines of business are written on an occurrence basis. Primarily, all short-tail lines in Property and Special Risks and Personal Insurance are written on an occurrence basis."
blank,
narrative,•Groupings: We believe our groupings have homogenous risk characteristics with similar development patterns and would generally be subject to similar trends and reflect our reportable segments. The incurred losses and loss adjustment expenses and paid losses in the following tables for the current reporting year are allocated to the line of business and accident years based on how the business is coded by profit center and line of business.
blank,
narrative,"•Reinsurance: Our reinsurance program varies by exposure type. Historically we have leveraged facultative and treaty reinsurance, both on a pro-rata and excess of loss basis. Our reinsurance program may change from year to year, which may affect the comparability of the data presented in our tables."
blank,
narrative,"•Adverse development reinsurance agreement: We have provided the impact of the ADC in an additional table below our Incurred Losses and Allocated Loss Adjustment Expenses tables. The impact of the ADC is shown beginning in 2016 given the retroactive date of the contract and coincides with the effective date of the contract. For the lines of business covered by the agreement (U.S. Workers' Compensation, U.S. Excess Casualty, U.S. Other Casualty, U.S. Financial Lines, U.S. Property and Special Risks and U.S. Personal Insurance or collectively, the Covered Lines), an attribution of the loss recoveries to the line of business by calendar year and accident year is performed based on the underlying distribution of the losses subject to the agreement. Specifically, the future claim payments for all subject incurred losses were projected into future years based on the same actuarial assumptions underlying the related reserves. The additional table presented after discussion of prior year development by line of business reconciles the changes in net ultimates to our overall prior year development and provides the reattribution of loss recoveries for the Covered Lines. The reinsurance terms of the ADC were then used to identify the future claims payments for which 80% will be reimbursed by NICO. At each reporting period, the attribution of the ADC recoveries is performed. The factors that could cause the attribution to lines of business and accident year to change include changes in underlying actuarial assumptions as to timing and amount of future claim payments."
blank,
narrative,•Incurred but not reported liabilities (IBNR): We include development from past reported losses in IBNR.
blank,
narrative,•Data excluded from tables: Information with respect to accident years older than ten years is excluded from the development tables. Unallocated loss adjustment expenses are also excluded.
blank,
narrative,"•Foreign exchange: The loss development for operations outside of the U.S. is presented for all accident years using the current exchange rate at December 31, 2024. Although this approach requires restating all prior accident year information, the changes in exchange rates do not impact incurred and paid loss development trends."
blank,
narrative,"•Acquisitions: We include acquisitions from all accident years presented in the tables. For purposes of this disclosure, we have applied the retrospective method for the acquired reserves, including incurred and paid claim development histories throughout the relevant tables. It should be noted that historical reserves for the acquired businesses were established by the acquired companies "
blank,
footer,AIG | 2024 Form 10-K
blank,
footer,149
blank,
blank,
footer,ITEM 8 | Notes to Consolidated Financial Statements | 13. Insurance Liabilities
blank,
narrative,"using methods, assumptions and procedures then in effect which may differ from our current reserving bases. Accordingly, it may not be appropriate to extrapolate future redundancies or deficiencies based on the aggregated historical results shown in the triangles."
blank,
narrative,•Dispositions: We exclude dispositions from all accident years presented in the tables.
blank,
narrative,•Claim counts: We consider a reported claim to be one claim for each claimant or feature for each loss occurrence. Claims relating to losses that are 100 percent reinsured are excluded from the reported claims in the tables below. Reported claims for losses from assumed reinsurance contracts are not available and hence not included in the reported claims.
blank,
narrative,"There are limitations that should be considered on the reported claim count data in the tables below, including:"
blank,
narrative,–Claim counts are presented only on a reported (not an ultimate) basis;
blank,
narrative,"–The tables below include lines of business and geographies at a certain aggregated level which may indicate different frequency and severity trends and characteristics, and may not be as meaningful as the claim count information related to the individual products within those lines of business and geographies;"
blank,
narrative,"–Certain lines of business are more likely to be subject to occurrences involving multiple claimants and features, which can distort measures based on the reported claim counts in the table below; and"
blank,
narrative,"–Reported claim counts are not adjusted for ceded reinsurance, which may distort the measure of frequency or severity."
blank,
narrative,"Supplemental Information: The information about incurred and paid loss development for all periods preceding the year ended December 31, 2024 and the related historical claims payout percentage disclosure is unaudited and is presented as supplementary information."
blank,
narrative,"The following tables present undiscounted, incurred and paid losses and allocated loss adjustment expenses by accident year, on a net basis after reinsurance, with a separate presentation of the ADC excluding the related amortization of the deferred gain:"
blank,
narrative,U.S. Workers' Compensation
blank,
narrative,"U.S. Workers’ Compensation is an extremely long-tail line of business, with loss emergence extending for decades. We generally use a combination of loss development, frequency/severity and expected loss ratio methods for workers’ compensation. "
blank,
narrative,"Many of our workers compensation policies contain risk-sharing features, including high deductibles, self-insured retentions or retrospective rating features, in addition to a traditional insurance component. These risk-sharing programs generally are large and complex, comprising multiple products, years and structures, and are subject to amendment over time. We group guaranteed cost and excess of deductible business separately and then further by state and industry subset to the extent that meaningful differences are determined to exist. We also separately analyze certain subsets of the portfolio that have unique characteristics (e.g., U.S. government sub-contractor accounts and construction wrap-up business). For excess of deductible business, we also segment by size of deductible and whether the claim is handled by AIG or an outside third-party administrator. The proportion of large deductible business has increased over time, which has slowed the reporting pattern of claims."
blank,
table_row,"Incurred Losses and Allocated Loss Adjustment Expenses, Undiscounted and Net of Reinsurance"
blank,
table_row,"Years Ended December 31, (in millions)"
blank,
table_row,"December 31, 2024"
blank,
table_row,AccidentYear20152016201720182019202020212022202320242024Prior YearDevelopmentExcludingthe Impactof ADCTotal of IBNRLiabilitiesPlus ExpectedDevelopmenton ReportedLossesCumulativeNumber ofReportedClaimsIncurredImpactof ADCIBNRImpactof ADC2024(Net ofImpactof ADC)Total ofIBNRLiabilitiesNet of Impactof ADC
blank,
table_row,Unaudited
blank,
table_row,"2015$1,708 $1,864 $1,866 $1,814 $1,722 $1,675 $1,634 $1,612 $1,592 $1,464 $(128)$179 37,763 $(317)$(144)$1,147 $35 "
blank,
table_row,"20161,299 1,346 1,318 1,140 1,090 1,075 1,036 1,025 986 (39)178 32,178 — — 986 178 "
blank,
table_row,"2017789 850 776 763 731 712 705 673 (32)176 28,057 — — 673 176 "
blank,
table_row,"2018998 1,021 961 911 896 875 786 (89)200 22,484 — — 786 200 "
blank,
table_row,"2019887 873 812 801 788 730 (58)218 17,292 — — 730 218 "
blank,
table_row,"2020597 573 521 477 434 (43)104 14,124 — — 434 104 "
blank,
table_row,"2021597 570 545 514 (31)212 11,293 — — 514 212 "
blank,
table_row,"2022523 493 464 (29)209 9,829 — — 464 209 "
blank,
table_row,"2023500 465 (35)273 8,954 — — 465 273 "
blank,
table_row,"2024567 455 6,285 — — 567 455 "
blank,
table_row,"Total$7,083 $(484)$(317)$6,766 "
blank,
table_row,"Cumulative Paid Losses and Allocated Loss Adjustment Expenses, Net of Reinsurance from the table below(3,806)— 71 (3,735)"
blank,
table_row,"Liabilities for losses and loss adjustment expenses and prior year development before accident year 2015, net of reinsurance4,145 (187)(3,708)437 "
blank,
table_row,Unallocated loss adjustment expense prior year development398 
blank,
table_row,"Liabilities for losses and loss adjustment expenses and prior year loss development, net of reinsurance$7,422 $(273)$(3,954)$3,468 "
blank,
footer,150
blank,
footer,AIG | 2024 Form 10-K
blank,
blank,
footer,ITEM 8 | Notes to Consolidated Financial Statements | 13. Insurance Liabilities
blank,
table_row,"Incurred Losses and Loss Adjustment Expenses, Undiscounted, Net of Reinsurance (including impact of ADC)"
blank,
table_row,"Calendar Years Ended December 31, (in millions)"
blank,
table_row,AccidentYear201620172018201920202021202220232024Prior YearDevelopment
blank,
table_row,Unaudited
blank,
table_row,"2015$1,279$1,279$1,318$1,134$1,105$1,041$1,092$1,154$1,147 $(7)"
blank,
table_row,"20161,2991,3461,3181,1401,0901,0751,0361,025986 (39)"
blank,
table_row,2017789850776763731712705673 (32)
blank,
table_row,"20189981,021961911896875786 (89)"
blank,
table_row,2019887873812801788730 (58)
blank,
table_row,2020597573521477434 (43)
blank,
table_row,2021597570545514 (31)
blank,
table_row,2022523493464 (29)
blank,
table_row,2023500465 (35)
blank,
table_row,2024567 
blank,
table_row,"Total$2,578 $3,414 $4,484 $4,958 $5,389 $5,740 $6,151 $6,562 $6,766 $(363)"
blank,
table_row,"Cumulative Paid Losses and Allocated Loss Adjustment Expenses, Net of Reinsurance from the table below(3,735)"
blank,
table_row,"Liabilities for losses and allocated loss adjustment expenses and prior year development before 2015, net of reinsurance437 (26)"
blank,
table_row,Unallocated loss adjustment expense prior year adjustment184 
blank,
table_row,"Liabilities for losses and loss adjustment expenses and prior year loss development, net of reinsurance$3,468 $(205)"
blank,
narrative,The following table provides our attribution of our reinsurance recoverable for the ADC only (included in the table above):
blank,
table_row,"Calendar Years Ended December 31, (in millions)"
blank,
table_row,AccidentYear201620172018201920202021202220232024Prior YearDevelopment
blank,
table_row,Unaudited
blank,
table_row,2015$(585)$(587)$(496)$(588)$(570)$(593)$(520)$(438)$(317)$121 
blank,
table_row,2016— — — — — — — — — — 
blank,
table_row,2017— — — — — — — — — — 
blank,
table_row,2018— — — — — — — — — — 
blank,
table_row,2019— — — — — — — — — — 
blank,
table_row,2020— — — — — — — — — — 
blank,
table_row,2021— — — — — — — — — — 
blank,
table_row,2022— — — — — — — — — — 
blank,
table_row,2023— — — — — — — — — — 
blank,
table_row,2024— — — — — — — — — — 
blank,
table_row,Total$(585)$(587)$(496)$(588)$(570)$(593)$(520)$(438)$(317)$121 
blank,
table_row,"Cumulative Paid Losses and Allocated Loss Adjustment Expenses, Net of Reinsurance from the table below71 "
blank,
table_row,"Liabilities for losses and allocated loss adjustment expenses and prior year development before 2015, net of reinsurance(3,708)161 "
blank,
table_row,Unallocated loss adjustment expense prior year development(214)
blank,
table_row,"Liabilities for losses and loss adjustment expenses and prior year loss development, net of reinsurance$(3,954)$68 "
blank,
narrative,"Cumulative Paid Losses and Allocated Loss Adjustment Expenses, Net of Reinsurance"
blank,
table_row,"Years Ended December 31, (in millions)"
blank,
table_row,Paid Impact
blank,
table_row,of ADC
blank,
table_row,Accident Year2015201620172018201920202021202220232024
blank,
table_row,Unaudited
blank,
table_row,"2015$234 $524 $725 $854 $925 $979 $1,013 $1,038 $1,058 $1,080 $(71)"
blank,
table_row,2016147 378 521 584 630 662 686 694 708 — 
blank,
table_row,201793 224 294 333 367 389 395 402 — 
blank,
table_row,201885 215 296 359 388 409 448 — 
blank,
table_row,201993 219 301 347 389 417 — 
blank,
table_row,202064 159 205 245 259 — 
blank,
table_row,202160 128 171 211 — 
blank,
table_row,202245 102 143 — 
blank,
table_row,202338 103 — 
blank,
table_row,202435 — 
blank,
table_row,"Total$3,806 $(71)"
blank,
footer,AIG | 2024 Form 10-K
blank,
footer,151
blank,
blank,
footer,ITEM 8 | Notes to Consolidated Financial Statements | 13. Insurance Liabilities
blank,
narrative,U.S. Excess Casualty
blank,
narrative,"U.S. Excess Casualty policies tend to attach at a high layer above underlying policies, which causes the loss development pattern to lag significantly. Many of the claims notified to the excess layers are closed without payment because the claims never reach our layer as a result of high deductibles and other underlying coverages, while the claims that reach our layer can have large case reserves or settlements and be highly variable in terms of reported timing and amount. For a portion of this business, the underlying primary policies are issued by other insurance companies, which can limit our access to relevant information to help inform our judgments as the loss events evolve and mature. Furthermore, this coverage is often significantly impacted by the underwriting cycle and external judicial trends."
blank,
narrative,Recent accident years reflect a strategy towards having higher attachment points on the portfolio through changing participations in various layers within an insured’s program.
blank,
narrative,"Incurred Losses and Allocated Loss Adjustment Expenses, Undiscounted and Net of Reinsurance"
blank,
narrative,"Years Ended December 31, (in millions)"
blank,
table_row,"December 31, 2024"
blank,
table_row,AccidentYear20152016201720182019202020212022202320242024Prior YearDevelopmentExcludingthe Impactof ADCTotal of IBNRLiabilitiesPlus ExpectedDevelopmenton ReportedLossesCumulativeNumber ofReportedClaimsIncurredImpactof ADCIBNRImpactof ADC2024(Net ofImpactof ADC)Total ofIBNRLiabilitiesNet of Impactof ADC
blank,
table_row,Unaudited
blank,
table_row,"2015$989 $1,463 $1,440 $1,603 $1,656 $1,694 $1,721 $1,686 $1,658 $1,723 $65 $258 3,269 $(534)$(131)$1,189 $127 "
blank,
table_row,"2016898 1,146 1,162 1,171 1,274 1,250 1,263 1,276 1,317 41 343 2,970 — — 1,317 343 "
blank,
table_row,"2017856 1,002 1,097 1,153 1,157 1,200 1,182 1,228 46 227 2,252 — — 1,228 227 "
blank,
table_row,"2018648 646 721 769 769 779 779 — 149 1,613 — — 779 149 "
blank,
table_row,"2019577 583 597 612 600 604 4 279 1,469 — — 604 279 "
blank,
table_row,"2020406 413 410 420 404 (16)194 1,438 — — 404 194 "
blank,
table_row,"2021278 277 274 358 84 154 1,039 — — 358 154 "
blank,
table_row,2022305 305 333 28 156 690 — — 333 156 
blank,
table_row,2023345 348 3 210 567 — — 348 210 
blank,
table_row,2024315 302 235 — — 315 302 
blank,
table_row,"Total$7,409 $255 $(534)$6,875 "
blank,
table_row,"Cumulative Paid Losses and Allocated Loss Adjustment Expenses, Net of Reinsurance from the table below(4,350)— 197 (4,153)"
blank,
table_row,"Liabilities for losses and loss adjustment expenses and prior year development before accident year 2015, net of reinsurance2,104 217 (1,618)486 "
blank,
table_row,Unallocated loss adjustment expense prior year development73 
blank,
table_row,"Liabilities for losses and loss adjustment expenses and prior year loss development, net of reinsurance$5,163 $545 $(1,955)$3,208 "
blank,
narrative,"Incurred Losses and Loss Adjustment Expenses, Undiscounted, Net of Reinsurance (including impact of ADC)"
blank,
table_row,"Calendar Years Ended December 31, (in millions)"
blank,
table_row,AccidentYear201620172018201920202021202220232024Prior YearDevelopment
blank,
table_row,Unaudited
blank,
table_row,"2015$1,027$1,015$1,139$1,163$1,211$1,231$1,174$1,196$1,189 $(7)"
blank,
table_row,"20168981,1461,1621,1711,2741,2501,2631,2761,317 41 "
blank,
table_row,"20178561,0021,0971,1531,1571,2001,1821,228 46 "
blank,
table_row,2018648646721769769779779 — 
blank,
table_row,2019577583597612600604 4 
blank,
table_row,2020406413410420404 (16)
blank,
table_row,2021278277274358 84 
blank,
table_row,2022305305333 28 
blank,
table_row,2023345348 3 
blank,
table_row,2024315 
blank,
table_row,"Total$1,925 $3,017 $3,951 $4,654 $5,348 $5,695 $6,010 $6,377 $6,875 $183 "
blank,
table_row,"Cumulative Paid Losses and Allocated Loss Adjustment Expenses, Net of Reinsurance from the table below(4,153)"
blank,
table_row,"Liabilities for losses and allocated loss adjustment expenses and prior year development before 2015, net of reinsurance486 39 "
blank,
table_row,Unallocated loss adjustment expense prior year adjustment16 
blank,
table_row,"Liabilities for losses and loss adjustment expenses and prior year loss development, net of reinsurance$3,208 $238 "
blank,
footer,152
blank,
footer,AIG | 2024 Form 10-K
blank,
blank,
footer,ITEM 8 | Notes to Consolidated Financial Statements | 13. Insurance Liabilities
blank,
narrative,The following table provides our attribution of our reinsurance recoverable for the ADC only (included in the table above):
blank,
table_row,"Calendar Years Ended December 31, (in millions)"
blank,
table_row,AccidentYear201620172018201920202021202220232024Prior YearDevelopment
blank,
table_row,Unaudited
blank,
table_row,2015$(436)$(425)$(464)$(493)$(483)$(490)$(512)$(462)$(534)$(72)
blank,
table_row,2016— — — — — — — — — — 
blank,
table_row,2017— — — — — — — — — — 
blank,
table_row,2018— — — — — — — — — — 
blank,
table_row,2019— — — — — — — — — — 
blank,
table_row,2020— — — — — — — — — — 
blank,
table_row,2021— — — — — — — — — — 
blank,
table_row,2022— — — — — — — — — — 
blank,
table_row,2023— — — — — — — — — — 
blank,
table_row,2024— — — — — — — — — — 
blank,
table_row,Total$(436)$(425)$(464)$(493)$(483)$(490)$(512)$(462)$(534)$(72)
blank,
table_row,"Cumulative Paid Losses and Allocated Loss Adjustment Expenses, Net of Reinsurance from the table below197 "
blank,
table_row,"Liabilities for losses and allocated loss adjustment expenses and prior year development before 2015, net of reinsurance(1,618)(178)"
blank,
table_row,Unallocated loss adjustment expense prior year development(57)
blank,
table_row,"Liabilities for losses and loss adjustment expenses and prior year loss development, net of reinsurance$(1,955)$(307)"
blank,
narrative,"Cumulative Paid Losses and Allocated Loss Adjustment Expenses, Net of Reinsurance"
blank,
table_row,"Years Ended December 31, (in millions)"
blank,
table_row,Paid Impact
blank,
table_row,of ADC
blank,
table_row,Accident Year2015201620172018201920202021202220232024
blank,
table_row,Unaudited
blank,
table_row,"2015$9 $210 $391 $718 $935 $1,061 $1,124 $1,253 $1,291 $1,325 $(197)"
blank,
table_row,201628 80 204 388 502 566 670 798 851 — 
blank,
table_row,20171 45 156 505 585 676 781 860 — 
blank,
table_row,20181 125 227 315 414 494 527 — 
blank,
table_row,20197 43 79 157 216 253 — 
blank,
table_row,20204 15 33 128 188 — 
blank,
table_row,20214 43 62 161 — 
blank,
table_row,202214 51 96 — 
blank,
table_row,20231 89 — 
blank,
table_row,2024— — 
blank,
table_row,"Total$4,350 $(197)"
blank,
footer,AIG | 2024 Form 10-K
blank,
footer,153
blank,
blank,
footer,ITEM 8 | Notes to Consolidated Financial Statements | 13. Insurance Liabilities
blank,
narrative,U.S. Other Casualty
blank,
narrative,"U.S. Other Casualty includes general liability, automobile liability, environmental, medical malpractice, and other casualty lines of business. These lines of business are all long-tail in nature and while somewhat diverse in terms of exposures, these lines are often subject to similar trends. These lines are often significantly impacted by the underwriting cycle and external judicial trends. Many of our policies contain risk-sharing features, including high deductibles, self-insured retentions or retrospective rating features, in addition to a traditional insurance component. These risk-sharing programs generally are large and complex, comprising multiple products, years and structures, and are subject to amendment over time."
blank,
narrative,"Incurred Losses and Allocated Loss Adjustment Expenses, Undiscounted and Net of Reinsurance"
blank,
table_row,"Years Ended December 31, (in millions)"
blank,
table_row,"December 31, 2024"
blank,
table_row,AccidentYear20152016201720182019202020212022202320242024Prior YearDevelopmentExcludingthe Impactof ADCTotal of IBNRLiabilitiesPlus ExpectedDevelopmenton ReportedLossesCumulativeNumber ofReportedClaimsIncurredImpactof ADCIBNRImpactof ADC2024(Net ofImpactof ADC)Total ofIBNRLiabilitiesNet of Impactof ADC
blank,
table_row,Unaudited
blank,
table_row,"2015$1,329 $1,762 $1,829 $1,736 $1,794 $1,834 $1,824 $1,815 $1,796 $1,770 $(26)$6 35,881 $(273)$(3)$1,497 $3 "
blank,
table_row,"20161,339 1,343 1,321 1,391 1,340 1,323 1,293 1,297 1,264 (33)69 29,391 — — 1,264 69 "
blank,
table_row,"2017602 629 738 674 668 643 654 662 8 14 21,382 — — 662 14 "
blank,
table_row,"2018802 845 837 870 824 810 841 31 154 17,096 — — 841 154 "
blank,
table_row,"20191,059 1,058 1,053 1,062 1,039 1,024 (15)469 21,383 — — 1,024 469 "
blank,
table_row,"2020524 576 538 540 519 (21)223 11,622 — — 519 223 "
blank,
table_row,"2021795 793 790 818 28 470 11,249 — — 818 470 "
blank,
table_row,"2022793 819 827 8 530 13,636 — — 827 530 "
blank,
table_row,"2023933 955 22 781 13,687 — — 955 781 "
blank,
table_row,"2024840 754 9,070 — — 840 754 "
blank,
table_row,"Total$9,520 $2 $(273)$9,247 "
blank,
table_row,"Cumulative Paid Losses and Allocated Loss Adjustment Expenses, Net of Reinsurance from the table below(5,435)— 194 (5,241)"
blank,
table_row,"Liabilities for losses and loss adjustment expenses and prior year development before accident year 2015, net of reinsurance1,300 (14)(919)381 "
blank,
table_row,Unallocated loss adjustment expense prior year development24 
blank,
table_row,"Liabilities for losses and loss adjustment expenses and prior year loss development, net of reinsurance$5,385 $12 $(998)$4,387 "
blank,
narrative,"Incurred Losses and Loss Adjustment Expenses, Undiscounted, Net of Reinsurance (including impact of ADC)"
blank,
table_row,"Calendar Years Ended December 31, (in millions)"
blank,
table_row,AccidentYear201620172018201920202021202220232024Prior YearDevelopment
blank,
table_row,Unaudited
blank,
table_row,"2015$1,361$1,373$1,423$1,493$1,553$1,562$1,563$1,514$1,497 $(17)"
blank,
table_row,"20161,3391,3431,3211,3911,3401,3231,2931,2971,264 (33)"
blank,
table_row,2017602629738674668643654662 8 
blank,
table_row,2018802845837870824810841 31 
blank,
table_row,"20191,0591,0581,0531,0621,0391,024 (15)"
blank,
table_row,2020524576538540519 (21)
blank,
table_row,2021795793790818 28 
blank,
table_row,2022793819827 8 
blank,
table_row,2023933955 22 
blank,
table_row,2024840 
blank,
table_row,"Total$2,700 $3,318 $4,175 $5,526 $5,986 $6,847 $7,509 $8,396 $9,247 $11 "
blank,
table_row,"Cumulative Paid Losses and Allocated Loss Adjustment Expenses, Net of Reinsurance from the table below(5,241)"
blank,
table_row,"Liabilities for losses and allocated loss adjustment expenses and prior year development before 2015, net of reinsurance381 37 "
blank,
table_row,Unallocated loss adjustment expense prior year adjustment(4)
blank,
table_row,"Liabilities for losses and loss adjustment expenses and prior year loss development, net of reinsurance$4,387 $44 "
blank,
footer,154
blank,
footer,AIG | 2024 Form 10-K
blank,
blank,
footer,ITEM 8 | Notes to Consolidated Financial Statements | 13. Insurance Liabilities
blank,
narrative,The following table provides our attribution of our reinsurance recoverable for the ADC only (included in the table above):
blank,
table_row,"Calendar Years Ended December 31, (in millions)"
blank,
table_row,AccidentYear201620172018201920202021202220232024Prior YearDevelopment
blank,
table_row,Unaudited
blank,
table_row,2015$(401)$(456)$(313)$(301)$(281)$(262)$(252)$(282)$(273)$9 
blank,
table_row,2016— — — — — — — — — — 
blank,
table_row,2017— — — — — — — — — — 
blank,
table_row,2018— — — — — — — — — — 
blank,
table_row,2019— — — — — — — — — — 
blank,
table_row,2020— — — — — — — — — — 
blank,
table_row,2021— — — — — — — — — — 
blank,
table_row,2022— — — — — — — — — — 
blank,
table_row,2023— — — — — — — — — — 
blank,
table_row,2024— — — — — — — — — — 
blank,
table_row,Total$(401)$(456)$(313)$(301)$(281)$(262)$(252)$(282)$(273)$9 
blank,
table_row,"Cumulative Paid Losses and Allocated Loss Adjustment Expenses, Net of Reinsurance from the table below194 "
blank,
table_row,"Liabilities for losses and allocated loss adjustment expenses and prior year development before 2015, net of reinsurance(919)51 "
blank,
table_row,Unallocated loss adjustment expense prior year development(28)
blank,
table_row,"Liabilities for losses and loss adjustment expenses and prior year loss development, net of reinsurance$(998)$32 "
blank,
narrative,"Cumulative Paid Losses and Allocated Loss Adjustment Expenses, Net of Reinsurance"
blank,
table_row,"Years Ended December 31, (in millions)"
blank,
table_row,Paid Impact
blank,
table_row,of ADC
blank,
table_row,Accident Year2015201620172018201920202021202220232024
blank,
table_row,Unaudited
blank,
table_row,"2015$105 $309 $769 $1,087 $1,351 $1,485 $1,603 $1,680 $1,707 $1,717 $(194)"
blank,
table_row,"201677 298 489 703 846 938 1,018 1,074 1,144 — "
blank,
table_row,201751 111 216 314 455 527 592 613 — 
blank,
table_row,201843 122 227 360 470 565 636 — 
blank,
table_row,201953 138 226 321 410 474 — 
blank,
table_row,202026 73 139 198 252 — 
blank,
table_row,202132 87 169 265 — 
blank,
table_row,202238 112 195 — 
blank,
table_row,202336 102 — 
blank,
table_row,202437 — 
blank,
table_row,"Total$5,435 $(194)"
blank,
footer,AIG | 2024 Form 10-K
blank,
footer,155
blank,
blank,
footer,ITEM 8 | Notes to Consolidated Financial Statements | 13. Insurance Liabilities
blank,
narrative,U.S. Financial Lines
blank,
narrative,"U.S. Financial Lines business includes D&O, E&O, EPLI policies and various professional liability subsets of business, as well as the fidelity book of business. This includes cyber coverage and mergers and acquisitions coverage, which have been a growing and evolving portion of this portfolio. These product lines are predominantly claims-made in nature, losses are characterized by low frequency and high severity, and results are often significantly impacted by external economic conditions."
blank,
narrative,"Our analysis is segmented by major coverages, such as D&O, E&O, etc. and then further segmented by major industry groups (e.g. corporate accounts, national accounts, financial institutions, private/not-for-profit, etc.). We also separately review primary business from excess business for certain product lines."
blank,
narrative,"Incurred Losses and Allocated Loss Adjustment Expenses, Undiscounted and Net of Reinsurance"
blank,
narrative,"Years Ended December 31, (in millions)"
blank,
table_row,"December 31, 2024"
blank,
table_row,AccidentYear20152016201720182019202020212022202320242024Prior YearDevelopmentExcludingthe Impactof ADCTotal of IBNRLiabilitiesPlus ExpectedDevelopmenton ReportedLossesCumulativeNumber ofReportedClaimsIncurredImpactof ADCIBNRImpactof ADC2024(Net ofImpactof ADC)Total ofIBNRLiabilitiesNet of Impactof ADC
blank,
table_row,Unaudited
blank,
table_row,"2015$1,737 $1,762 $1,743 $1,788 $1,830 $1,874 $1,959 $2,044 $2,048 $2,039 $(9)$63 16,263 $(485)$(50)$1,554 $13 "
blank,
table_row,"20161,605 1,855 1,993 2,064 2,139 2,281 2,325 2,308 2,322 14 112 16,138 — — 2,322 112 "
blank,
table_row,"20171,564 1,675 1,756 1,846 1,898 1,987 1,957 1,969 12 121 15,287 — — 1,969 121 "
blank,
table_row,"20181,640 1,766 1,882 2,063 2,225 2,322 2,282 (40)354 14,857 — — 2,282 354 "
blank,
table_row,"20191,503 1,536 1,627 1,926 1,912 1,945 33 358 13,381 — — 1,945 358 "
blank,
table_row,"20201,213 1,252 1,408 1,457 1,470 13 260 10,461 — — 1,470 260 "
blank,
table_row,"20211,430 1,408 1,388 1,316 (72)700 7,226 — — 1,316 700 "
blank,
table_row,"20221,130 1,108 1,105 (3)857 5,939 — — 1,105 857 "
blank,
table_row,"20231,043 1,041 (2)800 6,997 — — 1,041 800 "
blank,
table_row,"2024942 851 7,258 — — 942 851 "
blank,
table_row,"Total$16,431 $(54)$(485)$15,946 "
blank,
table_row,"Cumulative Paid Losses and Allocated Loss Adjustment Expenses, Net of Reinsurance from the table below(10,922)— 367 (10,555)"
blank,
table_row,"Liabilities for losses and loss adjustment expenses and prior year development before accident year 2015, net of reinsurance427 92 (396)31 "
blank,
table_row,Unallocated loss adjustment expense prior year development13 
blank,
table_row,"Liabilities for losses and loss adjustment expenses and prior year loss development, net of reinsurance$5,936 $51 $(514)$5,422 "
blank,
narrative,"Incurred Losses and Loss Adjustment Expenses, Undiscounted, Net of Reinsurance (including impact of ADC)"
blank,
table_row,"Calendar Years Ended December 31, (in millions)"
blank,
table_row,AccidentYear201620172018201920202021202220232024Prior YearDevelopment
blank,
table_row,Unaudited
blank,
table_row,"2015$1,429$1,430$1,462$1,552$1,550$1,595$1,605$1,553$1,554 $1 "
blank,
table_row,"20161,6051,8551,9932,0642,1392,2812,3252,3082,322 14 "
blank,
table_row,"20171,5641,6751,7561,8461,8981,9871,9571,969 12 "
blank,
table_row,"20181,6401,7661,8822,0632,2252,3222,282 (40)"
blank,
table_row,"20191,5031,5361,6271,9261,9121,945 33 "
blank,
table_row,"20201,2131,2521,4081,4571,470 13 "
blank,
table_row,"20211,4301,4081,3881,316 (72)"
blank,
table_row,"20221,1301,1081,105 (3)"
blank,
table_row,"20231,0431,041 (2)"
blank,
table_row,2024942 
blank,
table_row,"Total$3,034 $4,849 $6,770 $8,641 $10,166 $12,146 $14,014 $15,048 $15,946 $(44)"
blank,
table_row,"Cumulative Paid Losses and Allocated Loss Adjustment Expenses, Net of Reinsurance from the table below(10,555)"
blank,
table_row,"Liabilities for losses and allocated loss adjustment expenses and prior year development before 2015, net of reinsurance31 4 "
blank,
table_row,Unallocated loss adjustment expense prior year adjustment— 
blank,
table_row,"Liabilities for losses and loss adjustment expenses and prior year loss development, net of reinsurance$5,422 $(40)"
blank,
footer,156
blank,
footer,AIG | 2024 Form 10-K
blank,
blank,
footer,ITEM 8 | Notes to Consolidated Financial Statements | 13. Insurance Liabilities
blank,
narrative,The following table provides our attribution of our reinsurance recoverable for the ADC only (included in the table above):
blank,
narrative,"Calendar Years Ended December 31, (in millions)"
blank,
table_row,AccidentYear201620172018201920202021202220232024Prior YearDevelopment
blank,
table_row,Unaudited
blank,
table_row,2015$(333)$(313)$(326)$(278)$(324)$(364)$(439)$(495)$(485)$10 
blank,
table_row,2016— — — — — — — — — — 
blank,
table_row,2017— — — — — — — — — — 
blank,
table_row,2018— — — — — — — — — — 
blank,
table_row,2019— — — — — — — — — — 
blank,
table_row,2020— — — — — — — — — — 
blank,
table_row,2021— — — — — — — — — — 
blank,
table_row,2022— — — — — — — — — — 
blank,
table_row,2023— — — — — — — — — — 
blank,
table_row,2024— — — — — — — — — — 
blank,
table_row,Total$(333)$(313)$(326)$(278)$(324)$(364)$(439)$(495)$(485)$10 
blank,
table_row,"Cumulative Paid Losses and Allocated Loss Adjustment Expenses, Net of Reinsurance from the table below367 "
blank,
table_row,"Liabilities for losses and allocated loss adjustment expenses and prior year development before 2015, net of reinsurance(396)(88)"
blank,
table_row,Unallocated loss adjustment expense prior year development(13)
blank,
table_row,"Liabilities for losses and loss adjustment expenses and prior year loss development, net of reinsurance$(514)$(91)"
blank,
narrative,"Cumulative Paid Losses and Allocated Loss Adjustment Expenses, Net of Reinsurance"
blank,
table_row,"Years Ended December 31, (in millions)"
blank,
table_row,Paid Impact
blank,
table_row,of ADC
blank,
table_row,Accident Year2015201620172018201920202021202220232024
blank,
table_row,Unaudited
blank,
table_row,"2015$63 $390 $791 $1,055 $1,282 $1,488 $1,686 $1,818 $1,914 $1,929 $(367)"
blank,
table_row,"201673 499 1,002 1,358 1,659 1,826 1,903 2,039 2,115 — "
blank,
table_row,"201764 391 761 1,118 1,396 1,515 1,653 1,777 — "
blank,
table_row,"201886 486 835 1,126 1,415 1,601 1,776 — "
blank,
table_row,"201994 367 642 953 1,204 1,423 — "
blank,
table_row,"202084 356 648 915 1,063 — "
blank,
table_row,202143 151 315 468 — 
blank,
table_row,202230 109 177 — 
blank,
table_row,202346 150 — 
blank,
table_row,202444 — 
blank,
table_row,"Total$10,922 $(367)"
blank,
footer,AIG | 2024 Form 10-K
blank,
footer,157
blank,
blank,
footer,ITEM 8 | Notes to Consolidated Financial Statements | 13. Insurance Liabilities
blank,
narrative,U.S. Property and Special Risks
blank,
narrative,"U.S. Property products include commercial, industrial and energy-related property insurance products and services that cover exposures to manmade and natural disasters, including business interruption. U.S. Special Risk products include aerospace, environmental, political risk, trade credit, surety and marine insurance, and program business for various small and medium sized enterprises insurance lines. The program segments include both property and casualty exposures. Recent years have seen an increasing proportion of non-admitted coverages which has altered the underlying customer profile to be less severe in the aggregate."
blank,
narrative,"Incurred Losses and Allocated Loss Adjustment Expenses, Undiscounted and Net of Reinsurance"
blank,
narrative,"Years Ended December 31, (in millions)"
blank,
table_row,"December 31, 2024"
blank,
table_row,AccidentYear20152016201720182019202020212022202320242024Prior YearDevelopmentExcludingthe Impactof ADCTotal of IBNRLiabilitiesPlus ExpectedDevelopmenton ReportedLossesCumulativeNumber ofReportedClaimsIncurredImpactof ADCIBNRImpactof ADC2024(Net ofImpactof ADC)Total ofIBNRLiabilitiesNet of Impactof ADC
blank,
table_row,Unaudited
blank,
table_row,"2015$2,567 $2,506 $2,489 $2,492 $2,466 $2,471 $2,479 $2,490 $2,493 $2,484 $(9)$4 59,598 $(97)$(3)$2,387 $1 "
blank,
table_row,"20162,674 2,748 2,690 2,697 2,707 2,694 2,700 2,713 2,727 14 8 54,893 — — 2,727 8 "
blank,
table_row,"20174,569 4,239 4,127 4,153 4,173 4,212 4,175 4,187 12 12 79,846 — — 4,187 12 "
blank,
table_row,"20182,978 2,993 2,992 3,229 3,201 3,210 3,204 (6)49 70,122 — — 3,204 49 "
blank,
table_row,"20192,177 2,146 2,211 2,222 2,177 2,198 21 34 78,995 — — 2,198 34 "
blank,
table_row,"20203,391 3,320 3,280 3,238 3,269 31 645 68,891 — — 3,269 645 "
blank,
table_row,"20212,339 2,213 2,160 2,190 30 122 82,226 — — 2,190 122 "
blank,
table_row,"20223,171 3,281 3,240 (41)504 86,499 — — 3,240 504 "
blank,
table_row,"20232,528 2,440 (88)431 99,114 — — 2,440 431 "
blank,
table_row,"20241,844 537 25,410 — — 1,844 537 "
blank,
table_row,"Total$27,783 $(36)$(97)$27,686 "
blank,
table_row,"Cumulative Paid Losses and Allocated Loss Adjustment Expenses, Net of Reinsurance from the table below(23,702)— 70 (23,632)"
blank,
table_row,"Liabilities for losses and loss adjustment expenses and prior year development before accident year 2015, net of reinsurance395 (8)(152)243 "
blank,
table_row,Unallocated loss adjustment expense prior year development— 
blank,
table_row,"Liabilities for losses and loss adjustment expenses and prior year loss development, net of reinsurance$4,476 $(44)$(179)$4,297 "
blank,
narrative,"Incurred Losses and Loss Adjustment Expenses, Undiscounted, Net of Reinsurance (including impact of ADC)"
blank,
table_row,"Calendar Years Ended December 31, (in millions)"
blank,
table_row,AccidentYear201620172018201920202021202220232024Prior YearDevelopment
blank,
table_row,Unaudited
blank,
table_row,"2015$2,365$2,391$2,405$2,372$2,372$2,372$2,375$2,393$2,387 $(6)"
blank,
table_row,"20162,6742,7482,6902,6972,7072,6942,7002,7132,727 14 "
blank,
table_row,"20174,5694,2394,1274,1534,1734,2124,1754,187 12 "
blank,
table_row,"20182,9782,9932,9923,2293,2013,2103,204 (6)"
blank,
table_row,"20192,1772,1462,2112,2222,1772,198 21 "
blank,
table_row,"20203,3913,3203,2803,2383,269 31 "
blank,
table_row,"20212,3392,2132,1602,190 30 "
blank,
table_row,"20223,1713,2813,240 (41)"
blank,
table_row,"20232,5282,440 (88)"
blank,
table_row,"20241,844 "
blank,
table_row,"Total$5,039 $9,708 $12,312 $14,366 $17,761 $20,338 $23,374 $25,875 $27,686 $(33)"
blank,
table_row,"Cumulative Paid Losses and Allocated Loss Adjustment Expenses, Net of Reinsurance from the table below(23,632)"
blank,
table_row,"Liabilities for losses and allocated loss adjustment expenses and prior year development before 2015, net of reinsurance243 38 "
blank,
table_row,Unallocated loss adjustment expense prior year adjustment(1)
blank,
table_row,"Liabilities for losses and loss adjustment expenses and prior year loss development, net of reinsurance$4,297 $4 "
blank,
footer,158
blank,
footer,AIG | 2024 Form 10-K
blank,
blank,
footer,ITEM 8 | Notes to Consolidated Financial Statements | 13. Insurance Liabilities
blank,
narrative,The following table provides our attribution of our reinsurance recoverable for the ADC only (included in the table above):
blank,
table_row,"Calendar Years Ended December 31, (in millions)"
blank,
table_row,AccidentYear201620172018201920202021202220232024Prior YearDevelopment
blank,
table_row,Unaudited
blank,
table_row,2015$(141)$(98)$(87)$(94)$(99)$(107)$(115)$(100)$(97)$3 
blank,
table_row,2016— — — — — — — — — — 
blank,
table_row,2017— — — — — — — — — — 
blank,
table_row,2018— — — — — — — — — — 
blank,
table_row,2019— — — — — — — — — — 
blank,
table_row,2020— — — — — — — — — — 
blank,
table_row,2021— — — — — — — — — — 
blank,
table_row,2022— — — — — — — — — — 
blank,
table_row,2023— — — — — — — — — — 
blank,
table_row,2024— — — — — — — — — — 
blank,
table_row,Total$(141)$(98)$(87)$(94)$(99)$(107)$(115)$(100)$(97)$3 
blank,
table_row,"Cumulative Paid Losses and Allocated Loss Adjustment Expenses, Net of Reinsurance from the table below70 "
blank,
table_row,"Liabilities for losses and allocated loss adjustment expenses and prior year development before 2015, net of reinsurance(152)46 "
blank,
table_row,Unallocated loss adjustment expense prior year development(1)
blank,
table_row,"Liabilities for losses and loss adjustment expenses and prior year loss development, net of reinsurance$(179)$48 "
blank,
narrative,"Cumulative Paid Losses and Allocated Loss Adjustment Expenses, Net of Reinsurance"
blank,
table_row,"Years Ended December 31, (in millions)"
blank,
table_row,Paid Impact
blank,
table_row,of ADC
blank,
table_row,Accident Year2015201620172018201920202021202220232024
blank,
table_row,Unaudited
blank,
table_row,"2015$844 $1,572 $1,878 $2,121 $2,240 $2,308 $2,344 $2,391 $2,457 $2,462 $(70)"
blank,
table_row,"2016821 1,747 2,076 2,296 2,464 2,539 2,616 2,647 2,679 — "
blank,
table_row,"20171,137 2,625 3,281 3,638 3,897 3,999 4,055 4,129 — "
blank,
table_row,"2018977 2,162 2,509 2,715 2,863 2,994 3,094 — "
blank,
table_row,"20191,039 1,673 1,906 2,037 2,083 2,124 — "
blank,
table_row,"2020844 1,613 1,874 2,190 2,414 — "
blank,
table_row,"2021878 1,743 1,983 2,004 — "
blank,
table_row,"20221,208 2,207 2,437 — "
blank,
table_row,"20231,173 1,692 — "
blank,
table_row,2024667 — 
blank,
table_row,"Total$23,702 $(70)"
blank,
footer,AIG | 2024 Form 10-K
blank,
footer,159
blank,
blank,
footer,ITEM 8 | Notes to Consolidated Financial Statements | 13. Insurance Liabilities
blank,
narrative,U.S. Personal Insurance
blank,
narrative,"U.S. Personal Insurance consists of accident and health and personal lines. Accident and health products include voluntary and sponsor-paid personal accident and supplemental health products for individuals, employees, associations and other organizations as well as a broad range of travel insurance products and services for leisure and business travelers. Personal lines include automobile and homeowners’ insurance, extended warranty, and consumer specialty products, such as identity theft and credit card protection. Personal lines also provides insurance for high net worth individuals offered through AIG Private Client Group, including auto, homeowners, umbrella, yacht, fine art and collections insurance. Personal lines are generally short-tail in nature and can reflect significant salvage and subrogation recoveries."
blank,
narrative,"Incurred Losses and Allocated Loss Adjustment Expenses, Undiscounted and Net of Reinsurance"
blank,
narrative,"Years Ended December 31, (in millions)"
blank,
table_row,"December 31, 2024"
blank,
table_row,AccidentYear20152016201720182019202020212022202320242024Prior YearDevelopmentExcludingthe Impactof ADCTotal of IBNRLiabilitiesPlus ExpectedDevelopmenton ReportedLossesCumulativeNumber ofReportedClaimsIncurredImpactof ADCIBNRImpactof ADC2024(Net ofImpactof ADC)Total ofIBNRLiabilitiesNet of Impactof ADC
blank,
table_row,Unaudited
blank,
table_row,"2015$1,511 $1,498 $1,494 $1,483 $1,482 $1,485 $1,487 $1,488 $1,487 $1,488 $1 $12 261,309 $(9)$— $1,479 $12 "
blank,
table_row,"20161,536 1,533 1,533 1,540 1,542 1,544 1,544 1,541 1,541 — 16 247,696 — — 1,541 16 "
blank,
table_row,"20171,878 2,137 2,011 2,057 1,924 1,916 1,896 1,899 3 15 220,270 — — 1,899 15 "
blank,
table_row,"20182,188 2,193 2,154 1,937 1,936 1,920 1,927 7 37 102,483 — — 1,927 37 "
blank,
table_row,"20191,593 1,664 1,646 1,596 1,578 1,569 (9)44 93,909 — — 1,569 44 "
blank,
table_row,"2020954 906 913 894 890 (4)33 55,713 — — 890 33 "
blank,
table_row,"2021748 765 762 752 (10)73 57,288 — — 752 73 "
blank,
table_row,"2022517 529 525 (4)100 55,394 — — 525 100 "
blank,
table_row,"2023677 668 (9)122 47,201 — — 668 122 "
blank,
table_row,"2024604 294 29,007 — — 604 294 "
blank,
table_row,"Total$11,863 $(25)$(9)$11,854 "
blank,
table_row,"Cumulative Paid Losses and Allocated Loss Adjustment Expenses, Net of Reinsurance from the table below(10,979)— 9 (10,970)"
blank,
table_row,"Liabilities for losses and loss adjustment expenses and prior year development before accident year 2015, net of reinsurance(48)3 — (48)"
blank,
table_row,Unallocated loss adjustment expense prior year development(1)
blank,
table_row,"Liabilities for losses and loss adjustment expenses and prior year loss development, net of reinsurance$836 $(23)$— $836 "
blank,
narrative,"Incurred Losses and Loss Adjustment Expenses, Undiscounted, Net of Reinsurance (including impact of ADC)"
blank,
narrative,"Calendar Years Ended December 31, (in millions)"
blank,
table_row,AccidentYear201620172018201920202021202220232024Prior YearDevelopment
blank,
table_row,Unaudited
blank,
table_row,"2015$1,476$1,475$1,472$1,476$1,480$1,482$1,481$1,479$1,479 $— "
blank,
table_row,"20161,5361,5331,5331,5401,5421,5441,5441,5411,541 — "
blank,
table_row,"20171,8782,1372,0112,0571,9241,9161,8961,899 3 "
blank,
table_row,"20182,1882,1932,1541,9371,9361,9201,927 7 "
blank,
table_row,"20191,5931,6641,6461,5961,5781,569 (9)"
blank,
table_row,2020954906913894890 (4)
blank,
table_row,2021748765762752 (10)
blank,
table_row,2022517529525 (4)
blank,
table_row,2023677668 (9)
blank,
table_row,2024604 
blank,
table_row,"Total$3,012 $4,886 $7,330 $8,813 $9,851 $10,187 $10,668 $11,276 $11,854 $(26)"
blank,
table_row,"Cumulative Paid Losses and Allocated Loss Adjustment Expenses, Net of Reinsurance from the table below(10,970)"
blank,
table_row,"Liabilities for losses and allocated loss adjustment expenses and prior year development before 2015, net of reinsurance(48)2 "
blank,
table_row,Unallocated loss adjustment expense prior year adjustment(1)
blank,
table_row,"Liabilities for losses and loss adjustment expenses and prior year loss development, net of reinsurance$836 $(25)"
blank,
footer,160
blank,
footer,AIG | 2024 Form 10-K
blank,
blank,
footer,ITEM 8 | Notes to Consolidated Financial Statements | 13. Insurance Liabilities
blank,
narrative,The following table provides our attribution of our reinsurance recoverable for the ADC only (included in the table above):
blank,
narrative,"Calendar Years Ended December 31, (in millions)"
blank,
table_row,AccidentYear201620172018201920202021202220232024Prior YearDevelopment
blank,
table_row,Unaudited
blank,
table_row,2015$(22)$(19)$(11)$(6)$(5)$(5)$(7)$(8)$(9)$(1)
blank,
table_row,2016— — — — — — — — — — 
blank,
table_row,2017— — — — — — — — — — 
blank,
table_row,2018— — — — — — — — — — 
blank,
table_row,2019— — — — — — — — — — 
blank,
table_row,2020— — — — — — — — — — 
blank,
table_row,2021— — — — — — — — — — 
blank,
table_row,2022— — — — — — — — — — 
blank,
table_row,2023— — — — — — — — — — 
blank,
table_row,2024— — — — — — — — — — 
blank,
table_row,Total$(22)$(19)$(11)$(6)$(5)$(5)$(7)$(8)$(9)$(1)
blank,
table_row,"Cumulative Paid Losses and Allocated Loss Adjustment Expenses, Net of Reinsurance from the table below9 "
blank,
table_row,"Liabilities for losses and allocated loss adjustment expenses and prior year development before 2015, net of reinsurance— (1)"
blank,
table_row,Unallocated loss adjustment expense prior year development— 
blank,
table_row,"Liabilities for losses and loss adjustment expenses and prior year loss development, net of reinsurance$— $(2)"
blank,
narrative,"Cumulative Paid Losses and Allocated Loss Adjustment Expenses, Net of Reinsurance"
blank,
table_row,"Years Ended December 31, (in millions)"
blank,
table_row,Paid Impact
blank,
table_row,of ADC
blank,
table_row,Accident Year2015201620172018201920202021202220232024
blank,
table_row,Unaudited
blank,
table_row,"2015$931 $1,320 $1,411 $1,439 $1,455 $1,461 $1,463 $1,468 $1,471 $1,474 $(9)"
blank,
table_row,"2016857 1,344 1,422 1,460 1,501 1,512 1,518 1,521 1,521 — "
blank,
table_row,"2017941 1,672 1,896 1,789 1,826 1,852 1,861 1,878 — "
blank,
table_row,"20181,227 1,939 1,973 1,789 1,832 1,849 1,881 — "
blank,
table_row,"2019884 1,295 1,379 1,416 1,491 1,516 — "
blank,
table_row,2020667 679 725 824 846 — 
blank,
table_row,2021488 650 658 662 — 
blank,
table_row,2022372 401 406 — 
blank,
table_row,2023400 522 — 
blank,
table_row,2024273 — 
blank,
table_row,"Total$10,979 $(9)"
blank,
footer,AIG | 2024 Form 10-K
blank,
footer,161
blank,
blank,
footer,ITEM 8 | Notes to Consolidated Financial Statements | 13. Insurance Liabilities
blank,
narrative,UK/Europe Casualty and Financial Lines
blank,
narrative,"UK/Europe is our largest non-U.S. region for Liability and Financial Lines. UK/Europe Casualty and Financial Lines is composed of third-party coverages including general liability, auto liability, D&O, professional liability and various other coverages throughout both the UK and Continental Europe. These areas are all long-tail in nature and while somewhat diverse in terms of exposures, these lines are often subject to similar trends. These lines are impacted by the underwriting cycle and external judicial trends. The largest share of business is in the UK, but significant business is also written in other European countries such as Germany, France, and Italy."
blank,
narrative,"Incurred Losses and Allocated Loss Adjustment Expenses, Undiscounted and Net of Reinsurance*"
blank,
narrative,"Years Ended December 31, (in millions)"
blank,
table_row,"December 31, 2024"
blank,
table_row,Accident Year20152016201720182019202020212022202320242024Prior YearDevelopmentTotal of IBNRLiabilitiesPlus ExpectedDevelopment onReported LossesCumulativeNumber ofReportedClaims
blank,
table_row,Unaudited
blank,
table_row,"2015$1,043 $1,177 $1,166 $1,187 $1,265 $1,184 $1,191 $1,210 $1,221 $1,215 $(6)$63 113,532 "
blank,
table_row,"20161,251 1,342 1,421 1,426 1,539 1,536 1,548 1,547 1,618 71 143 142,423 "
blank,
table_row,"20171,282 1,221 1,151 1,263 1,323 1,311 1,351 1,398 47 171 149,728 "
blank,
table_row,"20181,286 1,316 1,416 1,455 1,554 1,596 1,686 90 229 151,718 "
blank,
table_row,"20191,189 1,204 1,276 1,291 1,282 1,307 25 210 142,854 "
blank,
table_row,"20201,163 1,215 1,161 1,154 1,114 (40)353 86,254 "
blank,
table_row,"20211,316 1,275 1,279 1,261 (18)566 77,499 "
blank,
table_row,"20221,243 1,203 1,197 (6)681 74,390 "
blank,
table_row,"20231,233 1,230 (3)803 69,733 "
blank,
table_row,"20241,240 1,052 60,687 "
blank,
table_row,"Total$13,266 $160 "
blank,
table_row,"Cumulative Paid Losses and Allocated Loss Adjustment Expenses, Net of Reinsurance from the table below(6,843)— "
blank,
table_row,"Liabilities for losses and loss adjustment expenses and prior year development before accident year 2015, net of reinsurance857 10 "
blank,
table_row,Unallocated loss adjustment expense prior year development— 
blank,
table_row,"Liabilities for losses and loss adjustment expenses and prior year loss development, net of reinsurance$7,280 $170 "
blank,
narrative,*The losses reported in the table are not covered by the ADC.
blank,
narrative,"Cumulative Paid Losses and Allocated Loss Adjustment Expenses, Net of Reinsurance*"
blank,
table_row,"Years Ended December 31, (in millions)"
blank,
table_row,Accident Year2015201620172018201920202021202220232024
blank,
table_row,Unaudited
blank,
table_row,"2015$69 $230 $416 $546 $656 $828 $914 $955 $1,004 $1,023 "
blank,
table_row,"2016115 363 563 746 896 1,022 1,127 1,214 1,253 "
blank,
table_row,"201793 269 428 578 724 862 924 1,025 "
blank,
table_row,"2018109 359 549 711 867 1,085 1,172 "
blank,
table_row,201995 297 458 632 728 842 
blank,
table_row,202057 218 351 484 572 
blank,
table_row,202149 224 331 434 
blank,
table_row,202255 177 282 
blank,
table_row,202335 183 
blank,
table_row,202457 
blank,
table_row,"Total$6,843 "
blank,
narrative,*The losses reported in the table are not covered by the ADC.
blank,
footer,162
blank,
footer,AIG | 2024 Form 10-K
blank,
blank,
footer,ITEM 8 | Notes to Consolidated Financial Statements | 13. Insurance Liabilities
blank,
narrative,UK/Europe Property and Special Risks
blank,
narrative,"UK/Europe Property products include commercial, industrial and energy-related property insurance products and services that cover exposures to manmade and natural disasters, including business interruption. UK/Europe Special Risk products include aerospace, environmental, political risk, trade credit, surety and marine insurance, and various small and medium sized enterprises insurance lines."
blank,
narrative,"Incurred Losses and Allocated Loss Adjustment Expenses, Undiscounted and Net of Reinsurance*"
blank,
narrative,"Years Ended December 31, (in millions)"
blank,
table_row,"December 31, 2024"
blank,
table_row,Accident Year20152016201720182019202020212022202320242024Prior YearDevelopmentTotal of IBNRLiabilitiesPlus ExpectedDevelopment onReported LossesCumulativeNumber ofReportedClaims
blank,
table_row,Unaudited
blank,
table_row,"2015$1,516 $1,472 $1,457 $1,431 $1,410 $1,400 $1,388 $1,421 $1,407 $1,399 $(8)$3 54,684 "
blank,
table_row,"20161,494 1,636 1,661 1,635 1,632 1,626 1,563 1,558 1,553 (5)17 57,353 "
blank,
table_row,"20171,609 1,598 1,576 1,582 1,567 1,533 1,533 1,535 2 15 53,528 "
blank,
table_row,"20181,547 1,514 1,493 1,481 1,429 1,427 1,422 (5)25 44,342 "
blank,
table_row,"20191,112 1,073 1,076 1,064 1,062 1,065 3 45 33,930 "
blank,
table_row,"20201,282 1,223 1,181 1,200 1,190 (10)94 26,280 "
blank,
table_row,"2021995 958 914 923 9 85 22,968 "
blank,
table_row,"20221,098 1,253 1,238 (15)95 24,972 "
blank,
table_row,"20231,034 1,038 4 179 23,267 "
blank,
table_row,"20241,081 542 17,451 "
blank,
table_row,"Total$12,444 $(25)"
blank,
table_row,"Cumulative Paid Losses and Allocated Loss Adjustment Expenses, Net of Reinsurance from the table below(10,174)— "
blank,
table_row,"Liabilities for losses and loss adjustment expenses and prior year development before accident year 2015, net of reinsurance85 (10)"
blank,
table_row,Unallocated loss adjustment expense prior year development— 
blank,
table_row,"Liabilities for losses and loss adjustment expenses and prior year loss development, net of reinsurance$2,355 $(35)"
blank,
narrative,*The losses reported in the table are not covered by the ADC.
blank,
narrative,"Cumulative Paid Losses and Allocated Loss Adjustment Expenses, Net of Reinsurance*"
blank,
narrative,"Years Ended December 31, (in millions)"
blank,
table_row,Accident Year2015201620172018201920202021202220232024
blank,
table_row,Unaudited
blank,
table_row,"2015$336 $895 $1,163 $1,263 $1,298 $1,321 $1,329 $1,331 $1,373 $1,377 "
blank,
table_row,"2016441 1,080 1,327 1,457 1,501 1,528 1,546 1,520 1,522 "
blank,
table_row,"2017345 916 1,193 1,333 1,388 1,426 1,439 1,446 "
blank,
table_row,"2018308 952 1,131 1,254 1,267 1,301 1,325 "
blank,
table_row,2019258 632 798 884 922 953 
blank,
table_row,"2020245 657 805 896 1,004 "
blank,
table_row,2021185 489 672 748 
blank,
table_row,"2022190 650 1,100 "
blank,
table_row,2023150 504 
blank,
table_row,2024195 
blank,
table_row,"Total$10,174 "
blank,
narrative,*The losses reported in the table are not covered by the ADC.
blank,
footer,AIG | 2024 Form 10-K
blank,
footer,163
blank,
blank,
footer,ITEM 8 | Notes to Consolidated Financial Statements | 13. Insurance Liabilities
blank,
narrative,UK/Europe and Japan Personal Insurance
blank,
narrative,"UK/Europe and Japan Personal Insurance lines consist of accident and health and personal lines. Accident and health products include voluntary and sponsor-paid personal accident and supplemental health products for individuals, employees, associations and other organizations as well as a broad range of travel insurance products and services for leisure and business travelers. Personal lines include automobile and homeowners’ insurance, extended warranty, and consumer specialty products, such as identity theft and credit card protection. Personal lines are generally short-tail in nature."
blank,
narrative,"Incurred Losses and Allocated Loss Adjustment Expenses, Undiscounted and Net of Reinsurance*"
blank,
table_row,"Years Ended December 31, (in millions)"
blank,
table_row,"December 31, 2024"
blank,
table_row,Accident Year20152016201720182019202020212022202320242024Prior YearDevelopmentTotal of IBNRLiabilitiesPlus ExpectedDevelopment onReported LossesCumulativeNumber ofReportedClaims
blank,
table_row,Unaudited
blank,
table_row,"2015$2,153 $2,134 $2,135 $2,127 $2,126 $2,126 $2,126 $2,123 $2,127 $2,128 $1 $2 1,777,959 "
blank,
table_row,"20162,113 2,112 2,099 2,094 2,092 2,090 2,082 2,086 2,084 (2)3 1,795,415 "
blank,
table_row,"20172,070 1,995 1,982 1,978 1,995 1,960 1,990 1,989 (1)4 1,719,018 "
blank,
table_row,"20182,372 2,283 2,279 2,251 2,296 2,274 2,272 (2)1 1,917,173 "
blank,
table_row,"20191,915 1,871 1,834 1,853 1,825 1,827 2 (1)1,676,687 "
blank,
table_row,"20201,757 1,627 1,580 1,563 1,552 (11)5 1,392,905 "
blank,
table_row,"20211,626 1,554 1,555 1,555 — 13 1,394,112 "
blank,
table_row,"20221,710 1,752 1,716 (36)67 2,072,754 "
blank,
table_row,"20231,557 1,552 (5)101 1,435,789 "
blank,
table_row,"20241,416 177 1,260,923 "
blank,
table_row,"Total$18,091 $(54)"
blank,
table_row,"Cumulative Paid Losses and Allocated Loss Adjustment Expenses, Net of Reinsurance from the table below(16,861)— "
blank,
table_row,"Liabilities for losses and loss adjustment expenses and prior year development before accident year 2015, net of reinsurance39 7 "
blank,
table_row,Unallocated loss adjustment expense prior year development— 
blank,
table_row,"Liabilities for losses and loss adjustment expenses and prior year loss development, net of reinsurance$1,269 $(47)"
blank,
narrative,*The losses reported in the table are not covered by the ADC.
blank,
narrative,"Cumulative Paid Losses and Allocated Loss Adjustment Expenses, Net of Reinsurance*"
blank,
table_row,"Years Ended December 31, (in millions)"
blank,
table_row,Accident Year2015201620172018201920202021202220232024
blank,
table_row,Unaudited
blank,
table_row,"2015$1,155 $1,751 $1,927 $2,020 $2,055 $2,079 $2,096 $2,104 $2,112 $2,117 "
blank,
table_row,"20161,154 1,723 1,894 1,976 2,019 2,043 2,057 2,065 2,070 "
blank,
table_row,"20171,130 1,682 1,830 1,896 1,930 1,949 1,949 1,960 "
blank,
table_row,"20181,426 1,913 2,062 2,139 2,180 2,226 2,250 "
blank,
table_row,"20191,120 1,576 1,690 1,746 1,777 1,798 "
blank,
table_row,"2020937 1,350 1,446 1,485 1,513 "
blank,
table_row,"2021920 1,306 1,408 1,465 "
blank,
table_row,"20221,006 1,440 1,550 "
blank,
table_row,"2023881 1,290 "
blank,
table_row,2024848 
blank,
table_row,"Total$16,861 "
blank,
narrative,*The losses reported in the table are not covered by the ADC.
blank,
narrative,Claims Payout Patterns
blank,
narrative,The following table presents the historical average annual percentage claims payout on an accident year basis at the same level of disaggregation as presented in the claims development table.
blank,
narrative,"Average Annual Percentage Payout of Incurred Losses by Age, Net of Reinsurance (Unaudited)"
blank,
table_row,Year1 2 3 4 5 6 7 8 9 10 
blank,
narrative,U.S. Workers' compensation11.9 %17.5 %11.0 %7.5 %4.5 %3.3 %2.7 %1.2 %1.4 %1.5 %
blank,
table_row,U.S. Excess casualty1.1 10.1 8.9 19.5 10.8 7.2 6.1 7.9 3.1 2.0 
blank,
table_row,U.S. Other casualty5.2 9.7 13.8 14.0 13.3 8.7 7.8 4.0 3.5 0.6 
blank,
table_row,U.S. Financial Lines3.9 14.0 16.0 15.0 12.3 8.5 6.9 6.2 4.0 0.7 
blank,
table_row,U.S. Property and Special Risks35.6 31.1 10.9 7.1 5.1 2.8 2.2 1.6 1.9 0.2 
blank,
table_row,U.S. Personal Insurance60.3 22.9 4.7 0.5 2.5 1.0 0.7 0.5 0.1 0.2 
blank,
table_row,UK/Europe Casualty and Financial Lines5.4 13.6 11.5 10.8 8.9 10.7 5.8 5.3 3.2 1.6 
blank,
table_row,UK/Europe Property and Special Risks20.9 37.5 18.7 8.2 3.7 2.2 1.1 (0.4)1.6 0.3 
blank,
table_row,UK/Europe and Japan Personal Insurance58.5 25.8 7.0 3.5 1.8 1.3 0.6 0.4 0.3 0.2 
blank,
footer,164
blank,
footer,AIG | 2024 Form 10-K
blank,
blank,
footer,ITEM 8 | Notes to Consolidated Financial Statements | 13. Insurance Liabilities
blank,
narrative,DISCOUNTING OF LOSS RESERVES
blank,
narrative,"At December 31, 2024 and 2023, the loss reserves reflect a net loss reserve discount of $1.2 billion and $1.2 billion, respectively, including tabular and non-tabular calculations based upon the following assumptions:"
blank,
narrative,"•The non-tabular workers’ compensation discount is calculated separately for companies domiciled in New York, Pennsylvania and Delaware, and follows the statutory regulations (prescribed or historically permitted) for each state."
blank,
narrative,"–For New York companies, the discount is based on a 5 percent interest rate and the companies’ own payout patterns."
blank,
narrative,"–The Pennsylvania and Delaware regulators have historically approved use of a consistent benchmark discount rate and spread (U.S. Treasury rate plus a liquidity premium) to all of our workers’ compensation reserves in our Pennsylvania domiciled and Delaware domiciled companies, as well as our use of updated payout patterns specific to our primary and excess workers compensation portfolios. Delaware stipulates that the maximum allowable rate is 4.5 percent. We have sought approval to apply a discount rate of 4.5 percent for National Union Fire Insurance Company of Pittsburgh, Pa. and Lexington Insurance Company. In 2020, the regulators also approved that the discount rate will be updated on an annual basis."
blank,
narrative,"•The tabular workers’ compensation discount is calculated based on the mortality rate used in the 2007 U.S. Life table and interest rates prescribed or permitted by each state (i.e. New York is based on 5 percent interest rate and Pennsylvania and Delaware are based on U.S. Treasury rate plus a liquidity premium). In the case that applying this tabular discount factor to our nominal reserves produces a tabular discount that is greater than the indemnity portion of our case reserves, the tabular discount is capped at our estimate of the indemnity portion of our cases reserves (45 percent)."
blank,
narrative,The discount for asbestos reserves has been fully accreted.
blank,
narrative,"At December 31, 2024 and 2023, the discount consists of $107 million and $294 million of tabular discount, respectively, and $1.1 billion and $939 million of non-tabular discount for workers’ compensation, respectively. During the years ended December 31, 2024, 2023 and 2022, the benefit / (charge) from changes in discount of $(226) million, $(195) million and $703 million, respectively, were recorded as part of Losses and loss adjustment expenses incurred in the Consolidated Statements of Income (Loss)."
blank,
narrative,The following table presents the components of the loss reserve discount discussed above:
blank,
table_row,"(in millions)December 31, 2024December 31, 2023"
blank,
table_row,"U.S. workers' compensation$2,111 $2,337 "
blank,
table_row,"Retroactive reinsurance(936)(1,104)"
blank,
table_row,Total reserve discount(a)(b)
blank,
table_row,"$1,175 $1,233 "
blank,
narrative,"(a)Excludes $184 million and $196 million of discount related to certain long-tail liabilities in the UK at December 31, 2024 and 2023, respectively."
blank,
narrative,"(b)Includes gross discount of $627 million and $687 million, which was 100 percent ceded to Fortitude Re at December 31, 2024 and 2023, respectively. "
blank,
narrative,The following table presents the net loss reserve discount benefit (charge):
blank,
narrative,"Years Ended December 31,"
blank,
table_row,(in millions)202420232022
blank,
table_row,Current accident year$128 $112 $98 
blank,
table_row,Accretion and other adjustments to prior year discount(303)(264)(239)
blank,
table_row,Effect of interest rate changes(51)(43)844 
blank,
table_row,Net reserve discount benefit (charge)(226)(195)703 
blank,
table_row,Change in discount on loss reserves ceded under retroactive reinsurance168 150 (301)
blank,
table_row,Net change in total reserve discount*$(58)$(45)$402 
blank,
narrative,"*Excludes $(12) million, $61 million and $19 million of discount related to certain long-tail liabilities in the UK for the years ended December 31, 2024, 2023 and 2022, respectively.  "
blank,
narrative,"During 2024, net change in total reserve discount was impacted by updates to future payouts, and despite increases in U.S. Treasury rates, the updated discount rate resulted in a decrease in the total reserve discount due to the implementation of a statutory cap."
blank,
narrative,"During 2023, net change in total reserve discount was impacted by updates to future payouts, along with a decrease in the discount rate due to an increase in U.S. Treasury rates being offset by a decrease in the discount spread."
blank,
narrative,"During 2022, effective interest rates increased due to an increase in the forward yield curve component of the discount rates reflecting an increase in U.S. Treasury rates along with changes in payout pattern assumptions."
blank,
narrative,Amortization of Deferred Gain on Retroactive Reinsurance
blank,
narrative,"Amortization of the deferred gain on retroactive reinsurance includes $322 million, $48 million and $189 million related to the adverse development reinsurance cover with NICO for the years ended December 31, 2024, 2023 and 2022, respectively."
blank,
footer,AIG | 2024 Form 10-K
blank,
footer,165
blank,
blank,
footer,ITEM 8 | Notes to Consolidated Financial Statements | 13. Insurance Liabilities
blank,
narrative,"Amounts recognized reflect the amortization of the initial deferred gain at inception, as amended for subsequent changes in the deferred gain due to changes in subject reserves."
blank,
narrative,FUTURE POLICY BENEFITS
blank,
narrative,"Future policy benefits primarily include reserves for traditional life and annuity payout contracts, which represent an estimate of the present value of future benefits less the present value of future net premiums. For traditional and limited pay long-duration products, benefit reserves are accrued and benefit expense is recognized using a net premium ratio methodology for each annual cohort of business. "
blank,
narrative,The following tables present the balances and changes in the liability for future policy benefits and a reconciliation of the net liability for future policy benefits to the liability for future policy benefits in the Consolidated Balance Sheets:
blank,
narrative,"Years Ended December 31,"
blank,
table_row,"(in millions, except for liability durations)20242023"
blank,
table_row,Present value of expected net premiums
blank,
table_row,"Balance, beginning of year$1,702 $1,929 "
blank,
table_row,Effect of changes in discount rate assumptions (AOCI)339 262 
blank,
table_row,"Beginning balance at original discount rate2,041 2,191 "
blank,
table_row,Effect of changes in cash flow assumptions12 (2)
blank,
table_row,Effect of actual variances from expected experience(12)(16)
blank,
table_row,"Adjusted beginning of year balance2,041 2,173 "
blank,
table_row,Issuances88 122 
blank,
table_row,Interest accrual39 43 
blank,
table_row,Net premium collected(254)(283)
blank,
table_row,Foreign exchange impact(165)(14)
blank,
table_row,"Ending balance at original discount rate1,749 2,041 "
blank,
table_row,Effect of changes in discount rate assumptions (AOCI)(203)(339)
blank,
table_row,"Balance, end of year$1,546 $1,702 "
blank,
table_row,Present value of expected future policy benefits
blank,
table_row,"Balance, beginning of year$2,149 $2,380 "
blank,
table_row,Effect of changes in discount rate assumptions (AOCI)441 362 
blank,
table_row,"Beginning balance at original discount rate2,590 2,742 "
blank,
table_row,Effect of changes in cash flow assumptions3 (13)
blank,
table_row,Effect of actual variances from expected experience(12)(18)
blank,
table_row,"Adjusted beginning of year balance2,581 2,711 "
blank,
table_row,Issuances93 130 
blank,
table_row,Interest accrual48 52 
blank,
table_row,Benefit payments(262)(276)
blank,
table_row,Foreign exchange impact(211)(27)
blank,
table_row,"Ending balance at original discount rate2,249 2,590 "
blank,
table_row,Effect of changes in discount rate assumptions (AOCI)(273)(441)
blank,
table_row,"Balance, end of year$1,976 $2,149 "
blank,
table_row,"Net liability for future policy benefits, end of year$430 $447 "
blank,
table_row,Deferred profit liability1 1 
blank,
table_row,Other reconciling items(a)
blank,
table_row,"886 1,019 "
blank,
table_row,"Future policy benefits1,317 1,467 "
blank,
table_row,Less: Reinsurance recoverable(726)(823)
blank,
table_row,Net liability for future policy benefits after reinsurance recoverable$591 $644 
blank,
table_row,Weighted average liability duration of the liability for future policy benefits(b)
blank,
table_row,9.19.3
blank,
narrative,"(a)Other reconciling items primarily include Global Accident & Health (short-duration) contracts and certain long-duration contracts that are 100 percent ceded of $691 million and $785 million at December 31, 2024 and 2023, respectively."
blank,
narrative,"(b)The weighted average liability durations are calculated as the modified duration using projected future net liability cash flows that are aggregated at the segment level, utilizing the segment level weighted average interest rates and current discount rate, which can be found in the table below.  "
blank,
footer,166
blank,
footer,AIG | 2024 Form 10-K
blank,
blank,
footer,ITEM 8 | Notes to Consolidated Financial Statements | 13. Insurance Liabilities
blank,
narrative,The following table presents the amount of undiscounted expected future benefit payments and undiscounted and discounted expected gross premiums for future policy benefits for nonparticipating contracts*:
blank,
narrative,"Years Ended December 31,"
blank,
table_row,(in millions)202420232022
blank,
table_row,"Undiscounted expected future benefits and expense$2,816 $3,194 $3,325 "
blank,
table_row,"Undiscounted expected future gross premiums3,911 4,403 4,558 "
blank,
narrative,"*Discounted expected future gross premiums (at current discount rate) for 2024 and 2023 were $2.8 billion and $3.0 billion, respectively."
blank,
narrative,The following table presents the amount of revenue and interest recognized in the Consolidated Statements of Income (Loss) for future policy benefits for nonparticipating contracts:
blank,
narrative,"Years Ended December 31,"
blank,
table_row,(in millions)202420232022
blank,
table_row,Gross premiums$409 $477 $487 
blank,
table_row,Interest accretion$9 $9 $8 
blank,
narrative,The following table presents the weighted-average interest rate for future policy benefits for nonparticipating contracts:
blank,
narrative,"Years Ended December 31,202420232022"
blank,
table_row,"Weighted-average interest rate, original discount rate1.83 %1.82 %1.77 %"
blank,
table_row,"Weighted-average interest rate, current discount rate3.22 %3.78 %3.21 %"
blank,
narrative,"The weighted average interest rates are calculated using projected future net liability cash flows that are aggregated to the segment level, and are represented as an annual rate.  "
blank,
narrative,14. Debt
blank,
narrative,"Our long-term debt is denominated in various currencies, with both fixed and variable interest rates. Long-term debt is carried at the principal amount borrowed, including unamortized discounts, hedge accounting valuation adjustments and fair value adjustments, when applicable."
blank,
narrative,"The following table lists our total debt outstanding at December 31, 2024 and 2023. The interest rates presented in the following table are the range of contractual rates in effect at December 31, 2024, including fixed and variable-rates:"
blank,
table_row,"At December 31, 2024Range ofInterest Rate(s)MaturityDate(s)Balance atDecember 31, 2024Balance atDecember 31, 2023"
blank,
table_row,(in millions)
blank,
table_row,General borrowings:
blank,
table_row,Notes and bonds payable1.58% - 6.82%
blank,
table_row,2025 - 2055
blank,
table_row,"$7,885 $9,079 "
blank,
table_row,Junior subordinated debt5.75% - 8.18%
blank,
table_row,2037 - 2058
blank,
table_row,602 992 
blank,
table_row,AIG Japan Holdings Kabushiki Kaisha0.27% - 0.73%
blank,
table_row,2025
blank,
table_row,239 267 
blank,
table_row,"Total general borrowings8,726 10,338 "
blank,
table_row,Borrowings supported by assets4.48% - 7.05%
blank,
table_row,2025 - 2046
blank,
table_row,37 37 
blank,
table_row,"Other subsidiaries' notes, bonds, loans and mortgages payable - not guaranteed by AIG9.96% - 10.46%"
blank,
table_row,2027 - 2028
blank,
table_row,1 — 
blank,
table_row,"Total long-term debt8,764 10,375 "
blank,
table_row,Debt of consolidated investment entities - not guaranteed by AIG*
blank,
table_row,4.15% - 4.48%
blank,
table_row,2026 - 2028
blank,
table_row,158 231 
blank,
table_row,"Total debt$8,922 $10,606 "
blank,
narrative,"*At December 31, 2024, includes debt of consolidated investment entities primarily related to real estate investments of $158 million. At December 31, 2023, includes debt of consolidated investment entities related to real estate investments of $79 million and other securitization vehicles of $152 million."
blank,
footer,AIG | 2024 Form 10-K
blank,
footer,167
blank,
blank,
footer,ITEM 8 | Notes to Consolidated Financial Statements | 14. Debt
blank,
narrative,"The following table presents maturities of long-term debt (including unamortized original issue discount, hedge accounting valuation adjustments and fair value adjustments, when applicable):"
blank,
table_row,"December 31, 2024Year Ending"
blank,
table_row,(in millions)Total20252026202720282029Thereafter
blank,
table_row,General borrowings:
blank,
table_row,Notes and bonds payable
blank,
table_row,"$7,885 $146 $265 $848 $830 $257 $5,539 "
blank,
table_row,Junior subordinated debt602 — — — — — 602 
blank,
table_row,AIG Japan Holdings Kabushiki Kaisha239 239 — — — — — 
blank,
table_row,"Total general borrowings8,726 385 265 848 830 257 6,141 "
blank,
table_row,Borrowings supported by assets37 12 7 — — — 18 
blank,
table_row,"Other subsidiaries notes, bonds, loans and mortgages payable1 1 — — — — — "
blank,
table_row,Total long-term debt*
blank,
table_row,"$8,764 $398 $272 $848 $830 $257 $6,159 "
blank,
narrative,"*Does not reflect $158 million of notes issued by consolidated investment entities, for which recourse is limited to the assets of the respective investment entities and for which there is no recourse to the general credit of AIG."
blank,
narrative,DEBT ISSUANCE
blank,
narrative,"In November 2024, AIG issued ¥77.1 billion aggregate principal amount of 1.580% Notes Due 2028, ¥10.3 billion aggregate principal amount of 1.757% Notes Due 2029 and ¥12.6 billion aggregate principal amount of 2.137% Notes Due 2034, which was equivalent to approximately $660 million at the time of the offering.  "
blank,
narrative,DEBT CASH TENDER OFFERS AND REDEMPTIONS
blank,
narrative,"In 2024, we repaid, redeemed and repurchased $2.0 billion aggregate principal amount of certain notes and debentures issued or guaranteed by AIG, for an aggregate purchase price of $2.1 billion, resulting in a total loss on extinguishment of debt of $14 million. This includes the following:"
blank,
narrative,"•Repayment of $459 million aggregate principal amount of our 4.125% Notes due February 15, 2024."
blank,
narrative,"•Redemption of €41.55 million aggregate principal amount of our Series A-3 Junior Subordinated Debentures, equivalent to approximately $46 million at the time of repayment."
blank,
narrative,"•Redemption of $400 million aggregate principal amount of our Zero Coupon Callable Notes Due 2047, for a purchase price of approximately $543 million."
blank,
narrative,"•Repurchased, through cash tender offers, approximately $1.13 billion aggregate principal amount of certain notes and debentures issued by AIG for an aggregate purchase price of approximately $1.14 billion.  "
blank,
narrative,CREDIT FACILITIES
blank,
narrative,"On September 27, 2024, AIG entered into the amended and restated credit agreement (Amended Credit Agreement) that amends and restates AIG's credit agreement, dated as of November 19, 2021, which provides for a syndicated, multicurrency revolving credit facility as a potential source of liquidity for general corporate purposes. The Amended Credit Agreement provides for a five-year total commitment of $3.0 billion, consisting of standby letters of credit and/or revolving credit borrowings. Under circumstances described in the Amended Credit Agreement, the aggregate commitments may be increased by up to $1.5 billion, for a total commitment of up to $4.5 billion. Under the Amended Credit Agreement, the applicable rate, commitment fee and letter of credit fee are determined by reference to the credit ratings of AIG’s senior long-term unsecured debt. The Amended Credit Agreement is scheduled to expire in September 2029. "
blank,
narrative,"As of December 31, 2024, there were no borrowings or letters of credit outstanding under the Amended Credit Agreement, so that a total of approximately $3.0 billion remains available under the Amended Credit Agreement.  "
blank,
footer,168
blank,
footer,AIG | 2024 Form 10-K
blank,
blank,
footer,"ITEM 8 | Notes to Consolidated Financial Statements | 15. Contingencies, Commitments and Guarantees"
blank,
narrative,"15. Contingencies, Commitments and Guarantees"
blank,
narrative,"In the normal course of business, we enter into various contingent liabilities and commitments. In addition, AIG Parent guarantees various obligations of certain subsidiaries."
blank,
narrative,"Although we cannot currently quantify our ultimate liability for unresolved litigation and investigation matters, including those referred to below, it is possible that such liability could have a material adverse effect on our consolidated financial condition or consolidated results of operations or consolidated cash flows for an individual reporting period."
blank,
narrative,LEGAL CONTINGENCIES
blank,
narrative,"In the normal course of business, we are subject to regulatory and government investigations and actions, and litigation and other forms of dispute resolution in a large number of proceedings pending in various domestic and foreign jurisdictions. Certain of these matters involve potentially significant risk of loss due to potential for significant jury awards and settlements, punitive damages or other penalties. Many of these matters are also highly complex and may seek recovery on behalf of a class or similarly large number of plaintiffs. It is therefore inherently difficult to predict the size or scope of potential future losses arising from these matters. In our insurance and reinsurance operations, litigation and arbitration concerning the scope of coverage under insurance and reinsurance contracts, and litigation and arbitration in which our subsidiaries defend or indemnify their insureds under insurance contracts, are generally considered in the establishment of our loss reserves. Separate and apart from the foregoing matters involving insurance and reinsurance coverage, AIG Parent, our subsidiaries and their respective officers and directors are subject to a variety of additional types of legal proceedings brought by holders of AIG securities, customers, employees and others, alleging, among other things, breach of contractual or fiduciary duties, bad faith, indemnification and violations of federal and state statutes and regulations. With respect to these other categories of matters not arising out of claims for insurance or reinsurance coverage, we establish reserves for loss contingencies when it is probable that a loss will be incurred and the amount of the loss can be reasonably estimated. In many instances, we are unable to determine whether a loss is probable or to reasonably estimate the amount of such a loss and, therefore, the potential future losses arising from legal proceedings may exceed the amount of liabilities that we have recorded in our financial statements covering these matters. While such potential future charges could be material, based on information currently known to management, management does not believe that any such charges are likely to have a material adverse effect on our financial position or results of operation."
blank,
narrative,"Additionally, from time to time, various regulatory and governmental agencies review our transactions and practices in connection with industry-wide and other inquiries or examinations into, among other matters, the business practices of current and former operating insurance subsidiaries. Such investigations, inquiries or examinations could develop into administrative, civil or criminal proceedings or enforcement actions, in which remedies could include fines, penalties, restitution or alterations in our business practices, and could result in additional expenses, limitations on certain business activities and reputational damage."
blank,
narrative,LEASE COMMITMENTS
blank,
narrative,"We lease office space and equipment in various locations across jurisdictions in which the Company operates. The majority of the resulting obligation arising from these contracts is generated by our real estate portfolio, which only includes contracts classified as operating leases. The lease liability and corresponding right of use asset reflected in Other liabilities and Other assets were $868 million and $696 million, respectively, at December 31, 2024, and $894 million and $744 million, respectively, at December 31, 2023. We made cash payments of $177 million and $179 million in 2024 and 2023, respectively, in connection with these leases. The liability includes non-lease components, such as property taxes and insurance for our gross leases. Some of these leases contain options to renew after a specified period of time at the prevailing market rate; however, renewal options that have not been exercised as of December 31, 2024 are excluded until management attains a reasonable level of certainty. Some leases also include termination options at specified times and term; however, termination options are not reflected in the lease asset and liability balances until they have been exercised."
blank,
narrative,"The weighted average discount rate and lease term assumptions used in determining the liability are 3.36 percent and 10.1 years, respectively. The primary assumption used to determine the discount rate is the cost of funding for the Company, which is based on the secured borrowing rate for terms similar to the lease term, and for the major financial markets in which AIG operates."
blank,
narrative,"Rent expense was $164 million, $162 million and $174 million for the years ended December 31, 2024, 2023 and 2022, respectively."
blank,
footer,AIG | 2024 Form 10-K
blank,
footer,169
blank,
blank,
footer,"ITEM 8 | Notes to Consolidated Financial Statements | 15. Contingencies, Commitments and Guarantees"
blank,
narrative,"The following table presents the future undiscounted cash flows under operating leases at December 31, 2024:"
blank,
table_row,(in millions)
blank,
table_row,2025$143
blank,
table_row,202695
blank,
table_row,202788
blank,
table_row,202876
blank,
table_row,202978
blank,
table_row,Remaining years after 2029578
blank,
table_row,"Total undiscounted lease payments1,058"
blank,
table_row,Less: Present value adjustment190
blank,
table_row,Net lease liabilities$868
blank,
narrative,OTHER COMMITMENTS
blank,
narrative,"In the normal course of business, we enter into commitments to invest in limited partnerships, private equity funds and hedge funds and to purchase and develop real estate in the U.S. and abroad. These commitments totaled $1.8 billion and $1.7 billion at December 31, 2024 and 2023, respectively."
blank,
narrative,GUARANTEES
blank,
narrative,Subsidiaries
blank,
narrative,"We have issued unconditional guarantees with respect to the prompt payment, when due, of all present and future payment obligations and liabilities of AIGFP and certain of its subsidiaries. We have also issued guarantees of all present and future payment obligations and liabilities of AIG Markets, Inc."
blank,
narrative,"Due to the deconsolidation of AIGFP and its subsidiaries, as of December 31, 2024, a $100 million guarantee related to the obligations of AIGFP and certain of its subsidiaries was recognized, and is reported in Other liabilities."
blank,
narrative,"We continue to guarantee certain policyholder contracts issued by Corebridge subsidiaries as well as certain debt issued by Corebridge Life Holdings, Inc. (CRBGLH). Pursuant to the Separation Agreement entered in by AIG and Corebridge on September 14, 2022, Corebridge must indemnify, defend and hold us harmless from and against any liability related to these guarantees. Also, under  a collateral agreement, in the event of: (i) a ratings downgrade of Corebridge or the guaranteed debt below specified levels or (ii) the failure by CRBGLH to pay principal and interest on the guaranteed debt when due, Corebridge must collateralize an amount equal to the sum of: (i) 100 percent of the principal amount outstanding, (ii) accrued and unpaid interest and (iii) 100 percent of the net present value of scheduled interest payments through the maturity dates of the debt."
blank,
narrative,Business and Asset Dispositions
blank,
narrative,"We are subject to financial guarantees and indemnity arrangements in connection with the completed sales of businesses and assets. The various arrangements may be triggered by, among other things, declines in asset values, the occurrence of specified business contingencies, the realization of contingent liabilities, developments in litigation or breaches of representations, warranties or covenants provided by us. These arrangements are typically subject to various time limitations, defined by the contract or by operation of law, such as statutes of limitation. In some cases, the maximum potential obligation is subject to contractual limitations, while in other cases such limitations are not specified or are not applicable. "
blank,
narrative,"We are unable to develop a reasonable estimate of the maximum potential payout under certain of these arrangements. Overall, we believe the likelihood that we will have to make any material payments related to completed sales under these arrangements is remote, and no material liabilities related to these arrangements have been recorded in the Consolidated Balance Sheets."
blank,
narrative,Other
blank,
narrative,"•For additional information on commitments and guarantees associated with VIEs, see Note 10. "
blank,
narrative,"•For additional information on derivatives, see Note 11. "
blank,
footer,170
blank,
footer,AIG | 2024 Form 10-K
blank,
blank,
footer,ITEM 8 | Notes to Consolidated Financial Statements | 16. Equity
blank,
narrative,16. Equity
blank,
narrative,SHARES OUTSTANDING
blank,
narrative,Preferred Stock
blank,
narrative,"On March 14, 2019, we issued 20,000 shares of Series A 5.85% Non-Cumulative Perpetual Preferred Stock (Series A Preferred Stock) (equivalent to 20,000,000 Depositary Shares (the Depositary Shares), each representing a 1/1,000th interest in a share of Series A Preferred Stock), $5.00 par value and $25,000 liquidation preference per share (equivalent to $25 per Depositary Share).  "
blank,
narrative,"On March 15, 2024, we redeemed all 20,000 outstanding shares of our Series A Preferred Stock and all 20,000,000 of the corresponding Depositary Shares, each representing a 1/1,000th interest in a share of Series A Preferred Stock, for a redemption price of $25,000 per share (equivalent to $25.00 per Depositary Share) for an aggregate redemption price of $500 million, paid in cash. The $15 million difference between the aggregate redemption price and the outstanding par and additional paid in capital amount of $485 million was recorded as a reduction of retained earnings and is presented on Dividends on preferred stock and preferred stock redemption premiums on the Consolidated Statements of Income.  "
blank,
narrative,Common Stock
blank,
narrative,The following table presents a rollforward of outstanding shares:
blank,
table_row,"Years Ended December 31,202420232022"
blank,
table_row,(in millions)CommonStock IssuedTreasuryStockCommon StockOutstandingCommonStock IssuedTreasuryStockCommon StockOutstandingCommonStock IssuedTreasuryStockCommon StockOutstanding
blank,
table_row,"Shares, beginning of year1,906.7 (1,217.9)688.8 1,906.7 (1,172.6)734.1 1,906.7 (1,088.0)818.7 "
blank,
table_row,Shares issued— 6.8 6.8 — 5.5 5.5 — 5.5 5.5 
blank,
table_row,Shares repurchased— (89.5)(89.5)— (50.8)(50.8)— (90.1)(90.1)
blank,
table_row,"Shares, end of year1,906.7 (1,300.6)606.1 1,906.7 (1,217.9)688.8 1,906.7 (1,172.6)734.1 "
blank,
narrative,Dividends
blank,
narrative,"Dividends are payable on AIG common stock, par value $2.50 per share (AIG Common Stock) only when, as and if declared by our Board of Directors in its discretion, from funds legally available for this purpose. In considering whether to pay a dividend on or purchase shares of AIG Common Stock, our Board of Directors considers a number of factors, including, but not limited to: the capital resources available to support our insurance operations and business strategies, AIG’s funding capacity and capital resources in comparison to internal benchmarks, expectations for capital generation, rating agency expectations for capital, regulatory standards for capital and capital distributions, and such other factors as our Board of Directors may deem relevant. "
blank,
narrative,Repurchase of AIG Common Stock
blank,
narrative,"Shares may be repurchased from time to time in the open market, private purchases, through forward, derivative, accelerated repurchase or automatic repurchase transactions or otherwise. Certain of our share repurchases have been and may from time to time be effected through the Securities Exchange Act of 1934, as amended (the Exchange Act) Rule 10b5-1 repurchase plans. On April 30, 2024, the Board of Directors authorized the repurchase of $10.0 billion of AIG Common Stock (inclusive of the approximately $3.9 billion remaining under the Board's prior share repurchase authorization). "
blank,
narrative,"The timing of any future repurchases will depend on market conditions, our business and strategic plans, financial condition, results of operations, liquidity and other factors. "
blank,
narrative,"Pursuant to an Exchange Act Rule 10b5-1 repurchase plan, from January 1, 2025 to February 7, 2025, we repurchased approximately 13 million shares of AIG Common Stock for an aggregate purchase price of approximately $952 million."
blank,
narrative,DIVIDENDS DECLARED
blank,
narrative,"On February 11, 2025, our Board of Directors declared a cash dividend on AIG Common Stock of $0.40 per share, payable on March 31, 2025 to shareholders of record on March 17, 2025. "
blank,
footer,AIG | 2024 Form 10-K
blank,
footer,171
blank,
blank,
footer,ITEM 8 | Notes to Consolidated Financial Statements | 16. Equity
blank,
narrative,ACCUMULATED OTHER COMPREHENSIVE INCOME (LOSS)
blank,
narrative,The following table presents a rollforward of Accumulated other comprehensive income (loss):
blank,
table_row,(in millions)UnrealizedAppreciation(Depreciation)of Fixed MaturitySecurities on WhichAllowance for CreditLosses Was TakenUnrealizedAppreciation(Depreciation)of All OtherInvestmentsChange in FairValue of MarketRisk BenefitsAttributable toChanges inOur Own Credit RiskChange in thediscount ratesused to measuretraditional andlimited paymentlong-durationinsurance contractsForeignCurrencyTranslationAdjustmentsRetirementPlanLiabilitiesAdjustmentFair Value ofLiabilitiesUnder FairValue OptionAttributable toChanges in OurOwn Credit RiskTotal
blank,
table_row,"Balance, January 1, 2022, net of tax$(48)$12,125 $(1,496)$(2,167)$(2,446)$(903)$6 $5,071 "
blank,
table_row,"Change in unrealized appreciation (depreciation) of investments(119)(47,647)— — — — — (47,766)"
blank,
table_row,Change in other— (12)— — — — — (12)
blank,
table_row,"Change in fair value of market risk benefits, net— — 1,635 — — — — 1,635 "
blank,
table_row,"Change in discount rates— — — 6,993 — — — 6,993 "
blank,
table_row,"Change in future policy benefits— 1,805 — — — — — 1,805 "
blank,
table_row,Change in foreign currency translation adjustments— — — — (593)— — (593)
blank,
table_row,Change in net actuarial loss— — — — — (31)— (31)
blank,
table_row,Change in prior service cost— — — — — 8 — 8 
blank,
table_row,"Change in deferred tax asset (liability)25 7,446 (341)(1,449)(20)3 — 5,664 "
blank,
table_row,Change in fair value of liabilities under fair value option attributable to changes in own credit risk— — — — — — (6)(6)
blank,
table_row,"Total other comprehensive loss(94)(38,408)1,294 5,544 (613)(20)(6)(32,303)"
blank,
table_row,"Add: Corebridge noncontrolling interests— 2,485 11 (393)14 (1)— 2,116 "
blank,
table_row,"Less: Noncontrolling interests(6)(3,123)93 525 11 — — (2,500)"
blank,
table_row,"Balance, December 31, 2022, net of tax$(136)$(20,675)$(284)$2,459 $(3,056)$(924)$— $(22,616)"
blank,
table_row,"Change in unrealized appreciation (depreciation) of investments*30 8,410 — — — — — 8,440 "
blank,
table_row,Change in other(10)52 — — — — — 42 
blank,
table_row,"Change in fair value of market risk benefits, net— — (695)— — — — (695)"
blank,
table_row,"Change in discount rates— — — (1,045)— — — (1,045)"
blank,
table_row,Change in future policy benefits— (254)— — — — — (254)
blank,
table_row,Change in foreign currency translation adjustments— — — — 137 — — 137 
blank,
table_row,Change in net actuarial loss— — — — — 143 — 143 
blank,
table_row,Change in prior service cost— — — — — 4 — 4 
blank,
table_row,"Change in deferred tax asset (liability)(6)(1,074)151 174 (35)(42)— (832)"
blank,
table_row,"Total other comprehensive income14 7,134 (544)(871)102 105 — 5,940 "
blank,
table_row,"Add: Corebridge noncontrolling interests13 4,524 153 (732)(18)(2)— 3,938 "
blank,
table_row,"Less: Noncontrolling interests(3)1,871 (199)(377)7 — — 1,299 "
blank,
table_row,"Balance, December 31, 2023, net of tax$(106)$(10,888)$(476)$1,233 $(2,979)$(821)$— $(14,037)"
blank,
table_row,Change in unrealized appreciation (depreciation) of investments*
blank,
table_row,"95 (1,551)— — — — — (1,456)"
blank,
table_row,Change in other— 18 — — — — — 18 
blank,
table_row,"Change in fair value of market risk benefits, net— — 130 — — — — 130 "
blank,
table_row,Change in discount rates— — — 946 — — — 946 
blank,
table_row,Change in future policy benefits— (59)— — — — — (59)
blank,
table_row,Change in foreign currency translation adjustments— — — — (407)— — (407)
blank,
table_row,Change in net actuarial loss— — — — — 63 — 63 
blank,
table_row,Change in prior service cost— — — — — 2 — 2 
blank,
table_row,Change in deferred tax asset (liability)(20)(70)(28)(165)(45)(18)— (346)
blank,
table_row,"Corebridge deconsolidation, net of tax42 8,513 330 (1,583)(88)— — 7,214 "
blank,
table_row,"Total other comprehensive income (loss)117 6,851 432 (802)(540)47 — 6,105 "
blank,
table_row,Add: Corebridge noncontrolling interests2 610 33 (105)(3)— — 537 
blank,
table_row,Less: Noncontrolling interests17 (559)(11)258 (1)— — (296)
blank,
table_row,"Balance, December 31, 2024, net of tax$(4)$(2,868)$— $68 $(3,521)$(774)$— $(7,099)"
blank,
narrative,"*Includes net unrealized gains and losses attributable to businesses held for sale or reclassified to discontinued operations at December 31, 2024 and 2023.  "
blank,
footer,172
blank,
footer,AIG | 2024 Form 10-K
blank,
blank,
footer,ITEM 8 | Notes to Consolidated Financial Statements | 16. Equity
blank,
narrative,"The following table presents the other comprehensive income (loss) reclassification adjustments for the years ended December 31, 2024, 2023 and 2022, respectively:"
blank,
table_row,(in millions)UnrealizedAppreciation(Depreciation)of Fixed MaturitySecurities on WhichAllowance for CreditLosses Was TakenUnrealizedAppreciation(Depreciation)of All OtherInvestmentsChange in FairValue of MarketRisk BenefitsAttributable toChanges in OurOwn Credit RiskChange in thediscount ratesused to measuretraditional andlimited paymentlong-durationinsurance contractsForeignCurrencyTranslationAdjustmentsRetirementPlanLiabilitiesAdjustmentFair Value ofLiabilitiesUnder FairValue OptionAttributable toChanges in OurOwn Credit RiskTotal
blank,
table_row,"Year Ended December 31, 2024"
blank,
table_row,"Unrealized change arising during year$95 $(2,211)$130 $946 $(407)$34 $— $(1,413)"
blank,
table_row,"Less: Reclassification adjustments included in net income(42)(9,132)(330)1,583 88 (31)— (7,864)"
blank,
table_row,"Total other comprehensive income (loss), before of income tax expense (benefit)137 6,921 460 (637)(495)65 — 6,451 "
blank,
table_row,Less: Income tax expense (benefit)20 70 28 165 45 18 — 346 
blank,
table_row,"Total other comprehensive income (loss), net of income tax expense (benefit)$117 $6,851 $432 $(802)$(540)$47 $— $6,105 "
blank,
table_row,"Year Ended December 31, 2023"
blank,
table_row,"Unrealized change arising during year$(6)$7,172 $(695)$(1,045)$137 $118 $— $5,681 "
blank,
table_row,"Less: Reclassification adjustments included in net income(26)(1,036)— — — (29)— (1,091)"
blank,
table_row,"Total other comprehensive income (loss), before income tax expense (benefit)20 8,208 (695)(1,045)137 147 — 6,772 "
blank,
table_row,"Less: Income tax expense (benefit)6 1,074 (151)(174)35 42 — 832 "
blank,
table_row,"Total other comprehensive income (loss), net of income tax expense (benefit)$14 $7,134 $(544)$(871)$102 $105 $— $5,940 "
blank,
table_row,"Year Ended December 31, 2022"
blank,
table_row,"Unrealized change arising during year$(112)$(47,043)$1,635 $6,993 $(593)$(53)$(6)$(39,179)"
blank,
table_row,"Less: Reclassification adjustments included in net income7 (1,189)— — — (30)— (1,212)"
blank,
table_row,"Total other comprehensive income (loss), before income tax expense (benefit)(119)(45,854)1,635 6,993 (593)(23)(6)(37,967)"
blank,
table_row,"Less: Income tax expense (benefit)(25)(7,446)341 1,449 20 (3)— (5,664)"
blank,
table_row,"Total other comprehensive income (loss), net of income tax expense (benefit)$(94)$(38,408)$1,294 $5,544 $(613)$(20)$(6)$(32,303)"
blank,
narrative,The following table presents the effect of the reclassification of significant items out of AOCI on the respective line items in the Consolidated Statements of Income (Loss)(a):
blank,
table_row,Amount Reclassified from AOCIAffected Line Item in the
blank,
table_row,"Years Ended December 31,Consolidated"
blank,
table_row,(in millions)202420232022Statements of Income (Loss)
blank,
table_row,Unrealized appreciation (depreciation) of fixed maturity securities on which allowance for credit losses was taken
blank,
table_row,Investments$— $(26)$7 Net realized gains (losses)
blank,
table_row,Total— (26)7 
blank,
table_row,Unrealized appreciation (depreciation) of all other investments
blank,
table_row,"Investments(619)(1,036)(1,189)Net realized gains (losses)"
blank,
table_row,"Total(619)(1,036)(1,189)"
blank,
table_row,Change in retirement plan liabilities adjustment
blank,
table_row,Prior-service credit(2)(2)(2)(b)
blank,
table_row,Actuarial losses(29)(27)(28)(b)
blank,
table_row,Total(31)(29)(30)
blank,
table_row,"Corebridge deconsolidation, net of tax(7,214)— — (c)"
blank,
table_row,"Total reclassifications for the year$(7,864)$(1,091)$(1,212)"
blank,
narrative,(a)The following items are not reclassified out of AOCI and included in the Consolidated Statements of Income (Loss) and thus have been excluded from the table: (a) Change in fair value of market risk benefits attributable to changes in our own credit risk and (b) Change in the discount rates used to measure traditional and limited-payment long-duration insurance contracts.
blank,
narrative,"(b)These AOCI components are included in the computation of net periodic pension cost. For additional information, see Note 20."
blank,
narrative,"(c)Represents adjustments related to the deconsolidation of Corebridge which is reflected in Income (loss) from discontinued operations, net of taxes. See the rollforward of Accumulated other comprehensive income (loss) above for further details.  "
blank,
footer,AIG | 2024 Form 10-K
blank,
footer,173
blank,
blank,
footer,ITEM 8 | Notes to Consolidated Financial Statements | 17. Earnings Per Common Share (EPS)
blank,
narrative,17. Earnings Per Common Share (EPS)
blank,
narrative,"The basic EPS computation is based on the weighted average number of common shares outstanding, adjusted to reflect all stock dividends and stock splits. The diluted EPS computation is based on those shares used in the basic EPS computation plus common shares that would have been outstanding assuming issuance of common shares for all dilutive potential common shares outstanding and adjusted to reflect all stock dividends and stock splits, using the treasury stock method or the if-converted method, as applicable."
blank,
narrative,The following table presents the computation of basic and diluted EPS:
blank,
narrative,"Years Ended December 31,"
blank,
table_row,"(dollars in millions, except per common share data)202420232022"
blank,
table_row,Numerator for EPS:
blank,
table_row,"Income (loss) from continuing operations$2,700 $2,741 $2,890 "
blank,
table_row,Less: Preferred stock dividends and preferred stock redemption premiums22 29 29 
blank,
table_row,"Income (loss) attributable to AIG common shareholders from continuing operations2,678 2,712 2,861 "
blank,
table_row,"Income (loss) from discontinued operations, net of income tax expense(3,626)1,137 8,383 "
blank,
table_row,"Less: Net income attributable to noncontrolling interests478 235 1,046 "
blank,
table_row,"Income (loss) from discontinued operations, net of noncontrolling interest(4,104)902 7,337 "
blank,
table_row,"Net income (loss) attributable to AIG common shareholders$(1,426)$3,614 $10,198 "
blank,
table_row,Denominator for EPS:
blank,
table_row,"Weighted average common shares outstanding - basic651,448,307 719,506,291 778,621,118 "
blank,
table_row,"Dilutive common shares5,834,853 5,726,777 9,320,632 "
blank,
table_row,Weighted average common shares outstanding - diluted(a)
blank,
table_row,"657,283,160 725,233,068 787,941,750 "
blank,
table_row,Income (loss) per common share attributable to AIG common shareholders:
blank,
table_row,Basic:
blank,
table_row,Income (loss) from continuing operations$4.11 $3.77 $3.67 
blank,
table_row,Income (loss) from discontinued operations$(6.30)$1.25 $9.43 
blank,
table_row,Income (loss) attributable to AIG common shareholders$(2.19)$5.02 $13.10 
blank,
table_row,Diluted:
blank,
table_row,Income (loss) from continuing operations$4.07 $3.74 $3.63 
blank,
table_row,Income (loss) from discontinued operations$(6.24)$1.24 $9.31 
blank,
table_row,Income (loss) attributable to AIG common shareholders$(2.17)$4.98 $12.94 
blank,
narrative,"(a)Potential dilutive common shares are primarily due to our share-based employee compensation plans. The number of potential common shares excluded from diluted shares outstanding was 0.1 million, 4.4 million and 24.1 million for the years ended December 31, 2024, 2023 and 2022, respectively, because the effect of including those common shares in the calculation would have been anti-dilutive.  "
blank,
narrative,"For information regarding our repurchases of AIG Common Stock, see Note 16."
blank,
footer,174
blank,
footer,AIG | 2024 Form 10-K
blank,
blank,
footer,ITEM 8 | Notes to Consolidated Financial Statements | 18. Statutory Financial Data and Restrictions
blank,
narrative,18. Statutory Financial Data and Restrictions
blank,
narrative,The following table presents statutory net income (loss) and capital and surplus for our General Insurance companies in accordance with statutory accounting practices:
blank,
table_row,(in millions)202420232022
blank,
table_row,"Years Ended December 31,"
blank,
table_row,Statutory net income (loss)(a)(b):
blank,
table_row,General Insurance companies:
blank,
table_row,"Domestic$1,594 $1,912 $2,272 "
blank,
table_row,"Foreign1,741 1,867 1,047 "
blank,
table_row,"Total General Insurance companies$3,335 $3,779 $3,319 "
blank,
table_row,"At December 31,"
blank,
table_row,Statutory capital and surplus(a)(b):
blank,
table_row,General Insurance companies:
blank,
table_row,"Domestic$17,001 $18,703 "
blank,
table_row,"Foreign12,299 11,527 "
blank,
table_row,"Total General Insurance companies$29,300 $30,230 "
blank,
table_row,Aggregate minimum required statutory capital and surplus:
blank,
table_row,General Insurance companies:
blank,
table_row,"Domestic$3,763 $3,625 "
blank,
table_row,"Foreign5,741 6,041 "
blank,
table_row,"Total General Insurance companies$9,504 $9,666 "
blank,
narrative,(a)Excludes discontinued operations and other divested businesses.
blank,
narrative,(b)The 2024 statutory net income and capital and surplus reflect our best estimate as of the date of AIG’s Form 10-K filing.
blank,
narrative,"Our insurance subsidiaries file financial statements prepared in accordance with statutory accounting practices prescribed or permitted by domestic and foreign insurance regulatory authorities. The principal differences between statutory financial statements and financial statements prepared in accordance with U.S. GAAP for domestic companies are that statutory financial statements do not reflect DAC, some bond portfolios may be carried at amortized cost, investment impairments are determined in accordance with statutory accounting practices, assets and liabilities are presented net of reinsurance, policyholder liabilities are generally valued using more conservative assumptions and certain assets are non-admitted."
blank,
narrative,"For domestic insurance subsidiaries, aggregate minimum required statutory capital and surplus is based on the greater of the Risk-Based Capital (RBC) level that would trigger regulatory action or minimum requirements per state insurance regulation. Capital and surplus requirements of our foreign subsidiaries differ from those prescribed in the U.S., and can vary significantly by jurisdiction. At both December 31, 2024 and 2023, all domestic and foreign insurance subsidiaries individually exceeded the minimum required statutory capital and surplus requirements and all domestic insurance subsidiaries individually exceeded RBC minimum required levels."
blank,
narrative,"For foreign insurance companies, financial statements are prepared in accordance with local regulatory requirements. These accounting practices differ from U.S. GAAP primarily by different rules on deferral of policy acquisition costs, amortization of deferred acquisition costs, and establishing future policy benefit liabilities using different actuarial assumptions, as well as valuing for deferred taxes on a different basis."
blank,
narrative,SUBSIDIARY DIVIDEND RESTRICTIONS
blank,
narrative,"Payments of dividends to us by our insurance subsidiaries are subject to certain restrictions imposed by regulatory authorities. With respect to our domestic insurance subsidiaries, the payment of any dividend requires formal notice to the insurance department in which the particular insurance subsidiary is domiciled. For example, unless permitted by the Superintendent of Financial Services, property casualty companies domiciled in New York generally may not pay dividends to shareholders that, in any 12-month period, exceed the lesser of 10 percent of such company’s statutory policyholders’ surplus or 100 percent of its “adjusted net investment income,” for the previous year, as defined. Generally, less severe restrictions applicable to property casualty companies exist in most of the other states in which our insurance subsidiaries are domiciled. Under state insurance laws, an insurer may pay a dividend without prior approval of the insurance regulator when the amount of the dividend is below certain regulatory thresholds. Other foreign jurisdictions may restrict the ability of our foreign insurance subsidiaries to pay dividends. Various other regulatory restrictions also limit cash loans and advances to us by our subsidiaries."
blank,
footer,AIG | 2024 Form 10-K
blank,
footer,175
blank,
blank,
footer,ITEM 8 | Notes to Consolidated Financial Statements | 18. Statutory Financial Data and Restrictions
blank,
narrative,"The amount of dividends available to be paid in 2025 from our insurance subsidiaries without prior regulatory approval was $2.5 billion at December 31, 2024."
blank,
narrative,"To our knowledge, no AIG insurance company is currently on any regulatory or similar “watch list” with regard to solvency."
blank,
narrative,PARENT COMPANY DIVIDEND RESTRICTIONS
blank,
table_row,"At December 31, 2024, our ability to pay dividends is not subject to any significant contractual restrictions, but remains subject to regulatory restrictions."
blank,
narrative,"For additional information about our ability to pay dividends to our shareholders, see Note 16."
blank,
narrative,19. Share-Based Compensation Plans
blank,
narrative,The following table presents our total share-based compensation expense:
blank,
narrative,"Years Ended December 31,"
blank,
table_row,(in millions)202420232022
blank,
table_row,Share-based compensation expense - pre-tax(a)
blank,
table_row,$211 $199 $288 
blank,
table_row,Share-based compensation expense - after tax(b)
blank,
table_row,167 157 228 
blank,
narrative,"(a)As a result of accelerated vesting events, such as retirement eligibility in the year of grant and involuntary terminations, we recognized $52 million, $58 million and $67 million in 2024, 2023 and 2022, respectively, prior to the end of the specified vesting periods. It is our policy to reverse compensation expense for forfeited awards when they occur. "
blank,
narrative,(b)We also recognized $16 million of tax benefit due to share settlements occurring in 2024.
blank,
narrative,EMPLOYEE PLANS
blank,
narrative,"The Company sponsors several stock compensation programs under the AIG Long Term Incentive Plan (LTIP) (as amended) and its predecessor plan from which performance share units (PSUs), restricted stock units (RSUs), stock options and deferred stock units (DSUs) (collectively units) are issued. In addition, off-cycle grants are made from time to time during the year generally as sign-on awards to new hires or as a result of a change in employee status. The LTIP is governed by the AIG 2021 Omnibus Incentive Plan (2021 Omnibus Plan), which was adopted at the annual shareholders’ meeting in May 2021, replacing the AIG 2013 Omnibus Incentive Plan (2013 Plan)."
blank,
narrative,Our share-settled awards are settled with previously acquired shares held in AIG’s treasury.
blank,
narrative,AIG Omnibus Incentive Plan
blank,
narrative,"The 2021 Omnibus Plan provided for the grants of share-based awards to our employees and non-employee directors. The total number of shares granted under the 2021 Plan (the reserve) was the sum of 1) 8.1 million shares of AIG Common Stock, plus 2) the number of authorized shares that remained available for issuance under the 2013 Plan when the 2021 Omnibus Plan became effective, plus 3) the number of shares of AIG Common Stock relating to outstanding awards under the 2013 Plan at the time the 2021 Omnibus Plan became effective that subsequently were forfeited, expired, terminated or otherwise lapse or are settled in cash. Each share-based unit granted under the Omnibus Plan reduces the number of shares available for future grants by one share. However, shares with respect to awards that are forfeited, expired or settled for cash are returned to the reserve. As of December 31, 2024, 23,168,953 shares are available for future grants."
blank,
narrative,AIG Long Term Incentive Plan
blank,
narrative,Long-Term Incentive (LTI) Awards
blank,
narrative,"The LTIP provides for an annual award to certain employees, including our senior executive officers and other highly compensated employees that may be comprised of a combination of one or more of the following units: PSUs, RSUs or stock options."
blank,
narrative,"The number of PSUs issued on the grant date (the target) provides the opportunity for LTIP participants (usually senior management) to receive shares of AIG Common Stock based on AIG achieving specified performance goals at the end of a three-year performance period. These performance goals are pre-established by AIG’s Compensation and Management Resources Committee (CMRC) for each annual grant and may differ from year to year. The actual number of PSUs earned can vary from zero to 200 percent of the target for the 2024, 2023 and 2022 LTI awards, depending on AIG’s performance relative to a specified peer group and/or the outcome of pre-established financial goals, as applicable."
blank,
footer,176
blank,
footer,AIG | 2024 Form 10-K
blank,
blank,
footer,ITEM 8 | Notes to Consolidated Financial Statements | 19. Share-Based Compensation Plans
blank,
narrative,"RSUs and stock options are earned based solely on continued service by the participant. In addition, PSUs and RSUs accrue dividend equivalent rights (DERs) during the specified service period as AIG’s dividends are declared. These DERs are settled in cash only if the underlying units’ vesting conditions are met."
blank,
narrative,"Vesting occurs on January 1 of the year immediately following the end of the three-year performance and service period. Beginning in 2022, vesting for RSUs and stock options awarded occurs in three equal installments on the first, second and third anniversary of the grant date. Recipients must be employed at each vesting date to be entitled to share delivery, except upon the occurrence of an accelerated vesting event, such as an involuntary termination without cause, disability, retirement eligibility or death during the vesting period. However, for involuntarily terminated employees hired after April 1, 2022 unvested RSUs and options are forfeited on the termination date, while PSUs are pro-rated based on the number of completed years in the performance period."
blank,
narrative,Unit Valuation
blank,
narrative,The fair value of time-vesting RSUs as well as PSUs that are earned based on certain company-specific metrics was based on the closing price of AIG Common Stock on the grant date; while the fair value of PSUs that are earned based on AIG’s relative total shareholder return (TSR) was determined on the grant date using a Monte Carlo simulation.
blank,
narrative,The following table presents the assumptions used to estimate the fair value of PSUs that vest based on AIG’s TSR:
blank,
table_row,202420232022
blank,
table_row,Expected dividend yield(a)
blank,
table_row,— %— %— %
blank,
table_row,Expected volatility(b)
blank,
table_row,28.72 %37.98 %47.60 %
blank,
table_row,Risk-free interest rate(c)
blank,
table_row,4.36 %4.42 %1.71 %
blank,
narrative,(a)The award agreement provides that TSR for AIG and each member of the Peer Group will be calculated assuming dividends distributed are reinvested on the ex‑dividend date.
blank,
narrative,"(b)We used the historical volatility over the most recent 2.86-year period for AIG and the members of the Peer Group, commensurate with the remaining Performance Period as of the valuation date."
blank,
narrative,(c)We converted the semi-annual zero-coupon U.S. Treasury rates as of the valuation date to continuously compounded rates. We then chose the continuously compounded risk-free rate that is commensurate with the length of the remaining performance period as of the valuation date and interpolated between the yields of the two-year and the three-year continuously compounded rates to determine the yield.
blank,
narrative,The following table summarizes outstanding share-settled LTI awards(a):
blank,
narrative,Number of UnitsWeighted Average Grant-Date Fair Value
blank,
table_row,"Year Ended December 31, 2024(b)"
blank,
table_row,2024 LTI2023 LTI2022 LTI2021 LTI2024 LTI2023 LTI2022 LTI2021 LTI
blank,
table_row,"Unvested, beginning of year— 1,734,969 1,108,153 1,727,851 $— $60.02 $61.95 $45.08 "
blank,
table_row,"Granted2,140,298 — — — 68.31 — — — "
blank,
table_row,Vested(c)
blank,
table_row,"(675,495)(652,758)(743,117)(1,721,506)68.27 59.86 62.13 45.08 "
blank,
table_row,"Forfeited(99,414)(111,860)(55,994)(6,345)68.19 59.89 65.07 44.10 "
blank,
table_row,"Unvested, end of year(d)"
blank,
table_row,"1,365,389 970,351 309,042 — $68.34 $60.14 $60.94 $— "
blank,
narrative,"(a)Excludes stock options, other RSUs and DSUs, which are discussed under Stock Options, Other RSU Grants and Non-Employee Plan, respectively."
blank,
narrative,"(b)PSUs represent target amount granted and does not reflect potential increases or decreases that could result from the final outcome of the performance goals for the respective awards, which is determined by the CMRC in the quarter after the applicable performance period ends."
blank,
narrative,(c)Also reflects units that vest as a result of an accelerated vesting event that occurred prior to the specified vesting date but for which share delivery has not yet occurred.
blank,
narrative,"(d)At December 31, 2024, the total unrecognized compensation cost for outstanding RSUs and PSUs was $96 million and the weighted-average and expected period of years over which that cost is expected to be recognized are 1.00 year and 2.25 years."
blank,
narrative,Stock Options
blank,
narrative,"Stock options were issued as part of the 2024, 2023 and 2022 LTI awards, and to certain newly hired senior executives in 2017 and 2018. Option awards are generally granted with an exercise price equal to the market price of the company’s stock on the grant date and are exercisable up to 10 years from the date of grant, or 3 years from the date of an involuntary termination or the option's expiration date, if earlier. The fair value of the options was estimated on the grant date using the Black-Scholes model for the time-vesting options, and a Monte Carlo simulation for the hurdle-vesting options."
blank,
footer,AIG | 2024 Form 10-K
blank,
footer,177
blank,
blank,
footer,ITEM 8 | Notes to Consolidated Financial Statements | 19. Share-Based Compensation Plans
blank,
narrative,The following weighted-average assumptions were used for stock options granted:
blank,
table_row,202420232022
blank,
table_row,Expected annual dividend yield(a)
blank,
table_row,2.11 %2.14 %2.08 %
blank,
table_row,Expected volatility(b)
blank,
table_row,25.27 %25.17 %32.13 %
blank,
table_row,Risk-free interest rate(c)
blank,
table_row,4.21 %4.06 %1.92 %
blank,
table_row,Expected term(d)
blank,
table_row,6.00years6.00years6.00years
blank,
narrative,(a)The dividend yield is the last dividend from Bloomberg times 4 divided by stock price based on Bloomberg Professional service as of the valuation date.
blank,
narrative,(b)The expected volatility is based on the implied volatility of 24 months stock option estimated by the Bloomberg Professional service as of the valuation date.
blank,
narrative,(c)We converted the semi-annual zero-coupon U.S. Treasury rates as of the valuation date to continuously compounded rates. We then chose the continuously compounded risk-free rate that is commensurate with the length of the remaining performance period as of the valuation date and interpolated between the yields of the two-year and the three-year continuously compounded rates to determine the yield.
blank,
narrative,(d)The contractual term is 10 years from the date of grant.
blank,
narrative,The following table provides a rollforward of stock option activity:
blank,
table_row,"As of or for the Year Ended December 31, 2024UnitsWeightedAverageExercise PriceWeighted AverageRemainingContractual LifeAggregateIntrinsic Values(in millions)"
blank,
table_row,"Outstanding, beginning of year12,295,661 $50.69 6.81"
blank,
table_row,"Granted1,080,790 68.19 "
blank,
table_row,"Exercised(3,071,453)52.62 "
blank,
table_row,"Forfeited or expired(1,287,410)62.82 "
blank,
table_row,"Outstanding, end of year9,017,588 $50.40 6.61$202 "
blank,
table_row,"Exercisable, end of year7,263,927 $46.94 5.87$188 "
blank,
narrative,"The weighted average grant-date fair value of stock options granted during 2024, 2023 and 2022 was $12.51, $11.43 and $10.77, respectively. As of December 31, 2024, we recognized $18 million of expense, while $13 million was unrecognized and is expected to be amortized up to 2.25 years. We received $162 million in cash from the exercise of stock options during 2024."
blank,
narrative,Other RSU Grants
blank,
narrative,"The Company may issue time-vesting RSUs for various reasons including, as a sign-on bonus, retention grant or replacement award in an acquisition. Vesting for these awards ranges from 1 to 5 years and is contingent on continuous service."
blank,
narrative,The following table summarizes outstanding share-settled Other RSU grants.
blank,
narrative,Number of UnitsWeighted Average Grant-Date Fair Value
blank,
table_row,"Years Ended December 31,202420232022202420232022"
blank,
table_row,"Unvested, beginning of year1,361,714 1,488,248 728,340 $57.79 $54.77 $42.82 "
blank,
table_row,"Granted241,536 208,641 1,070,458 73.78 62.42 60.16 "
blank,
table_row,"Vested(264,588)(252,635)(290,037)52.82 49.42 44.59 "
blank,
table_row,"Forfeited(20,382)(82,540)(20,513)64.03 40.70 55.89 "
blank,
table_row,"Unvested, end of year1,318,280 1,361,714 1,488,248 $61.62 $57.79 $54.77 "
blank,
narrative,"We recognized $29 million of expense related to these RSU grants in 2024. Total unrecognized compensation cost related to these grants was $42 million and the weighted-average and expected period of years over which that cost is expected to be recognized are 1.09 years and 4.25 years at December 31, 2024."
blank,
narrative,NON-EMPLOYEE PLAN
blank,
narrative,"Our non-employee directors, who serve on our Board of Directors, receive share-based compensation in the form of fully vested DSUs with delivery deferred until retirement from the Board of Directors. DSUs granted in 2024, 2023 and 2022 accrue dividend equivalents in the form of additional DSUs equal to the amount of any regular quarterly dividend that would have been paid by AIG if the shares of AIG Common Stock underlying the DSUs had been outstanding. In 2024, 2023 and 2022, we granted to non-employee directors 33,940, 47,344 and 46,273 DSUs, respectively, and recognized expense of $2.6 million, $2.6 million and $2.7 million, respectively."
blank,
footer,178
blank,
footer,AIG | 2024 Form 10-K
blank,
blank,
footer,ITEM 8 | Notes to Consolidated Financial Statements | 20. Employee Benefits
blank,
narrative,20. Employee Benefits
blank,
narrative,PENSION PLANS
blank,
narrative,"We offer various defined benefit plans to eligible employees. Effective January 1, 2016, the U.S. defined benefit pension plans were frozen. Consequently, these plans are closed to new participants and current participants no longer earn benefits."
blank,
narrative,"The U.S. AIG Retirement Plan (the qualified plan) is a noncontributory defined benefit plan subject to the provisions of the Employee Retirement Income Security Act of 1974, as amended (ERISA). In 2012, the qualified plan was converted to a cash balance formula comprised of pay credits based on 6% of a plan participant’s annual compensation (subject to IRS limitations) and annual interest credits. Although benefits are frozen, these interest credits continue to accrue on the cash balance accounts of active participants, who also accrue years of service for purposes of early retirement eligibility and subsidies. Employees can take their vested benefits as a lump sum or an annuity option when they leave AIG or are terminated from the plan."
blank,
narrative,"Employees satisfying certain age and service requirements (i.e., grandfathered employees) remain covered under the average pay formula that was in effect prior to the conversion. The final average pay formula is based upon a percentage of final average compensation multiplied by years of credited service, up to 44 years. Grandfathered employees will receive the higher of the benefit under the cash balance formula or the final average pay formula at retirement."
blank,
narrative,"In the U.S. we also sponsor non-qualified unfunded defined benefit plans, such as the AIG Non-Qualified Retirement Income Plan (AIG NQRIP) for certain employees, including key executives, designed to supplement pension benefits provided by the qualified plan. The AIG NQRIP provides a benefit equal to the reduction in benefits under the qualified plan as a result of federal tax limitations on compensation and benefits payable."
blank,
narrative,Non-U.S. defined benefit plans generally are either based on the employee’s years of credited service and compensation in the years preceding retirement or on points accumulated based on the employee’s job grade and other factors during each year of service.
blank,
narrative,POSTRETIREMENT PLANS
blank,
narrative,"U.S. postretirement medical and life insurance benefits are based upon the employee attaining the age of 55 and having a minimum of ten years of service, which was reduced to 5 years in 2019 for medical coverage only. Eligible employees who have medical coverage can enroll in retiree medical upon termination of employment. Medical benefits are contributory, while the life insurance benefits, which are closed to new employees, are generally non-contributory. Retiree medical contributions vary from none for pre-1989 retirees to actual premium payments reduced by certain subsidies for post-1992 retirees. These retiree contributions are subject to annual adjustments. Other cost sharing features of the medical plan include deductibles, coinsurance, Medicare coordination, and an employer subsidy for grandfathered employees only."
blank,
narrative,Postretirement benefits are offered in certain non-U.S. countries and vary by geographic location.
blank,
narrative,The following table presents the funded status of the plans reconciled to the amount reported in the Consolidated Balance Sheets.
blank,
table_row,As of or for the Years EndedPensionPostretirement
blank,
table_row,"December 31,U.S. Plans(a)"
blank,
table_row,Non-U.S. Plans(a)
blank,
table_row,U.S. PlansNon-U.S. Plans
blank,
table_row,(in millions)20242023202420232024202320242023
blank,
table_row,Change in projected benefit obligation:
blank,
table_row,"Benefit obligation, beginning of year$3,301 $3,475 $804 $810 $97 $99 $31 $32 "
blank,
table_row,Service cost4 5 14 16 — — — — 
blank,
table_row,Interest cost154 168 20 20 4 5 2 2 
blank,
table_row,Actuarial (gain) loss(b)
blank,
table_row,(200)75 14 (8)(4)3 — (2)
blank,
table_row,Benefits paid:
blank,
table_row,AIG assets(17)(16)(9)(10)(10)(10)(1)(1)
blank,
table_row,Plan assets(280)(171)(28)(31)— — — — 
blank,
table_row,Plan amendment— — 1 (1)— — — — 
blank,
table_row,Settlements— (234)(9)(1)— — — — 
blank,
table_row,Foreign exchange effect— — (60)9 — — (2)— 
blank,
table_row,Other— (1)— — — — — — 
blank,
table_row,"Projected benefit obligation, end of year$2,962 $3,301 $747 $804 $87 $97 $30 $31 "
blank,
footer,AIG | 2024 Form 10-K
blank,
footer,179
blank,
blank,
footer,ITEM 8 | Notes to Consolidated Financial Statements | 20. Employee Benefits
blank,
table_row,As of or for the Years EndedPensionPostretirement
blank,
table_row,"December 31,U.S. Plans(a)"
blank,
table_row,Non-U.S. Plans(a)
blank,
table_row,U.S. PlansNon-U.S. Plans
blank,
table_row,(in millions)20242023202420232024202320242023
blank,
table_row,Change in plan assets:
blank,
table_row,"Fair value of plan assets, beginning of year$3,228 $3,345 $734 $709 $— $— $— $— "
blank,
table_row,"Actual return on plan assets, net of expenses28 288 35 15 — — — — "
blank,
table_row,AIG contributions17 16 42 47 10 10 1 1 
blank,
table_row,Benefits paid:
blank,
table_row,AIG assets(17)(16)(9)(10)(10)(10)(1)(1)
blank,
table_row,Plan assets(280)(171)(28)(31)— — — — 
blank,
table_row,Settlements— (234)(9)(1)— — — — 
blank,
table_row,Foreign exchange effect— — (61)5 — — — — 
blank,
table_row,"Fair value of plan assets, end of year$2,976 $3,228 $704 $734 $— $— $— $— "
blank,
table_row,"Funded status, end of year$14 $(73)$(43)$(70)$(87)$(97)$(30)$(31)"
blank,
table_row,Amounts recognized in the balance sheet:
blank,
table_row,Assets$184 $110 $122 $97 $— $— $— $— 
blank,
table_row,Liabilities(170)(183)(165)(167)(87)(97)(30)(31)
blank,
table_row,Total amounts recognized$14 $(73)$(43)$(70)$(87)$(97)$(30)$(31)
blank,
table_row,Pre-tax amounts recognized in AOCI:
blank,
table_row,"Net gain (loss)$(1,082)$(1,142)$(72)$(79)$28 $28 $21 $23 "
blank,
table_row,Prior service (cost) credit— — (18)(21)— — — 1 
blank,
table_row,"Total amounts recognized$(1,082)$(1,142)$(90)$(100)$28 $28 $21 $24 "
blank,
narrative,"(a)Includes non-qualified unfunded plans of which the aggregate projected benefit obligation was $170 million and $184 million for the U.S. at December 31, 2024 and 2023, respectively, and $139 million and $140 million for the non-U.S. at December 31, 2024 and 2023, respectively."
blank,
narrative,(b)The primary reason for the significant gain in 2024 is due to a change in the discount rate for the U.S. AIG Retirement Plan.
blank,
narrative,The following table presents the accumulated benefit obligations for U.S. and non-U.S. pension benefit plans:
blank,
narrative,"At December 31,"
blank,
table_row,(in millions)20242023
blank,
table_row,"U.S. pension benefit plans$2,962 $3,301 "
blank,
table_row,Non-U.S. pension benefit plans$735 $792 
blank,
table_row,Defined benefit plan obligations in which the projected benefit obligation (PBO) was in excess of the related plan assets and the accumulated benefit obligation (ABO) was in excess of the related plan assets were as follows:
blank,
table_row,"At December 31,PBO Exceeds Fair Value of Plan AssetsABO Exceeds Fair Value of Plan Assets"
blank,
table_row,U.S. PlansNon-U.S. PlansU.S. PlansNon-U.S. Plans
blank,
table_row,(in millions)20242023202420232024202320242023
blank,
table_row,Projected benefit obligation$170 $184 $287 $287 $— $— $— $— 
blank,
table_row,Accumulated benefit obligation— — — — 170 184 245 245 
blank,
table_row,Fair value of plan assets— — 91 88 — — 91 88 
blank,
footer,180
blank,
footer,AIG | 2024 Form 10-K
blank,
blank,
footer,ITEM 8 | Notes to Consolidated Financial Statements | 20. Employee Benefits
blank,
narrative,The following table presents the components of net periodic benefit cost with respect to pensions and other postretirement benefits:
blank,
table_row,"Years Ended December 31,Pension"
blank,
table_row,Postretirement
blank,
table_row,U.S. PlansNon-U.S. PlansU.S. PlansNon-U.S. Plans
blank,
table_row,(in millions)202420232022202420232022202420232022202420232022
blank,
table_row,Components of net periodic benefit cost:
blank,
table_row,Service cost*$4 $5 $6 $14 $16 $18 $— $— $1 $— $— $— 
blank,
table_row,Interest cost154 168 109 20 20 9 4 5 3 2 2 1 
blank,
table_row,Expected return on assets(201)(193)(213)(19)(21)(16)— — — — — — 
blank,
table_row,Amortization of prior service cost (credit)— — — 2 3 3 — — — (1)(1)(1)
blank,
table_row,Amortization of net (gain) loss33 33 24 2 2 4 (4)(5)— (2)(3)(1)
blank,
table_row,Net periodic benefit cost (credit)$(10)$13 $(74)$19 $20 $18 $— $— $4 $(1)$(2)$(1)
blank,
table_row,Settlement loss— 71 59 1 — — — — — — — — 
blank,
table_row,Net benefit cost (credit)$(10)$84 $(15)$20 $20 $18 $— $— $4 $(1)$(2)$(1)
blank,
table_row,Total recognized in AOCI$60 $137 $(117)$11 $6 $54 $(1)$(8)$33 $(2)$(2)$13 
blank,
table_row,Total recognized in net periodic benefit cost and other comprehensive income (loss)$70 $53 $(102)$(9)$(14)$36 $(1)$(8)$29 $(1)$— $14 
blank,
narrative,*Reflects administrative fees for the U.S. pension plans.
blank,
narrative,"Interest cost for pension and postretirement benefits for our U.S. plans and largest non-U.S. plans is measured using the spot rate approach, which applies specific spot rates along the yield curve to a plan’s corresponding discounted cash flows that comprise the obligation. This method provides a more precise measurement of interest cost by aligning the timing of the plans’ discounted cash flows to the corresponding spot rates on the yield curve. For certain non-U.S. plans, interest cost is measured utilizing a single weighted-average discount rate derived from the yield curve used to measure the benefit obligations."
blank,
narrative,"A 100 basis point increase in the expected long-term rate of return would decrease the 2025 pension expense by approximately $35 million with all other items remaining the same. A 100 basis point increase in the discount rate would increase the 2025 pension expense by approximately $2 million. Conversely, a 100 basis point decrease in the discount rate would decrease the 2024 pension expense by approximately $3 million while a 100 basis point decrease in the expected long-term rate of return would increase the 2025 pension expense by approximately $35 million, with all other items remaining the same."
blank,
narrative,ASSUMPTIONS
blank,
narrative,The following table summarizes the weighted average assumptions used to determine the benefit obligations:
blank,
table_row,PensionPostretirement
blank,
table_row,U.S. PlansNon-U.S. Plans(a)
blank,
table_row,U.S. PlansNon-U.S. Plans(a)
blank,
table_row,"December 31, 2024"
blank,
table_row,Discount rate5.57 %2.87 %5.53 %4.97 %
blank,
table_row,Interest crediting rate4.37 %1.36 %(b)
blank,
table_row,N/AN/A
blank,
table_row,Rate of compensation increaseN/A(c)
blank,
table_row,2.43 %N/AN/A
blank,
table_row,"December 31, 2023"
blank,
table_row,Discount rate4.98 %2.85 %4.97 %5.37 %
blank,
table_row,Interest crediting rate4.94 %1.40 %(b)
blank,
table_row,N/AN/A
blank,
table_row,Rate of compensation increaseN/A(c)
blank,
table_row,2.42 %N/AN/A
blank,
narrative,(a)The non-U.S. plans reflect those assumptions that were most appropriate for the local economic environments of each of the subsidiaries providing such benefits.
blank,
narrative,(b)Represents the weighted average interest crediting rate of non-U.S. cash balance plans primarily in Japan and Switzerland.
blank,
narrative,"(c)Compensation increases are no longer applicable as the plan is frozen effective January 1, 2016."
blank,
footer,AIG | 2024 Form 10-K
blank,
footer,181
blank,
blank,
footer,ITEM 8 | Notes to Consolidated Financial Statements | 20. Employee Benefits
blank,
narrative,The following table summarizes assumed health care cost trend rates for the U.S. plans:
blank,
table_row,"At December 31,20242023"
blank,
table_row,Following year:
blank,
table_row,Medical (before age 65)— %5.78 %
blank,
table_row,Medical (age 65 and older)6.67 %4.93 %
blank,
table_row,Ultimate rate to which cost increase is assumed to decline4.00 %4.00 %
blank,
table_row,Year in which the ultimate trend rate is reached:
blank,
table_row,Medical (before age 65)20482046
blank,
table_row,Medical (age 65 and older)20482046
blank,
narrative,The following table presents the weighted average assumptions used to determine the net periodic benefit costs:
blank,
table_row,PensionPostretirement
blank,
table_row,U.S. PlansNon-U.S. Plans(a)
blank,
table_row,U.S. PlansNon-U.S. Plans(a)
blank,
table_row,"For the Year Ended December 31, 2024"
blank,
table_row,Discount rate4.98 %2.85 %4.96 %5.37 %
blank,
table_row,Interest crediting rate4.94 %1.40 %(b)
blank,
table_row,N/AN/A
blank,
table_row,Rate of compensation increaseN/A2.42 %N/AN/A
blank,
table_row,Expected return on assets6.50 %2.77 %N/AN/A
blank,
table_row,"For the Year Ended December 31, 2023"
blank,
table_row,Discount rate5.22 %2.51 %5.19 %5.23 %
blank,
table_row,Interest crediting rate4.02 %1.07 %(b)
blank,
table_row,— %N/A
blank,
table_row,Rate of compensation increaseN/A2.38 %N/AN/A
blank,
table_row,Expected return on assets6.25 %2.67 %— %N/A
blank,
table_row,"For the Year Ended December 31, 2022"
blank,
table_row,Discount rate2.75 %1.09 %2.87 %2.89 %
blank,
table_row,Interest crediting rate2.06 %0.70 %(b)
blank,
table_row,N/AN/A
blank,
table_row,Rate of compensation increaseN/A2.40 %N/AN/A
blank,
table_row,Expected return on assets4.65 %1.84 %N/AN/A
blank,
narrative,(a)The non-U.S. plans reflect those assumptions that were most appropriate for the local economic environments of each of the subsidiaries providing such benefits.
blank,
narrative,(b)Represents the weighted average interest crediting rate of non-U.S. cash balance plans primarily in Japan and Switzerland.
blank,
narrative,Discount Rate Methodology
blank,
narrative,"The projected benefit cash flows under the U.S. AIG Retirement Plan were discounted using the spot rates derived from the Mercer U.S. Pension Discount Yield Curve (Mercer Yield Curve) at December 31, 2024 and 2023, which resulted in a single discount rate that would produce the same liability at the respective measurement dates. The discount rates were 5.57 percent at December 31, 2024 and 4.98 percent at December 31, 2023. The methodology was consistently applied for the respective years in determining the discount rates for the other U.S. pension plans."
blank,
narrative,"In general, the discount rates for the non-U.S. plans were developed using a similar methodology to the U.S. AIG Retirement Plan, by using country-specific Mercer Yield Curves."
blank,
narrative,"The projected benefit obligation for AIG’s Japan pension plans represents approximately 50 percent and 54 percent of the total projected benefit obligations for our non-U.S. pension plans at December 31, 2024 and 2023, respectively. The weighted average discount rate of 1.81 percent and 1.48 percent at December 31, 2024 and 2023, respectively, was selected by reference to the Mercer Yield Curve for Japan."
blank,
narrative,Plan Assets
blank,
narrative,"The investment strategy with respect to assets relating to our U.S. and non-U.S. pension plans is designed to achieve investment returns that will provide for the benefit obligations of the plans over the long term, limit the risk of short-term funding shortfalls and maintain liquidity sufficient to address cash needs. Accordingly, the asset allocation strategy is designed to maximize the investment rate of return while managing various risk factors, including, but not limited to, volatility relative to the benefit obligations, liquidity, and concentration, and incorporates the risk/return profile applicable to each asset class."
blank,
narrative,"There were no shares of AIG Common Stock included in the U.S. and non-U.S. pension plans assets at December 31, 2024 or 2023."
blank,
footer,182
blank,
footer,AIG | 2024 Form 10-K
blank,
blank,
footer,ITEM 8 | Notes to Consolidated Financial Statements | 20. Employee Benefits
blank,
narrative,U.S. Pension Plan
blank,
narrative,"The assets of the qualified plan are monitored by the AIG U.S. Investment Committee and actively managed by the investment managers, which involves allocating the plan’s assets among approved asset classes within ranges as permitted by the strategic allocation. The long-term strategic asset allocation historically has been reviewed and revised approximately every three years. The investment strategy is focused on de-risking the qualified plan via regular monitoring through liability driven investing and the glide path approach, where the glide path defines the target allocation for the “Return-Seeking” portion of the portfolio (i.e., growth assets) based on the funded ratio and level of interest rates. Under this approach, the allocation to growth assets is reduced and the allocation to liability-hedging assets is increased as the plan’s funded ratio increases in accordance with the defined glide path."
blank,
narrative,"The following table presents the asset allocation percentage by major asset class for the U.S. qualified plan and the target allocation for 2025 based on the plan’s funded status at December 31, 2024:"
blank,
narrative,"At December 31,Target 2025Actual 2024Actual 2023"
blank,
narrative,Asset class:
blank,
table_row,Equity securities9 %13 %8 %
blank,
table_row,Fixed maturity securities80 72 77 
blank,
table_row,Other investments11 15 15 
blank,
table_row,Total100 %100 %100 %
blank,
narrative,"The expected weighted average long-term rate of return for the plan was 6.50 percent and 6.25 percent for 2024 and 2023, respectively. The expected weighted average rate of return is an aggregation of expected returns within each asset class category, weighted for the investment mix of the assets. The combination of the expected asset return and any contributions made by us are expected to maintain the plan’s ability to meet all required benefit obligations. The expected asset return for each asset class was developed based on an approach that considers key fundamental drivers of the asset class returns in addition to historical returns, current market conditions, asset volatility and the expectations for future market returns."
blank,
narrative,Non-U.S. Pension Plans
blank,
narrative,The assets of the non-U.S. pension plans are held in various trusts in multiple countries and are invested primarily in equities and fixed maturity securities to maximize the long-term return on assets for a given level of risk.
blank,
narrative,The following table presents the asset allocation percentage by major asset class for non-U.S. pension plans and the target allocation:
blank,
table_row,"At December 31,Target 2025Actual 2024Actual 2023"
blank,
table_row,Asset class:
blank,
table_row,Equity securities20 %20 %19 %
blank,
table_row,Fixed maturity securities58 47 45 
blank,
table_row,Other investments18 24 21 
blank,
table_row,Cash and cash equivalents4 9 15 
blank,
table_row,Total100 %100 %100 %
blank,
narrative,"The assets of AIG’s Japan pension plans represent approximately 66 percent and 67 percent of total non-U.S. pension plan assets at December 31, 2024 and 2023, respectively. The expected long-term rate of return was 1.85 percent for both 2024 and 2023, and is evaluated by the Japanese Pension Investment Committee on a quarterly and annual basis along with various investment managers and is revised to achieve the optimal allocation to meet targeted funding levels if necessary. In addition, the funding policy is revised in accordance with local regulation every five years."
blank,
narrative,"The expected weighted average long-term rate of return for all our non-U.S. pension plans was 2.77 percent and 2.67 percent for the years ended December 31, 2024 and 2023, respectively. It is an aggregation of expected returns within each asset class that was generally developed based on the building block approach that considers historical returns, current market conditions, asset volatility and the expectations for future market returns."
blank,
footer,AIG | 2024 Form 10-K
blank,
footer,183
blank,
blank,
footer,ITEM 8 | Notes to Consolidated Financial Statements | 20. Employee Benefits
blank,
narrative,ASSETS MEASURED AT FAIR VALUE
blank,
narrative,The following table presents information about our plan assets and indicates the level of the fair value measurement based on the observability of the inputs used. The inputs and methodology used in determining the fair value of these assets are consistent with those used to measure our assets as discussed in Note 5 to the Consolidated Financial Statements.
blank,
table_row,U.S. PlansNon-U.S. Plans
blank,
table_row,(in millions)Level 1Level 2Level 3TotalLevel 1Level 2Level 3Total
blank,
table_row,"December 31, 2024"
blank,
table_row,Assets:
blank,
table_row,Cash and cash equivalents$52 $— $— $52 $66 $— $— $66 
blank,
table_row,Equity securities:
blank,
table_row,U.S.(a)
blank,
table_row,163 — — 163 — — — — 
blank,
table_row,International(b)
blank,
table_row,4 — — 4 82 55 — 137 
blank,
table_row,Fixed maturity securities:
blank,
table_row,U.S. investment grade(c)
blank,
table_row,"22 1,996 5 2,023 — — — — "
blank,
table_row,International investment grade(c)
blank,
table_row,— 101 — 101 — 146 — 146 
blank,
table_row,U.S. and international high yield(d)
blank,
table_row,— (40)— (40)— 185 — 185 
blank,
table_row,Mortgage and other asset-backed securities— 54 1 55 — — — — 
blank,
table_row,Other fixed maturity securities— 9 — 9 — — — — 
blank,
table_row,Other investment types(e):
blank,
table_row,Futures(7)— — (7)— — — — 
blank,
table_row,Insurance contracts— 8 — 8 — — 161 161 
blank,
table_row,Mutual funds(f)
blank,
table_row,— — — — — 9 — 9 
blank,
table_row,"Total$234 $2,128 $6 $2,368 $148 $395 $161 $704 "
blank,
table_row,"December 31, 2023"
blank,
table_row,Assets:
blank,
table_row,Cash and cash equivalents$54 $— $— $54 $108 $— $— $108 
blank,
table_row,Equity securities:
blank,
table_row,U.S.(a)
blank,
table_row,140 — — 140 — — — — 
blank,
table_row,International(b)
blank,
table_row,4 — — 4 104 35 — 139 
blank,
table_row,Fixed maturity securities:
blank,
table_row,U.S. investment grade(c)
blank,
table_row,"24 2,230 10 2,264 — — — — "
blank,
table_row,International investment grade(c)
blank,
table_row,— 125 — 125 — 138 — 138 
blank,
table_row,U.S. and international high yield(d)
blank,
table_row,— 33 — 33 — 192 — 192 
blank,
table_row,Mortgage and other asset-backed securities— 59 1 60 — — — — 
blank,
table_row,Other fixed maturity securities— 12 — 12 — — — — 
blank,
table_row,Other investment types(e):
blank,
table_row,Futures10 — — 10 — — — — 
blank,
table_row,Insurance contracts— 9 — 9 — — 138 138 
blank,
table_row,Mutual funds(f)
blank,
table_row,— — — — — 19 — 19 
blank,
table_row,"Total$232 $2,468 $11 $2,711 $212 $384 $138 $734 "
blank,
narrative,(a)Includes passive and active U.S. equity strategies.
blank,
narrative,(b)Includes passive and active international equity strategies.
blank,
narrative,"(c)Includes investments in U.S. and non-U.S. government issued bonds, U.S. government agency or sponsored agency bonds, and investment grade corporate bonds."
blank,
narrative,(d)Consists primarily of investments in securities or debt obligations that have a rating below investment grade.
blank,
narrative,"(e)Excludes investments that are measured at fair value using the NAV per share (or its equivalent), which totaled $608 million and $517 million at December 31, 2024 and 2023, respectively."
blank,
narrative,"(f)Comprised of mutual fund investing in variety of equity, derivatives, and bonds."
blank,
narrative,"The inputs or methodologies used for valuing securities are not necessarily an indication of the risk associated with investing in these securities. Based on our investment strategy, we had no significant concentrations of risks at December 31, 2024."
blank,
footer,184
blank,
footer,AIG | 2024 Form 10-K
blank,
blank,
footer,ITEM 8 | Notes to Consolidated Financial Statements | 20. Employee Benefits
blank,
narrative,Changes in Level 3 Fair Value Measurements
blank,
narrative,The following table presents changes in our U.S. and non-U.S. Level 3 plan assets measured at fair value:
blank,
table_row,"December 31, 2024BalanceBeginningof yearNetRealizedandUnrealizedGains(Losses)PurchasesSalesIssuancesSettlementsTransfersInTransfersOutBalanceat Endof YearChanges inUnrealizedGains (Losses)on InstrumentsHeld at End of YearChanges in UnrealizedGains (Losses) includedin other ComprehensiveIncome (Loss) for RecurringLevel 3 InstrumentsHeld at End of Year"
blank,
table_row,(in millions)
blank,
table_row,U.S. Plan Assets:
blank,
table_row,Fixed maturity securities
blank,
table_row,U.S. investment grade$10 $(1)$— $(3)$— $— $— $(1)$5 $— $— 
blank,
table_row,Mortgage and other asset backed securities1 — — — — — — — 1 — — 
blank,
table_row,Total$11 $(1)$— $(3)$— $— $— $(1)$6 $— $— 
blank,
table_row,Non-U.S. Plan Assets:
blank,
table_row,Insurance contracts$138 $21 $2 $— $— $— $— $— $161 $— $— 
blank,
table_row,Total$138 $21 $2 $— $— $— $— $— $161 $— $— 
blank,
table_row,"December 31, 2023"
blank,
table_row,U.S. Plan Assets:
blank,
table_row,Fixed maturity securities
blank,
table_row,U.S. investment grade$10 $1 $— $(1)$— $— $— $— $10 $1 $— 
blank,
table_row,Mortgage and other asset backed securities5 — — (4)— — — — 1 1 — 
blank,
table_row,Direct private equity5 (5)— — — — — — — (5)— 
blank,
table_row,Total$20 $(4)$— $(5)$— $— $— $— $11 $(3)$— 
blank,
table_row,Non-U.S. Plan Assets:
blank,
table_row,Insurance contracts$132 $6 $— $— $— $— $— $— $138 $— $— 
blank,
table_row,Total$132 $6 $— $— $— $— $— $— $138 $— $— 
blank,
narrative,EXPECTED CASH FLOWS
blank,
narrative,Funding for the qualified plan ranges from the minimum amount required by ERISA to the maximum amount that would be deductible for U.S. tax purposes. Contributed amounts in excess of the minimum amounts are deemed voluntary. Amounts in excess of the maximum amount would be subject to an excise tax and may not be deductible under the Internal Revenue Code. There are no minimum required cash contributions in 2024 for the U.S. AIG Retirement Plan. The non-qualified and postretirement plans’ benefit payments are deductible when paid to participants.
blank,
narrative,"Our annual pension contribution in 2025 is expected to be approximately $53 million for our U.S. and non-U.S. pension plans. This estimate is subject to change, since contribution decisions are affected by various factors including our liquidity, market performance and management’s discretion."
blank,
narrative,"The expected future benefit payments, net of participants’ contributions, with respect to the defined benefit pension plans and other postretirement benefit plans, are as follows:"
blank,
narrative,PensionPostretirement
blank,
table_row,(in millions)U.S. PlansNon-U.S. PlansU.S. PlansNon-U.S. Plans
blank,
table_row,2025$261 $39 $8 $1 
blank,
table_row,2026254 43 7 1 
blank,
table_row,2027262 44 7 2 
blank,
table_row,2028255 49 7 2 
blank,
table_row,2029259 47 7 2 
blank,
table_row,"2030-20341,138 235 32 9 "
blank,
narrative,DEFINED CONTRIBUTION PLANS
blank,
narrative,"AIG Parent sponsors several defined contribution plans for U.S. employees that provide for pre-tax salary reduction contributions by employees. The most significant plan is the AIG Incentive Savings Plan (ISP), for which the matching contribution is 100 percent of the first 6% of a participant’s contributions, subject to the IRS-imposed limitations. Participants in the AIG ISP receive an additional fully vested, non-elective, non-discretionary contribution equal to 3% of the participant’s eligible compensation for the plan year, paid each pay period regardless of whether the participant currently contributes to the plan, and subject to the IRS-imposed limitations. Our pre-tax expenses associated with these plans were $87 million,$95 million and $100 million in 2024, 2023 and 2022, respectively."
blank,
footer,AIG | 2024 Form 10-K
blank,
footer,185
blank,
blank,
footer,ITEM 8 | Notes to Consolidated Financial Statements | 21. Income Taxes
blank,
narrative,21. Income Taxes
blank,
narrative,U.S. TAX LAW CHANGES
blank,
narrative,"The Inflation Reduction Act of 2022 (H.R. 5376) includes a 15 percent corporate alternative minimum tax (CAMT) on adjusted financial statement income for corporations with average profits over $1 billion over a three-year period. While the U.S. Treasury and Internal Revenue Service (IRS) issued proposed regulations for CAMT during the third quarter of 2024, there are still certain details and specifics of application of the CAMT that remain unclear and we continue to evaluate the impact of the proposed regulations along with prior guidance. "
blank,
narrative,BASIS OF PRESENTATION
blank,
narrative,"We file a consolidated U.S. federal income tax return with our eligible U.S. subsidiaries. Income earned by subsidiaries operating outside the U.S. is taxed, and income tax expense is recorded, based on applicable U.S. and foreign laws."
blank,
narrative,TAX ACCOUNTING POLICIES
blank,
narrative,"We consider our foreign earnings with respect to certain operations in Canada, South Africa, Japan, Latin America, Bermuda as well as the European, Asia Pacific and Middle East regions to be indefinitely reinvested. These earnings relate to ongoing operations and have been reinvested in active business operations. A deferred tax liability has not been recorded for those foreign subsidiaries whose earnings are considered to be indefinitely reinvested. If recorded, such deferred tax liability would not be material to our consolidated financial condition. Deferred taxes, if necessary, have been provided on earnings of non-U.S. affiliates whose earnings are not indefinitely reinvested. "
blank,
narrative,"Global Intangible Low-Taxed Income (GILTI) imposes U.S. taxes on the excess of a deemed return on tangible assets of certain foreign subsidiaries. Consistent with accounting guidance, we have made an accounting policy election to treat GILTI taxes as a period tax charge in the period the tax is incurred."
blank,
narrative,EFFECTIVE TAX RATE
blank,
narrative,The following table presents income (loss) from continuing operations before income tax expense (benefit) by U.S. and foreign location in which such pre-tax income (loss) was earned or incurred:
blank,
narrative,"Years Ended December 31,"
blank,
table_row,(in millions)202420232022
blank,
table_row,"U.S.$1,818 $900 $1,950 "
blank,
table_row,"Foreign2,052 1,967 1,822 "
blank,
table_row,"Total$3,870 $2,867 $3,772 "
blank,
narrative,The following table presents the income tax expense (benefit) attributable to pre-tax income (loss) from continuing operations:
blank,
table_row,"Years Ended December 31,"
blank,
table_row,(in millions)202420232022
blank,
table_row,Foreign and U.S. components of actual income tax expense (benefit):
blank,
table_row,U.S.:
blank,
table_row,Current$283 $(246)$(713)
blank,
table_row,"Deferred416 (110)1,173 "
blank,
table_row,Foreign:
blank,
table_row,Current374 422 261 
blank,
table_row,Deferred97 60 161 
blank,
table_row,"Total$1,170 $126 $882 "
blank,
footer,186
blank,
footer,AIG | 2024 Form 10-K
blank,
blank,
footer,ITEM 8 | Notes to Consolidated Financial Statements | 21. Income Taxes
blank,
narrative,Our actual income tax expense (benefit) from continuing operations differs from the statutory U.S. federal amount computed by applying the federal income tax rate due to the following:
blank,
table_row,"Years Ended December 31,202420232022"
blank,
table_row,(dollars in millions)Pre-TaxIncome(Loss)TaxExpense(Benefit)Percent ofPre-TaxIncome(Loss)Pre-TaxIncome(Loss)TaxExpense(Benefit)Percent ofPre-TaxIncome(Loss)Pre-TaxIncome(Loss)TaxExpense(Benefit)Percent ofPre-TaxIncome(Loss)
blank,
table_row,U.S. federal income tax at statutory rate
blank,
table_row,"$3,870 $813 21.0 %$2,867 $602 21.0 %$3,772 $792 21.0 %"
blank,
table_row,Adjustments:
blank,
table_row,Tax exempt interest
blank,
table_row,(8)(0.2)(14)(0.5)(18)(0.5)
blank,
table_row,Uncertain tax positions(a)
blank,
table_row,17 0.4 169 5.9 (12)(0.3)
blank,
table_row,Dispositions of subsidiaries(b)
blank,
table_row,(1)— (143)(5.0)— — 
blank,
table_row,Non-deductible transfer pricing charges
blank,
table_row,13 0.3 16 0.6 15 0.4 
blank,
table_row,Effect of foreign operations(c)
blank,
table_row,110 2.8 176 6.1 150 4.0 
blank,
table_row,Share-based compensation payments excess tax effect
blank,
table_row,(16)(0.4)(21)(0.7)(13)(0.3)
blank,
table_row,State and local income taxes
blank,
table_row,26 0.7 23 0.8 (42)(1.1)
blank,
table_row,Developments related to prior tax years under IRS review(a)
blank,
table_row,240 6.2 (467)(16.3)— —
blank,
table_row,Other(d)
blank,
table_row,9 0.3 150 5.2 184 4.8 
blank,
table_row,Valuation allowance(e)
blank,
table_row,(33)(0.9)(365)(12.7)(174)(4.6)
blank,
table_row,Consolidated total amounts
blank,
table_row,"$3,870 $1,170 30.2 %$2,867 $126 4.4 %$3,772 $882 23.4 %"
blank,
narrative,"(a)2024 includes an update related to the estimated impact of potential resolution for prior tax years under IRS Appeals review. Refer to the Tax Examinations section below for further discussion on developments related to prior tax years under IRS review. For 2023, refer to the Accounting for Uncertainty in Income Taxes section below for further discussion on tax audit resolution activity."
blank,
narrative,(b)This primarily includes tax implications of the sales of Validus Re for year 2023.
blank,
narrative,"(c)Effect of foreign operations is primarily related to income and losses in our foreign operations taxed at statutory tax rates different than 21 percent, and foreign income subject to U.S. taxation."
blank,
narrative,(d)Primarily includes tax charges associated with tax adjustments related to prior year returns.
blank,
narrative,(e)Primarily due to 2023 and 2022 reductions in valuation allowance related to AIG’s U.S. federal consolidated income tax group tax attribute carryforwards.
blank,
narrative,DEFERRED TAX ASSET
blank,
narrative,The following table presents the components of the net deferred tax assets (liabilities):
blank,
narrative,"December 31,"
blank,
table_row,(in millions)20242023
blank,
table_row,Deferred tax assets:
blank,
table_row,"Losses and tax credit carryforwards$4,636 $5,655 "
blank,
table_row,Basis differences on investments30 75 
blank,
table_row,"Accruals not currently deductible, and other150 273 "
blank,
table_row,Investments in foreign subsidiaries19 16 
blank,
table_row,Loss reserve discount443 424 
blank,
table_row,Loan loss and other reserves37 51 
blank,
table_row,Unearned premium reserve reduction46 87 
blank,
table_row,Fixed assets and intangible assets293 159 
blank,
table_row,Unrealized losses related to available for sale debt securities618 783 
blank,
table_row,Employee benefits192 271 
blank,
table_row,Other39 156 
blank,
table_row,"Total deferred tax assets6,503 7,950 "
blank,
table_row,Deferred tax liabilities:
blank,
table_row,Deferred policy acquisition costs(278)(316)
blank,
table_row,Life policy reserves(45)(49)
blank,
table_row,Total deferred tax liabilities(323)(365)
blank,
table_row,"Net deferred tax assets before valuation allowance6,180 7,585 "
blank,
table_row,"Valuation allowance(1,650)(1,746)"
blank,
table_row,"Net deferred tax assets (liabilities)$4,530 $5,839 "
blank,
footer,AIG | 2024 Form 10-K
blank,
footer,187
blank,
blank,
footer,ITEM 8 | Notes to Consolidated Financial Statements | 21. Income Taxes
blank,
narrative,The following table presents AIG's U.S. consolidated federal income tax group tax losses and credits carryforwards.
blank,
table_row,"December 31, 2024TaxCarryforward Period"
blank,
table_row,Ending Tax Year(b)
blank,
table_row,Unlimited Carryforward Period
blank,
table_row,and Carryforward Periods(b)
blank,
table_row,(in millions)GrossEffected20282029203020312032 - After
blank,
table_row,"Net operating loss carryforwards$18,046 $3,790 $1,836 $178 $— $930 $846 "
blank,
table_row,Other carryforwards— — — — — — 
blank,
table_row,Total AIG U.S. consolidated federal income tax group tax losses and credits carryforwards on a U.S. GAAP basis(a)
blank,
table_row,"$3,790 $1,836 $178 $— $930 $846 "
blank,
narrative,(a)Financial reporting basis reflects the impact of unrecognized tax benefits for tax years in which tax attributes can be realized through carryback upon settlement.
blank,
narrative,(b)Carryforward periods are based on U.S. tax laws governing utilization of tax attributes. Expiration periods are based on the year the carryforward was generated.
blank,
narrative,ASSESSMENT OF DEFERRED TAX ASSET VALUATION ALLOWANCE
blank,
narrative,"The evaluation of the recoverability of our deferred tax asset and the need for a valuation allowance requires us to weigh all positive and negative evidence to reach a conclusion that it is more likely than not that all or some portion of the deferred tax asset will not be realized. The weight given to the evidence is commensurate with the extent to which it can be objectively verified. The more negative evidence that exists, the more positive evidence is necessary and the more difficult it is to support a conclusion that a valuation allowance is not needed."
blank,
narrative,"During the fourth quarter, taxable income projections were updated to reflect the latest projections of income for our insurance and non-insurance companies, 2024 transactions, and projections of taxable income generated from prudent and feasible tax planning strategies. Given there is a shorter carryforward period to utilize remaining net operating losses, we continue to consider multiple data points and stresses. Additionally, significant market volatility continues to impact actual and projected results of our business operations as well as our views on potential effectiveness of certain prudent and feasible tax planning strategies. In order to demonstrate the predictability and sufficiency of future taxable income necessary to support the realizability of the net operating losses and foreign tax credit carryforwards, we have considered forecasts of future income for each of our businesses, including assumptions about future macroeconomic and AIG-specific conditions and events, and any impact these conditions and events may have on our prudent and feasible tax planning strategies. We also subjected the forecasts to a variety of stresses of key assumptions and evaluated the effect on tax attribute utilization."
blank,
narrative,"After factoring in multiple data points and assessing the relative weight of all positive and negative evidence, we concluded that a valuation allowance of $300 million should remain on a portion of AIG's U.S. federal consolidated income tax group tax attribute carryforwards that are not more likely than not to be realized. Accordingly, during the year ended December 31, 2024, we recorded no change in valuation allowance. "
blank,
narrative,"For the year ended December 31, 2024, recent changes in market conditions, including changes in interest rates, impacted the unrealized tax gains and losses in the available for sale securities portfolios of our general insurance and non-insurance companies, resulting in a decrease to deferred tax assets related to net unrealized tax capital losses. The deferred tax assets relate to the unrealized tax capital losses for which the carryforward period has not yet begun. As of December 31, 2024, based on all available evidence, we concluded that a valuation allowance of $509 million is necessary on deferred tax assets related to unrealized tax capital losses that are not more-likely-than-not to be realized. For the year ended December 31, 2024, we recorded a decrease in valuation allowance of $41 million associated with the unrealized tax capital losses in AIG's available for sale securities portfolio. The valuation allowance decrease was allocated to other comprehensive income. "
blank,
table_row,"For the year ended December 31, 2024, we recognized a net $31 million decrease in deferred tax asset valuation allowance associated with certain foreign and state jurisdictions."
blank,
narrative,"The following table presents the net deferred tax assets (liabilities) at December 31, 2024 and 2023 on a U.S. GAAP basis:"
blank,
narrative,"December 31,"
blank,
table_row,(in millions)20242023
blank,
table_row,"Net U.S. deferred tax assets$4,922 $5,992 "
blank,
table_row,Net deferred tax assets (liabilities) in AOCI421 509 
blank,
table_row,Valuation allowance(798)(840)
blank,
table_row,"Subtotal4,545 5,661 "
blank,
table_row,"Net foreign, state and local deferred tax assets1,263 1,431 "
blank,
table_row,Valuation allowance(852)(906)
blank,
table_row,Subtotal411 525 
blank,
table_row,"Subtotal - Net U.S., foreign, state and local deferred tax assets4,956 6,186 "
blank,
table_row,"Net foreign, state and local deferred tax liabilities(426)(347)"
blank,
table_row,"Total AIG net deferred tax assets (liabilities)$4,530 $5,839 "
blank,
footer,188
blank,
footer,AIG | 2024 Form 10-K
blank,
blank,
footer,ITEM 8 | Notes to Consolidated Financial Statements | 21. Income Taxes
blank,
narrative,TAX EXAMINATIONS
blank,
narrative,We are currently under examination by the IRS for the tax years 2011 through 2019. We continue to engage in the IRS Appeals process for certain disagreed issues related to tax years 2007-2010. These tax years are still subject to ongoing computational review by IRS Appeals.
blank,
narrative,Listed below are the tax years that remain subject to examination by major tax jurisdictions:
blank,
table_row,"At December 31, 2024Open Tax Years"
blank,
table_row,Major Tax Jurisdiction
blank,
table_row,United States2007-2023
blank,
table_row,Australia2020-2023
blank,
table_row,Canada2020-2023
blank,
table_row,France2022-2023
blank,
table_row,Japan2018-2023
blank,
table_row,Korea2019-2023
blank,
table_row,Singapore2020-2023
blank,
table_row,United Kingdom2022-2023
blank,
narrative,ACCOUNTING FOR UNCERTAINTY IN INCOME TAXES
blank,
narrative,"The following table presents a reconciliation of the beginning and ending balances of the total amounts of gross unrecognized tax benefits, excluding interest and penalties:"
blank,
narrative,"Years Ended December 31,"
blank,
table_row,(in millions)202420232022
blank,
table_row,"Gross unrecognized tax benefits, beginning of year$1,387 $1,191 $1,157 "
blank,
table_row,Increases in tax positions for prior years3 200 29 
blank,
table_row,Decreases in tax positions for prior years(20)(4)(33)
blank,
table_row,Increases in tax positions for current year15 — 59 
blank,
table_row,Lapse in statute of limitations(1)— (21)
blank,
table_row,"Gross unrecognized tax benefits, end of year$1,384 $1,387 $1,191 "
blank,
narrative,"The activity in unrecognized tax benefits for the year ended December 31, 2023 is primarily attributable to the potential resolution of an IRS audit matter. There was no significant activity in unrecognized tax benefits for the years ended December 31, 2024 and December 31, 2022. "
blank,
narrative,"At December 31, 2024 and 2023 and 2022, the amounts of unrecognized tax benefits that, if recognized, would favorably affect the effective tax rate were $1.4 billion, $1.4 billion and $1.2 billion, respectively. Unrecognized tax benefits that would not affect the effective tax rate generally relate to such factors as the timing, rather than the permissibility of the deduction."
blank,
narrative,"Interest and penalties related to unrecognized tax benefits are recognized in income tax expense. At December 31, 2024, 2023 and 2022, we had accrued liabilities of $53 million, $52 million and $63 million, respectively for the payment of interest (net of the federal benefit) and penalties. For the years ended December 31, 2024, 2023, and 2022, we accrued expense (benefit) of $1 million, $(11) million, and $(2) million, respectively, for the payment of interest and penalties. There was no significant activity in interest and penalties related to unrecognized tax benefit for the years 2024, 2023 or 2022.  "
blank,
narrative,"Although it is reasonably possible that a change in the balance of unrecognized tax benefits may occur within the next 12 months, based on the information currently available, we do not expect any change to be material to our consolidated financial condition."
blank,
footer,AIG | 2024 Form 10-K
blank,
footer,189
blank,
blank,
footer,ITEM 8 | Notes to Consolidated Financial Statements | 22. Quarterly Financial Information (Unaudited)
blank,
narrative,22. Quarterly Financial Information (Unaudited)
blank,
narrative,"During the second quarter of 2024, AIG met the requirements for the deconsolidation of Corebridge and Corebridge to be presented as discontinued operations. The results of operations of Corebridge are reported as discontinued operations for all periods presented in the Consolidated Statements of Income (Loss). The financial information for the quarterly periods has been restated to reflect Corebridge as discontinued operations. For further details, see Note 4."
blank,
narrative,CONSOLIDATED STATEMENTS OF INCOME (LOSS)
blank,
table_row,Three Months Ended
blank,
table_row,"March 31,June 30,September 30,December 31,"
blank,
table_row," (dollars in millions, except per common share data)20242023202420232024202320242023"
blank,
table_row,"Total revenues$6,763 $6,709 $6,560 $7,436 $6,751 $7,267 $7,177 $6,526 "
blank,
table_row,Net income from continuing operations797 337 475 841 481 701 947 862 
blank,
table_row,"Income (loss) from discontinued operations, net of income taxes803 (424)(4,359)850 (24)2,046 (46)(1,335)"
blank,
table_row,"Net income (loss)1,600 (87)(3,884)1,691 457 2,747 901 (473)"
blank,
table_row,"Net income (loss) attributable to AIG1,216 30 (3,977)1,493 459 2,027 898 93 "
blank,
table_row,"Net income (loss) attributable to AIG common shareholders1,194 23 (3,977)1,485 459 2,020 898 86 "
blank,
table_row,Income per common share attributable to AIG common shareholders:
blank,
table_row,Basic:
blank,
table_row,Income from continuing operations$1.14 $0.45 $0.72 $1.15 $0.75 $0.97 $1.53 $1.22 
blank,
table_row,Income (loss) from discontinuing operations$0.61 $(0.42)$(6.74)$0.90 $(0.03)$1.86 $(0.08)$(1.10)
blank,
table_row,Diluted:
blank,
table_row,Income from continuing operations$1.13 $0.44 $0.71 $1.14 $0.74 $0.97 $1.51 $1.21 
blank,
table_row,Income (loss) from discontinuing operations$0.61 $(0.41)$(6.67)$0.89 $(0.03)$1.84 $(0.08)$(1.09)
blank,
table_row,Weighted average shares outstanding:
blank,
table_row,"Basic682,576,848 738,661,428 661,092,967 725,754,549 641,621,768 712,598,496 620,940,268 701,485,716 "
blank,
table_row,"Diluted687,961,518 744,099,186 666,955,168 730,547,112 647,365,442 718,727,312 627,289,135 708,033,686 "
blank,
narrative,23. Subsequent Events
blank,
narrative,CALIFORNIA WILDFIRES
blank,
narrative,"In January 2025, wildfires impacted parts of southern California resulting in damage to commercial and residential structures. While too early to determine the full impact of these wildfires, we estimate the net loss for AIG to be approximately $500 million, before consideration of reinstatement premiums and barring any unforeseen additional developments."
blank,
footer,190
blank,
footer,AIG | 2024 Form 10-K