label,line
footer,ITEM 8 | Financial Statements and Supplementary Data
blank,
narrative,"AMERICAN INTERNATIONAL GROUP, INC."
blank,
narrative,REFERENCE TO FINANCIAL STATEMENTS AND SCHEDULES
blank,
narrative,Page
blank,
table_row,FINANCIAL STATEMENTS
blank,
table_row,Report of Independent Registered Public Accounting Firm (PCAOB ID 238)
blank,
footer,126
blank,
table_row,"Consolidated Balance Sheets at December 31, 2023 and 2022"
blank,
footer,130
blank,
table_row,"Consolidated Statements of Income (Loss) for the years ended December 31, 2023, 2022 and 2021"
blank,
footer,131
blank,
table_row,"Consolidated Statements of Comprehensive Income (Loss) for the years ended December 31, 2023, 2022 and 2021"
blank,
footer,132
blank,
table_row,"Consolidated Statements of Equity for the years ended December 31, 2023, 2022 and 2021"
blank,
footer,133
blank,
table_row,"Consolidated Statements of Cash Flows for the years ended December 31, 2023, 2022 and 2021"
blank,
footer,134
blank,
narrative,Notes to Consolidated Financial Statements
blank,
table_row,Note 1.Basis of Presentation
blank,
footer,136
blank,
table_row,Note 2.Summary of Significant Accounting Policies
blank,
footer,138
blank,
table_row,Note 3.Segment Information
blank,
footer,144
blank,
table_row,Note 4.Held-For-Sale Classification
blank,
footer,148
blank,
table_row,Note 5.Fair Value Measurements
blank,
footer,149
blank,
table_row,Note 6.Investments
blank,
footer,168
blank,
table_row,Note 7.Lending Activities
blank,
footer,177
blank,
table_row,Note 8.Reinsurance
blank,
footer,181
blank,
table_row,Note 9.Deferred Policy Acquisition Costs
blank,
footer,186
blank,
table_row,Note 10.Variable Interest Entities
blank,
footer,188
blank,
table_row,Note 11.Derivatives and Hedge Accounting
blank,
footer,191
blank,
table_row,Note 12.Goodwill and Other Intangible Assets
blank,
footer,194
blank,
table_row,Note 13.Insurance Liabilities
blank,
footer,195
blank,
table_row,Note 14.Market Risk Benefits
blank,
footer,229
blank,
table_row,Note 15.Separate Account Assets and Liabilities
blank,
footer,231
blank,
table_row,Note 16.Debt
blank,
footer,233
blank,
table_row,"Note 17.Contingencies, Commitments and Guarantees"
blank,
footer,235
blank,
table_row,Note 18.Equity
blank,
footer,237
blank,
table_row,Note 19.Earnings Per Common Share (EPS)
blank,
footer,241
blank,
table_row,Note 20.Statutory Financial Data and Restrictions
blank,
footer,242
blank,
table_row,Note 21.Share-Based Compensation Plans
blank,
footer,244
blank,
table_row,Note 22.Employee Benefits
blank,
footer,247
blank,
table_row,Note 23.Income Taxes
blank,
footer,254
blank,
narrative,Schedules
blank,
table_row,SCHEDULE I
blank,
table_row,"Summary of Investments – Other than Investments in Related Parties at December 31, 2023"
blank,
footer,269
blank,
table_row,SCHEDULE II
blank,
table_row,"Condensed Financial Information of Registrant at December 31, 2023 and 2022 and for the years ended December 31, 2023, 2022 and 2021"
blank,
footer,270
blank,
table_row,SCHEDULE III
blank,
table_row,"Supplementary Insurance Information at December 31, 2023 and 2022 and for the years ended December 31, 2023, 2022 and 2021"
blank,
footer,274
blank,
table_row,SCHEDULE IV
blank,
table_row,"Reinsurance for the years ended December 31, 2023, 2022 and 2021"
blank,
footer,275
blank,
table_row,SCHEDULE V
blank,
table_row,"Valuation and Qualifying Accounts for the years ended December 31, 2023, 2022 and 2021"
blank,
footer,275
blank,
footer,AIG | 2023 Form 10-K
blank,
footer,ITEM 8 | Report of Independent Registered Public Accounting Firm
blank,
narrative,Report of Independent Registered Public Accounting Firm
blank,
narrative,"To the Board of Directors and Shareholders of American International Group, Inc."
blank,
narrative,Opinions on the Financial Statements and Internal Control over Financial Reporting
blank,
narrative,"We have audited the accompanying consolidated balance sheets of American International Group, Inc. and its subsidiaries (the ""Company"") as of December 31, 2023 and 2022, and the related consolidated statements of income (loss), of comprehensive income (loss), of equity and of cash flows for each of the three years in the period ended December 31, 2023, including the related notes and financial statement schedules listed in the accompanying index (collectively referred to as the “consolidated financial statements”). We also have audited the Company's internal control over financial reporting as of December 31, 2023, based on criteria established in Internal Control - Integrated Framework (2013) issued by the Committee of Sponsoring Organizations of the Treadway Commission (COSO)."
blank,
narrative,"In our opinion, the consolidated financial statements referred to above present fairly, in all material respects, the financial position of the Company as of December 31, 2023 and 2022, and the results of its operations and its cash flows for each of the three years in the period ended December 31, 2023 in conformity with accounting principles generally accepted in the United States of America. Also in our opinion, the Company maintained, in all material respects, effective internal control over financial reporting as of December 31, 2023, based on criteria established in Internal Control - Integrated Framework (2013) issued by the COSO."
blank,
narrative,Change in Accounting Principle
blank,
narrative,"As discussed in Note 1 to the consolidated financial statements, the Company changed the manner in which it accounts for long-duration insurance contracts in 2023."
blank,
narrative,Basis for Opinions
blank,
narrative,"The Company's management is responsible for these consolidated financial statements, for maintaining effective internal control over financial reporting, and for its assessment of the effectiveness of internal control over financial reporting, included in Management’s Report on Internal Control over Financial Reporting appearing under Item 9A. Our responsibility is to express opinions on the Company’s consolidated financial statements and on the Company's internal control over financial reporting based on our audits. We are a public accounting firm registered with the Public Company Accounting Oversight Board (United States) (PCAOB) and are required to be independent with respect to the Company in accordance with the U.S. federal securities laws and the applicable rules and regulations of the Securities and Exchange Commission and the PCAOB."
blank,
narrative,"We conducted our audits in accordance with the standards of the PCAOB. Those standards require that we plan and perform the audits to obtain reasonable assurance about whether the consolidated financial statements are free of material misstatement, whether due to error or fraud, and whether effective internal control over financial reporting was maintained in all material respects."
blank,
narrative,"Our audits of the consolidated financial statements included performing procedures to assess the risks of material misstatement of the consolidated financial statements, whether due to error or fraud, and performing procedures that respond to those risks. Such procedures included examining, on a test basis, evidence regarding the amounts and disclosures in the consolidated financial statements. Our audits also included evaluating the accounting principles used and significant estimates made by management, as well as evaluating the overall presentation of the consolidated financial statements. Our audit of internal control over financial reporting included obtaining an understanding of internal control over financial reporting, assessing the risk that a material weakness exists, and testing and evaluating the design and operating effectiveness of internal control based on the assessed risk. Our audits also included performing such other procedures as we considered necessary in the circumstances. We believe that our audits provide a reasonable basis for our opinions."
blank,
narrative,Definition and Limitations of Internal Control over Financial Reporting
blank,
narrative,"A company’s internal control over financial reporting is a process designed to provide reasonable assurance regarding the reliability of financial reporting and the preparation of financial statements for external purposes in accordance with generally accepted accounting principles. A company’s internal control over financial reporting includes those policies and procedures that (i) pertain to the maintenance of records that, in reasonable detail, accurately and fairly reflect the transactions and dispositions of the assets of the company; (ii) provide reasonable assurance that transactions are recorded as necessary to permit preparation of financial statements in accordance with generally accepted accounting principles, and that receipts and expenditures of the company are being made only in accordance with authorizations of management and directors of the company; and (iii) provide reasonable assurance regarding prevention or timely detection of unauthorized acquisition, use, or disposition of the company’s assets that could have a material effect on the financial statements."
blank,
narrative,"Because of its inherent limitations, internal control over financial reporting may not prevent or detect misstatements. Also, projections of any evaluation of effectiveness to future periods are subject to the risk that controls may become inadequate because of changes in conditions, or that the degree of compliance with the policies or procedures may deteriorate."
blank,
footer,126
blank,
footer,AIG | 2023 Form 10-K
blank,
narrative,TABLE OF CONTENTS
blank,
footer,ITEM 8 | Report of Independent Registered Public Accounting Firm
blank,
narrative,Critical Audit Matters
blank,
narrative,"The critical audit matters communicated below are matters arising from the current period audit of the consolidated financial statements that were communicated or required to be communicated to the audit committee and that (i) relate to accounts or disclosures that are material to the consolidated financial statements and (ii) involved our especially challenging, subjective, or complex judgments. The communication of critical audit matters does not alter in any way our opinion on the consolidated financial statements, taken as a whole, and we are not, by communicating the critical audit matters below, providing separate opinions on the critical audit matters or on the accounts or disclosures to which they relate."
blank,
narrative,Valuation of Certain Level 3 Fixed Maturity Securities
blank,
narrative,"As described in Note 5 to the consolidated financial statements, as of December 31, 2023, the total fair value of the Company’s level 3 fixed maturity securities, including bonds available for sale and other bond securities, was $28.4 billion, comprised of residential mortgage backed securities, commercial mortgage backed securities, collateralized loan obligations, other asset-backed securities, and fixed maturity securities issued by corporations (including private placements), states, municipalities, and other governmental agencies. As the volume or level of market activity for these securities is limited, management determines fair value either by requesting brokers who are knowledgeable about the particular security to provide a price quote, which according to management is generally non-binding, or by employing market accepted valuation models. In both cases, certain inputs used by management to determine fair value may not be observable in the market. For certain private placement securities, fair value is determined by management based on discounted cash flow models using discount rates based on credit spreads, yields or price levels of comparable securities, adjusted for illiquidity and structure. For other level 3 fixed maturity securities, such assumptions may include loan delinquencies and defaults, loss severity, and prepayments. As disclosed by management, fair value estimates are subject to management review to ensure valuation models and related inputs are reasonable."
blank,
narrative,"The principal considerations for our determination that performing procedures relating to the valuation of certain level 3 fixed maturity securities is a critical audit matter are (i) the significant judgment by management to determine the fair value of these securities, which in turn led to a high degree of auditor subjectivity and judgment in performing the audit procedures relating to the aforementioned assumptions that are used to determine the fair value, (ii) the significant audit effort and judgment in evaluating the audit evidence related to the valuation, and (iii) the audit effort involved the use of professionals with specialized skill and knowledge."
blank,
narrative,"Addressing the matter involved performing procedures and evaluating audit evidence in connection with forming our overall opinion on the consolidated financial statements. These procedures included testing the effectiveness of controls relating to the valuation of level 3 fixed maturity securities, including controls related to (i) management’s review over the pricing function and (ii) identifying and resolving pricing exceptions. These procedures also included, among others, obtaining independent third-party vendor pricing, where available, and the involvement of professionals with specialized skill and knowledge to assist in developing an independent range of prices for a sample of securities. Developing the independent range of prices involved testing the completeness and accuracy of data provided by management on a sample basis and evaluating the reasonableness of management’s assumptions noted above. The independent third-party vendor pricing and the independently developed ranges were compared to management’s recorded fair value estimates."
blank,
narrative,"Valuation of Insurance Liabilities - Unpaid Losses and Loss Adjustment Expenses (Loss Reserves), Net of Reinsurance"
blank,
narrative,"As described in Note 13 to the consolidated financial statements, loss reserves represent the accumulation of estimates of unpaid claims, including estimates for claims incurred but not reported and loss adjustment expenses, less applicable discount. As of December 31, 2023, the Company’s net liability for unpaid losses and loss adjustment expenses was $40.1 billion. As disclosed by management, the estimate of the loss reserves relies on several key judgments, including (i) actuarial methods, (ii) relative weights given to these methods by product line, (iii) underlying actuarial assumptions, and (iv) groupings of similar product lines. Actuarial assumptions include (i) expected loss ratios and (ii) loss development factors. During management’s actuarial reviews, various factors are considered, including economic conditions; the legal, regulatory, judicial and social environment; medical cost trends; policy pricing, terms and conditions; changes in the claims handling process; and the impact of reinsurance. As described in Note 13 to the consolidated financial statements, management uses a combination of actuarial methods to project ultimate losses for both long-tail and short-tail exposures."
blank,
narrative,"The principal considerations for our determination that performing procedures relating to the valuation of insurance liabilities - loss reserves, net of reinsurance is a critical audit matter are (i) the significant judgment by management when developing their estimate, which in turn led to a high degree of auditor subjectivity and judgment in performing the audit procedures related to the estimate, (ii) the significant audit effort and judgment in evaluating the audit evidence related to the actuarial methods, weights given to these methods by product line, groupings of similar product lines, and the aforementioned actuarial assumptions, and (iii) the audit effort involved the use of professionals with specialized skill and knowledge."
blank,
narrative,"Addressing the matter involved performing procedures and evaluating audit evidence in connection with forming our overall opinion on the consolidated financial statements. These procedures included testing the effectiveness of controls relating to the valuation of the net liability for unpaid losses and loss adjustment expense, including controls over the selection of actuarial methods and development of significant assumptions, as well as controls designed to identify and address management bias and contrary evidence. These procedures also included, among others, the involvement of professionals with specialized skill and knowledge to assist in performing one or a combination of procedures for a sample of product lines, including (i) independently estimating reserves using actual historical data and loss development patterns, as well as industry data and other benchmarks, and comparing management’s actuarially determined reserves to these independent estimates and (ii) evaluating management’s actuarial reserving methods and aforementioned factors, including actuarial assumptions and judgments impacting loss reserves and the consistency of management’s approach period-over-period. Performing these procedures involved testing the completeness and accuracy of data used by management on a sample basis. "
blank,
footer,AIG | 2023 Form 10-K
blank,
footer,127
blank,
blank,
footer,ITEM 8 | Report of Independent Registered Public Accounting Firm
blank,
narrative,Valuation of Market Risk Benefits (MRBs) on Individual Retirement Variable and Fixed Index Annuity contracts and the valuation of Embedded Derivatives (EDs) for certain Guaranteed Benefit Features on Fixed Index Annuity contracts
blank,
narrative,"As described in Notes 5, 13, and 14 to the consolidated financial statements, the total fair value of the Individual Retirement MRB assets and liabilities were $740 million and $5,225 million, respectively, and the fair value of the EDs for certain guaranteed features on fixed index annuity contracts was $1.5 billion on December 31, 2023. Certain variable annuity and fixed index annuity contracts contain MRBs related to guaranteed benefit features that management separates from the host contracts and accounts for at fair value. As disclosed by management, the fair value of MRBs contained in certain variable and fixed index annuity contracts and the associated EDs for certain guaranteed features on fixed index annuities is measured based on policyholder behavior and capital market assumptions related to projected cash flows over the expected lives of the contracts. The projected cash flows incorporate best estimate assumptions for policyholder behavior (including lapses, withdrawals and benefit utilization), along with an explicit risk margin to reflect a market participant’s estimates of the fair value of projected cash flows and policyholder behavior. Estimating the underlying cash flows for these features also involves judgments regarding the capital market assumptions, including expected market rates of return, market volatility, credit spreads, correlations of certain market variables, fund performance and discount rates. The guaranteed product features in the fixed index annuity contracts that are not MRBs and are accounted for as EDs utilize option pricing models to estimate fair value, taking into account the capital market assumptions for future index growth rates, volatility of the index, future interest rates, and the Company’s ability to adjust the participation rate and the cap on fixed index credited rates in light of market conditions and policyholder behavior assumptions."
blank,
narrative,"The principal considerations for our determination that performing procedures relating to the valuation of MRBs on Individual Retirement variable and fixed index annuity contracts and EDs for certain guaranteed benefit features on fixed index contracts is a critical audit matter are (i) the significant judgment by management in developing policyholder behavior assumptions relating to the individual retirement variable and fixed index annuity lapses, withdrawals and benefit utilization, along with an explicit risk margin, as well as capital market assumptions related to market volatility, used in the valuation of the MRBs and EDs for certain guaranteed benefit features on fixed index contracts (collectively the “significant assumptions”), (ii) a high degree of auditor judgment, subjectivity and effort in performing procedures and evaluating management’s significant assumptions, and (iii) the audit effort involved in the use of professionals with specialized skill and knowledge."
blank,
narrative,"Addressing the matter involved performing procedures and evaluating audit evidence in connection with forming our overall opinion on the consolidated financial statements. These procedures included testing the effectiveness of controls relating to the development of assumptions used in the valuation of MRBs on Individual Retirement variable and fixed index annuity contracts and the EDs for certain guaranteed benefit features on fixed index contracts. These procedures also included, among others, (i) testing management’s process for developing the valuation of the MRBs and EDs for certain guaranteed benefit features on fixed index contracts, (ii) testing, on a sample basis, the completeness and accuracy of data used by management to develop the significant assumptions, (iii) testing that the significant assumptions are accurately reflected in the models, and (iv) the involvement of professionals with specialized skill and knowledge to assist in evaluating the reasonableness of management’s judgments used in developing the significant assumptions based on industry knowledge and data. "
blank,
narrative,Adoption of the New Accounting Standard for Long-Duration Contracts
blank,
narrative,"As described above and in Notes 2, 5, 13, and 14 to the consolidated financial statements, the Company has adopted the new accounting standard relating to targeted improvements to the accounting for long-duration contracts (the “LDTI standard”). The Company adopted the LDTI standard on January 1, 2023 with a transition date of January 1, 2021, using the modified retrospective basis, except for market risk benefits (MRBs) which used a full retrospective basis. The impact of the adoption of the LDTI standard resulted in a net decrease to beginning total equity of $1,264 million as of January 1, 2021. The impact of adopting the LDTI standard also resulted in adjustments to the Company’s previously reported consolidated financial statements as of December 31, 2022 and for each of the two years in the period ended December 31, 2022. These adjustments include a $2 million decrease and $983 million increase to net income for the years ended December 31, 2022 and 2021, respectively, and a $1,219 million increase to total equity as of December 31, 2022. The adoption adjustments include changes related to MRBs and changes to the discount rate used to measure the liability for future policy benefits. The method for constructing and applying the locked-in discount rate assumptions on newly issued business is determined based on factors such as product characteristics and the expected timing of cash flows. Management employs conversion and interpolation methodologies when necessary. The current discount rate assumption for the liability for future policy benefits, which is derived from market observable yields on upper medium-grade fixed income instruments, is updated quarterly. The fair value of MRBs incorporate best estimate assumptions for policyholder behavior (including lapses, withdrawals and benefit utilization), along with an explicit risk margin to reflect a market participant’s estimates of the fair value of projected cash flows and policyholder behavior. Estimating the underlying cash flows involves judgments regarding capital market assumptions related to expected market rates of return, market volatility, credit spreads, correlations of certain market variables, fund performance and discount rates. The portion of fees attributable to the fair value of expected benefit payments is included within the fair value measurement of these MRBs. The guaranteed product features in the fixed index annuity contracts that are not MRBs and are accounted for as EDs utilize option pricing models to estimate fair value, taking into account the capital market assumptions for future index growth rates, volatility of the index, future interest rates, and the Company’s ability to adjust the participation rate and the cap on fixed index credited rates in light of market conditions and policyholder behavior assumptions. In connection with the adoption of the LDTI standard, as of December 31, 2022, the Company recorded the fair value of market risk benefit assets and market risk benefit liabilities of $661 million and $4,305 million, respectively, which includes MRBs related to individual retirement variable and fixed index annuities, and the fair value of EDs related to the fixed index annuity contracts with guaranteed product features included in policyholder contract deposits of $1.1 billion. "
blank,
narrative,"The principal considerations for our determination that performing procedures relating to the adoption of the LDTI standard is a critical audit matter are (i) the significant judgment by management when adopting the LDTI standard and determining the adoption adjustments, (ii) a high degree of auditor judgment, subjectivity and effort in performing procedures and evaluating management’s assumptions related to (a) the "
blank,
footer,128
blank,
footer,AIG | 2023 Form 10-K
blank,
blank,
footer,ITEM 8 | Report of Independent Registered Public Accounting Firm
blank,
narrative,"discount rate assumption for the liability for future policy benefits, (b) the individual retirement variable annuity policyholder behavior assumptions related to lapses, withdrawals, benefit utilization, an explicit risk margin, and capital market assumptions related to long-term equity volatilities used in determining the attributed fee at policy inception date in the valuation of MRBs, (c) the individual retirement variable annuity and fixed index annuity policyholder behavior assumptions related to lapses, withdrawals, benefit utilization, along with an explicit risk margin, as well as capital market assumptions related to long-term equity volatilities and individual retirement fixed index annuity option budget assumptions used in the valuation of MRBs, and (d) the individual retirement fixed index annuity policyholder behavior assumptions related to lapses, withdrawals, benefit utilization, along with an explicit risk margin, as well as capital market assumptions related to the option budget assumptions used in the valuation of the EDs for certain guaranteed benefit features on fixed index contracts, and (iii) the audit effort involved the use of professionals with specialized skills and knowledge."
blank,
narrative,"Addressing the matter involved performing procedures and evaluating audit evidence in connection with forming our overall opinion on the consolidated financial statements. These procedures included testing the effectiveness of controls related to management’s adoption of the LDTI standard, including controls over determining the adoption adjustments. These procedures also included, among others, (i) evaluating management’s process for adopting the LDTI standard and for determining the adoption adjustments, (ii) testing the relevance and reliability of the external data used by management to develop the discount rate assumption for the liability for future policy benefit, (iii) testing, on a sample basis, the completeness and accuracy of the data used by management to develop and update the aforementioned policyholder behavior and capital market assumptions, and (iv) the use of professionals with specialized skill and knowledge to assist in (a) evaluating the reasonableness of the current discount rate assumption based on the consideration of the Company’s experience, industry trends, and market conditions, as applicable, and (b) evaluating the reasonableness of the aforementioned policyholder behavior and capital market assumptions used to determine the attributed fee at policy inception, the fair value of MRBs and EDs for certain guaranteed benefit features on fixed index contracts based on the consideration of the Company’s historical and actual experience, industry trends, and market conditions, as applicable, in connection with adopting the LDTI standard. "
blank,
narrative,Recoverability of U.S. Federal Deferred Tax Asset
blank,
narrative,"As described in Note 23 to the consolidated financial statements, as of December 31, 2023, the Company had a net U.S. federal deferred tax asset of $13.6 billion, $4.6 billion of which related to U.S. tax attributes of AIG's consolidated federal income tax group with a limited carryforward period. Management evaluates the recoverability of the deferred tax asset and the need for a valuation allowance based on the weight of all positive and negative evidence to reach a conclusion of whether it is more likely than not that all or some portion of the deferred tax asset will not be realized. As disclosed by management, in assessing the recoverability of the deferred tax asset, management considers a number of factors, which include forecasts of future income for each of the businesses and actual and planned business and operational changes, using assumptions about future macroeconomic and company specific conditions and events. Management subjects the forecasts to changes in key assumptions and evaluates the effect on tax attribute utilization, including tax attribute carryforward periods. Management also applies changes to assumptions about the effectiveness of relevant prudent and feasible tax planning strategies. As of December 31, 2023, management determined that it is no longer more-likely-than-not that $300 million of the Company’s deferred tax assets related to tax attribute carryforwards of AIG's consolidated federal income tax group will be utilized prior to expiration and reduced their beginning of the year valuation allowance by $405 million. "
blank,
narrative,"The principal considerations for our determination that performing procedures relating to the recoverability of the U.S. federal deferred tax asset is a critical audit matter are (i) the significant judgment by management when developing their estimate of the recoverability, which in turn led to a high degree of auditor subjectivity and judgment in performing the audit procedures relating to the forecasts of future income for the non-life business, assumptions about future macroeconomic and company specific conditions and events, tax attribute carryforward periods, and tax planning strategies, (ii) the significant audit effort and judgment in evaluating the audit evidence related to the recoverability of the U.S. federal deferred tax asset, and (iii) the audit effort involved the use of professionals with specialized skill and knowledge."
blank,
narrative,"Addressing the matter involved performing procedures and evaluating audit evidence in connection with forming our overall opinion on the consolidated financial statements. These procedures included testing the effectiveness of controls relating to the recoverability of the U.S. federal deferred tax asset, including controls over the accuracy of input data relevant to the analysis, such as cumulative income/loss measurement, reversal of temporary differences, adjustments to forecasted pre-tax income to calculate future taxable income, impacts of tax audits, and enacted and effective tax law considerations. These procedures also included, among others, the involvement of professionals with specialized skill and knowledge to assist in (i) evaluating management’s assessment of the recoverability of the U.S. federal deferred tax asset and the need for a valuation allowance, including the reasonableness of the application of tax law, (ii) testing management’s process for forecasting future income for each of the businesses, which included evaluating the impact of actual and planned business and operational changes, the reasonableness of assumptions about future macroeconomic and company specific conditions and events, impacts of tax audits, as well as considering whether management demonstrated their ability and intent in executing planned strategies, (iii) testing the tax attribute carryforward periods, and (iv) evaluating the prudence and feasibility of the implementation of available tax planning strategies that impact the recoverability of the U.S. federal deferred tax asset."
blank,
narrative,/s/ PricewaterhouseCoopers LLP
blank,
narrative,"New York, New York"
blank,
narrative,"February 14, 2024"
blank,
narrative,We have served as the Company’s auditor since 1980.
blank,
footer,AIG | 2023 Form 10-K
blank,
footer,129
blank,
blank,
narrative,"American International Group, Inc."
blank,
narrative,Consolidated Balance Sheets 
blank,
table_row,"(in millions, except for share data)December 31,2023December 31,2022"
blank,
table_row,Assets:
blank,
table_row,Investments:
blank,
table_row,Fixed maturity securities:
blank,
table_row,"Bonds available for sale, at fair value, net of allowance for credit losses of $162 in 2023 and $186 in 2022 (amortized cost: 2023 - $253,035; 2022 - $255,993)*"
blank,
table_row,"$231,733 $226,156 "
blank,
table_row,"Other bond securities, at fair value (See Note 6)*"
blank,
table_row,"5,241 4,485 "
blank,
table_row,"Equity securities, at fair value (See Note 6)*"
blank,
table_row,728 575 
blank,
table_row,"Mortgage and other loans receivable, net of allowance for credit losses of $38,473 in 2023 and $38,351 in 2022*"
blank,
table_row,"51,553 49,605 "
blank,
table_row,"Other invested assets (portion measured at fair value: 2023 - $11,733; 2022 - $12,042)*"
blank,
table_row,"16,217 15,953 "
blank,
table_row,"Short-term investments, including restricted cash of $4 in 2023 and $140 in 2022 (portion measured at fair value: 2023 - $10,772; 2022 - $5,708)*"
blank,
table_row,"17,200 12,376 "
blank,
table_row,"Total investments322,672 309,150 "
blank,
table_row,"Cash*2,155 2,043 "
blank,
table_row,"Accrued investment income*2,588 2,376 "
blank,
table_row,"Premiums and other receivables, net of allowance for credit losses and disputes of $139 in 2023 and $169 in 2022"
blank,
table_row,"10,561 13,243 "
blank,
table_row,"Reinsurance assets - Fortitude Re, net of allowance for credit losses and disputes of $0 in 2023 and $0 in 2022"
blank,
table_row,"30,612 30,751 "
blank,
table_row,"Reinsurance assets - other, net of allowance for credit losses and disputes of $236 in 2023 and $295 in 2022"
blank,
table_row,"36,914 38,971 "
blank,
table_row,"Deferred income taxes14,445 14,804 "
blank,
table_row,"Deferred policy acquisition costs12,085 12,857 "
blank,
table_row,"Market risk benefit assets, at fair value912 796 "
blank,
table_row,"Other assets, net of allowance for credit losses of $49 in 2023 and $49 in 2022, including restricted cash of $45 in 2023 and $33 in 2022 (portion measured at fair value: 2023 - $754; 2022 - $621)*"
blank,
table_row,"13,089 12,384 "
blank,
table_row,"Separate account assets, at fair value91,005 84,853 "
blank,
table_row,"Assets held for sale2,268 — "
blank,
table_row,"Total assets$539,306 $522,228 "
blank,
table_row,Liabilities:
blank,
table_row,"Liability for unpaid losses and loss adjustment expenses, including allowance for credit losses of $14 in 2023 and $14 in 2022"
blank,
table_row,"$70,393 $75,167 "
blank,
table_row,"Unearned premiums17,387 18,338 "
blank,
table_row,"Future policy benefits for life and accident and health insurance contracts58,576 51,914 "
blank,
table_row,"Policyholder contract deposits (portion measured at fair value: 2023 - $7,997; 2022 - $5,408)"
blank,
table_row,"161,979 155,984 "
blank,
table_row,"Market risk benefit liabilities, at fair value5,705 4,736 "
blank,
table_row,"Other policyholder funds3,356 3,463 "
blank,
table_row,"Fortitude Re funds withheld payable (portion measured at fair value: 2023 - $(1,226); 2022 - $(2,235))"
blank,
table_row,"29,484 30,383 "
blank,
table_row,Other liabilities (portion measured at fair value: 2023 - $624; 2022 - $343)*
blank,
table_row,"25,958 26,757 "
blank,
table_row,"Short-term and long-term debt, of which $250 and $1,500 is short-term debt in 2023 and 2022 (portion measured at fair value: 2023 - $53; 2022 - $56)"
blank,
table_row,"19,796 21,299 "
blank,
table_row,"Debt of consolidated investment entities*2,591 5,880 "
blank,
table_row,"Separate account liabilities91,005 84,853 "
blank,
table_row,"Liabilities held for sale1,775 — "
blank,
table_row,"Total liabilities488,005 478,774 "
blank,
table_row,"Contingencies, commitments and guarantees (See Note 17)"
blank,
table_row,AIG shareholders’ equity:
blank,
table_row,"Series A non-cumulative preferred stock and additional paid in capital, $5.00 par value; 100,000,000 shares authorized; shares issued: 2023 - 20,000 and 2022 - 20,000; liquidation preference $500"
blank,
table_row,485 485 
blank,
table_row,"Common stock, $2.50 par value; 5,000,000,000 shares authorized; shares issued: 2023 - 1,906,671,492 and 2022 - 1,906,671,492"
blank,
table_row,"4,766 4,766 "
blank,
table_row,"Treasury stock, at cost; 2023 - 1,217,831,721 shares; 2022 - 1,172,543,436 shares of common stock"
blank,
table_row,"(59,189)(56,473)"
blank,
table_row,"Additional paid-in capital75,810 79,915 "
blank,
table_row,"Retained earnings37,516 34,893 "
blank,
table_row,"Accumulated other comprehensive loss(14,037)(22,616)"
blank,
table_row,"Total AIG shareholders’ equity45,351 40,970 "
blank,
table_row,"Non-redeemable noncontrolling interests5,950 2,484 "
blank,
table_row,"Total equity51,301 43,454 "
blank,
table_row,"Total liabilities and equity$539,306 $522,228 "
blank,
narrative,*See Note 10 for details of balances associated with variable interest entities.
blank,
narrative,See accompanying Notes to Consolidated Financial Statements.
blank,
footer,130
blank,
footer,AIG | 2023 Form 10-K
blank,
blank,
narrative,"American International Group, Inc."
blank,
narrative,Consolidated Statements of Income (Loss) 
blank,
table_row,"Years Ended December 31,"
blank,
table_row,"(dollars in millions, except per common share data)202320222021"
blank,
table_row,Revenues:
blank,
table_row,"Premiums$33,254 $31,856 $31,285 "
blank,
table_row,"Policy fees2,797 2,913 3,005 "
blank,
table_row,Net investment income:
blank,
table_row,"Net investment income - excluding Fortitude Re funds withheld assets13,048 10,824 12,641 "
blank,
table_row,"Net investment income - Fortitude Re funds withheld assets1,544 943 1,971 "
blank,
table_row,"Total net investment income14,592 11,767 14,612 "
blank,
table_row,Net realized gains (losses):
blank,
table_row,"Net realized gains (losses) - excluding Fortitude Re funds withheld assets and embedded derivative(2,306)69 1,871 "
blank,
table_row,"Net realized gains (losses) on Fortitude Re funds withheld assets(295)(486)1,003 "
blank,
table_row,"Net realized gains (losses) on Fortitude Re funds withheld embedded derivative(2,007)7,481 (603)"
blank,
table_row,"Total net realized gains (losses)(4,608)7,064 2,271 "
blank,
table_row,Other income767 850 984 
blank,
table_row,"Total revenues46,802 54,450 52,157 "
blank,
table_row,"Benefits, losses and expenses:"
blank,
table_row,"Policyholder benefits and losses incurred (including remeasurement losses of $342, $304 and $247 for the years ended December 31, 2023, 2022 and 2021, respectively)"
blank,
table_row,"24,755 22,176 23,785 "
blank,
table_row,"Change in the fair value of market risk benefits, net2 (958)(447)"
blank,
table_row,"Interest credited to policyholder account balances4,424 3,744 3,570 "
blank,
table_row,"Amortization of deferred policy acquisition costs4,808 4,557 4,524 "
blank,
table_row,"General operating and other expenses8,499 9,122 8,728 "
blank,
table_row,"Interest expense1,136 1,125 1,305 "
blank,
table_row,(Gain) loss on extinguishment of debt(37)303 389 
blank,
table_row,"Net (gain) loss on divestitures and other(643)82 (3,044)"
blank,
table_row,"Total benefits, losses and expenses42,944 40,151 38,810 "
blank,
table_row,"Income from continuing operations before income tax expense (benefit)3,858 14,299 13,347 "
blank,
table_row,Income tax expense (benefit):
blank,
table_row,Current491 517 (45)
blank,
table_row,"Deferred(511)2,508 2,486 "
blank,
table_row,"Income tax expense (benefit)(20)3,025 2,441 "
blank,
table_row,"Income from continuing operations3,878 11,274 10,906 "
blank,
table_row,"Loss from discontinued operations, net of income taxes— (1)— "
blank,
table_row,"Net income3,878 11,273 10,906 "
blank,
table_row,Less:
blank,
table_row,"Net income from continuing operations attributable to noncontrolling interests235 1,046 539 "
blank,
table_row,"Net income attributable to AIG3,643 10,227 10,367 "
blank,
table_row,Less: Dividends on preferred stock29 29 29 
blank,
table_row,"Net income attributable to AIG common shareholders$3,614 $10,198 $10,338 "
blank,
table_row,Income per common share attributable to AIG common shareholders:
blank,
table_row,Basic:
blank,
table_row,Income (loss) from continuing operations$5.02 $13.10 $12.10 
blank,
table_row,Income from discontinued operations$— $— $— 
blank,
table_row,Net income (loss) attributable to AIG common shareholders$5.02 $13.10 $12.10 
blank,
table_row,Diluted:
blank,
table_row,Income (loss) from continuing operations$4.98 $12.94 $11.95 
blank,
table_row,Income from discontinued operations$— $— $— 
blank,
table_row,Net income (loss) attributable to AIG common shareholders$4.98 $12.94 $11.95 
blank,
table_row,Weighted average shares outstanding:
blank,
table_row,"Basic719,506,291 778,621,118 854,320,449 "
blank,
table_row,"Diluted725,233,068 787,941,750 864,884,879 "
blank,
narrative,See accompanying Notes to Consolidated Financial Statements.
blank,
footer,AIG | 2023 Form 10-K
blank,
footer,131
blank,
blank,
narrative,"American International Group, Inc."
blank,
narrative,Consolidated Statements of Comprehensive Income (Loss) 
blank,
table_row,"Years Ended December 31,"
blank,
table_row,(in millions)202320222021
blank,
table_row,"Net income$3,878 $11,273 $10,906 "
blank,
table_row,"Other comprehensive income (loss), net of tax"
blank,
table_row,Change in unrealized appreciation (depreciation) of fixed maturity securities on which allowance for credit losses was taken14 (94)44 
blank,
table_row,"Change in unrealized appreciation (depreciation) of all other investments7,134 (38,408)(7,151)"
blank,
table_row,"Change in fair value of market risk benefits attributable to changes in our own credit risk(544)1,294 179 "
blank,
table_row,"Change in the discount rates used to measure traditional and limited payment long-duration insurance contracts(871)5,544 1,361 "
blank,
table_row,Change in foreign currency translation adjustments102 (613)(180)
blank,
table_row,Change in retirement plan liabilities adjustment105 (20)325 
blank,
narrative,Change in fair value of liabilities under fair value option attributable to changes in our own credit risk— (6)(2)
blank,
table_row,"Other comprehensive income (loss)5,940 (32,303)(5,424)"
blank,
table_row,"Comprehensive income (loss)9,818 (21,030)5,482 "
blank,
table_row,"Comprehensive income (loss) attributable to noncontrolling interests1,534 (1,454)440 "
blank,
table_row,"Comprehensive income (loss) attributable to AIG$8,284 $(19,576)$5,042 "
blank,
narrative,See accompanying Notes to Consolidated Financial Statements.
blank,
footer,132
blank,
footer,AIG | 2023 Form 10-K
blank,
blank,
table_row,"American International Group, Inc."
blank,
table_row,Consolidated Statements of Equity 
blank,
table_row,"(in millions, except per share data)PreferredStock andAdditional Paid-inCapitalCommon StockTreasury StockAdditional Paid-in CapitalRetained EarningsAccumulated Other Comprehensive Income (Loss)TotalAIGShare-holders'EquityNon- redeemable Non-controlling InterestsTotal Equity"
blank,
table_row,"Balance, January 1, 2021$485 $4,766 $(49,322)$81,418 $15,504 $13,511 $66,362 $837 $67,199 "
blank,
table_row,"Cumulative effect of change in accounting principle, net of tax— — — — 933 (2,197)(1,264)— (1,264)"
blank,
table_row,Common stock issued under stock plans— — 217 (281)— — (64)— (64)
blank,
table_row,"Purchase of common stock— — (2,614)(29)— — (2,643)— (2,643)"
blank,
table_row,"Net income attributable to AIG or noncontrolling interests— — — — 10,367 — 10,367 539 10,906 "
blank,
table_row,"Dividends on preferred stock ($1,462.50 per share)"
blank,
table_row,— — — — (29)— (29)— (29)
blank,
table_row,Dividends on common stock ($1.28 per share)
blank,
table_row,"— — — — (1,083)— (1,083)— (1,083)"
blank,
table_row,"Other comprehensive loss— — — — — (5,325)(5,325)(99)(5,424)"
blank,
table_row,"Net increase (decrease) due to divestitures and acquisitions— — — 288 — (918)(630)2,342 1,712 "
blank,
table_row,Contributions from noncontrolling interests— — — — — — — 22 22 
blank,
table_row,Distributions to noncontrolling interests— — — — — — — (682)(682)
blank,
table_row,Other— — 101 273 3 — 377 7 384 
blank,
table_row,"Balance, December 31, 2021$485 $4,766 $(51,618)$81,669 $25,695 $5,071 $66,068 $2,966 $69,034 "
blank,
table_row,Common stock issued under stock plans— — 294 (368)— — (74)— (74)
blank,
table_row,"Purchase of common stock— — (5,149)— — — (5,149)— (5,149)"
blank,
table_row,"Net income attributable to AIG or noncontrolling interests— — — — 10,227 — 10,227 1,046 11,273 "
blank,
table_row,"Dividends on preferred stock ($1,462.50 per share)"
blank,
table_row,— — — — (29)— (29)— (29)
blank,
table_row,Dividends on common stock ($1.28 per share)
blank,
table_row,— — — — (982)— (982)— (982)
blank,
table_row,"Other comprehensive loss— — — — — (29,803)(29,803)(2,500)(32,303)"
blank,
table_row,"Net increase (decrease) due to divestitures and acquisitions— — — (1,619)— 2,116 497 1,117 1,614 "
blank,
table_row,Contributions from noncontrolling interests— — — — — — — 133 133 
blank,
narrative,Distributions to noncontrolling interests— — — — — — — (284)(284)
blank,
table_row,Other— — — 233 (18)— 215 6 221 
blank,
table_row,"Balance, December 31, 2022$485 $4,766 $(56,473)$79,915 $34,893 $(22,616)$40,970 $2,484 $43,454 "
blank,
table_row,Common stock issued under stock plans— — 298 (423)— — (125)— (125)
blank,
table_row,"Purchase of common stock— — (3,014)— — — (3,014)— (3,014)"
blank,
table_row,"Net income attributable to AIG or noncontrolling interests— — — — 3,643 — 3,643 235 3,878 "
blank,
table_row,"Dividends on preferred stock ($1,462.50 per share)"
blank,
table_row,— — — — (29)— (29)— (29)
blank,
table_row,Dividends on common stock ($1.40 per share)
blank,
table_row,— — — — (997)— (997)— (997)
blank,
table_row,"Other comprehensive income— — — — — 4,641 4,641 1,299 5,940 "
blank,
narrative,"Net increase (decrease) due to divestitures and acquisitions— — — (3,793)— 3,938 145 2,524 2,669 "
blank,
table_row,Contributions from noncontrolling interests— — — — — — — 49 49 
blank,
narrative,Distributions to noncontrolling interests— — — — — — — (710)(710)
blank,
table_row,Other— — — 111 6 — 117 69 186 
blank,
table_row,"Balance, December 31, 2023$485 $4,766 $(59,189)$75,810 $37,516 $(14,037)$45,351 $5,950 $51,301 "
blank,
narrative,See accompanying Notes to Consolidated Financial Statements.
blank,
footer,AIG | 2023 Form 10-K
blank,
footer,133
blank,
blank,
narrative,"American International Group, Inc."
blank,
narrative,Consolidated Statements of Cash Flows 
blank,
table_row,"Years Ended December 31,"
blank,
table_row,(in millions)202320222021
blank,
table_row,Cash flows from operating activities:
blank,
table_row,"Net income$3,878 $11,273 $10,906 "
blank,
table_row,Loss from discontinued operations— 1 — 
blank,
table_row,Adjustments to reconcile net income (loss) to net cash provided by operating activities:
blank,
table_row,"Noncash revenues, expenses, gains and losses included in income (loss):"
blank,
narrative,"Net (gains) losses on sales of securities available for sale and other assets970 959 (2,099)"
blank,
table_row,"Net (gain) loss on divestitures and other(643)82 (3,044)"
blank,
table_row,(Gain) loss on extinguishment of debt(37)303 389 
blank,
table_row,"Unrealized (gains) losses in earnings - net1,674 1,094 (873)"
blank,
table_row,"Change in the fair value of market risk benefits in earnings, net(348)(1,481)(1,427)"
blank,
table_row,"Equity in (income) loss from equity method investments, net of dividends or distributions(7)(164)3 "
blank,
table_row,"Depreciation and other amortization4,214 4,409 4,542 "
blank,
table_row,Impairments of assets90 26 46 
blank,
narrative,Changes in operating assets and liabilities:
blank,
table_row,"Insurance reserves1,593 (3,837)4,472 "
blank,
table_row,"Premiums and other receivables and payables - net391 (10,222)(724)"
blank,
table_row,"Reinsurance assets, net472 3,978 (1,044)"
blank,
table_row,"Capitalization of deferred policy acquisition costs(5,419)(4,722)(4,969)"
blank,
table_row,"Current and deferred income taxes - net(1,003)2,279 1,579 "
blank,
table_row,"Other, net418 156 (1,534)"
blank,
table_row,"Total adjustments2,365 (7,140)(4,683)"
blank,
table_row,"Net cash provided by operating activities6,243 4,134 6,223 "
blank,
table_row,Cash flows from investing activities:
blank,
table_row,Proceeds from (payments for)
blank,
table_row,Sales or distributions of:
blank,
table_row,"Available for sale securities22,933 21,660 26,098 "
blank,
table_row,"Other securities1,347 3,060 975 "
blank,
table_row,"Other invested assets2,328 2,891 6,258 "
blank,
table_row,"Divestitures, net3,315 — 4,683 "
blank,
table_row,"Maturities of fixed maturity securities available for sale17,957 18,485 34,765 "
blank,
table_row,"Principal payments received on and sales of mortgage and other loans receivable7,429 9,435 8,267 "
blank,
table_row,Purchases of:
blank,
table_row,"Available for sale securities(40,466)(38,885)(74,204)"
blank,
table_row,"Other securities(1,581)(3,714)(2,034)"
blank,
table_row,"Other invested assets(2,189)(2,346)(3,168)"
blank,
table_row,"Mortgage and other loans receivable(10,137)(14,364)(9,013)"
blank,
table_row,"Net change in short-term investments(6,637)595 5,088 "
blank,
table_row,"Other, net(1,320)(443)(995)"
blank,
table_row,"Net cash used in investing activities(7,021)(3,626)(3,280)"
blank,
table_row,Cash flows from financing activities:
blank,
table_row,Proceeds from (payments for)
blank,
table_row,"Policyholder contract deposits33,015 26,582 25,480 "
blank,
narrative,"Policyholder contract withdrawals(27,957)(20,722)(22,481)"
blank,
table_row,"Issuance of long-term debt1,982 7,477 107 "
blank,
table_row,"Issuance of debt of consolidated investment entities225 933 4,338 "
blank,
table_row,"Repayments of long-term debt(2,304)(9,455)(4,147)"
blank,
table_row,"Repayments of debt of consolidated investment entities(606)(1,251)(4,494)"
blank,
table_row,"Repayments of delayed draw term loan agreement(1,250)— — "
blank,
table_row,"Borrowings under delayed draw term loan agreement— 1,500 — "
blank,
table_row,"Purchase of common stock(2,961)(5,200)(2,592)"
blank,
table_row,Dividends paid on preferred stock(29)(29)(29)
blank,
table_row,"Dividends paid on common stock(997)(982)(1,083)"
blank,
table_row,"Other, net1,664 545 1,222 "
blank,
table_row,"Net cash provided by (used in) financing activities782 (602)(3,679)"
blank,
table_row,Effect of exchange rate changes on cash and restricted cash(13)(117)(67)
blank,
table_row,Net decrease in cash and restricted cash(9)(211)(803)
blank,
table_row,"Cash and restricted cash at beginning of year2,216 2,427 3,230 "
blank,
table_row,Cash and restricted cash of held for sale assets(3)— — 
blank,
table_row,"Cash and restricted cash at end of year$2,204 $2,216 $2,427 "
blank,
footer,134
blank,
footer,AIG | 2023 Form 10-K
blank,
blank,
narrative,"American International Group, Inc."
blank,
narrative,Consolidated Statements of Cash Flows (continued)
blank,
narrative,Supplementary Disclosure of Consolidated Cash Flow Information
blank,
table_row,"Years Ended December 31,"
blank,
table_row,(in millions)202320222021
blank,
table_row,"Cash$2,155 $2,043 $2,198 "
blank,
table_row,Restricted cash included in Short-term investments*4 140 197 
blank,
table_row,Restricted cash included in Other assets*45 33 32 
blank,
table_row,"Total cash and restricted cash shown in the Consolidated Statements of Cash Flows$2,204 $2,216 $2,427 "
blank,
table_row,Cash paid during the period for:
blank,
table_row,"Interest$1,059 $1,127 $1,348 "
blank,
table_row,Taxes$984 $746 $862 
blank,
table_row,Non-cash investing activities:
blank,
table_row,"Fixed maturity securities available for sale received in connection with pension risk transfer transactions$4,317 $1,121 $2,284 "
blank,
table_row,Fixed maturity securities and other invested assets received in connection with reinsurance transactions$110 $110 $161 
blank,
table_row,Fixed maturity securities and other invested assets transferred in connection with reinsurance transactions$(838)$(224)$(837)
blank,
table_row,Non-cash consideration received from sale of Validus Re$290 $— $— 
blank,
table_row,Non-cash financing activities:
blank,
table_row,"Interest credited to policyholder contract deposits included in financing activities$4,501 $3,676 $3,642 "
blank,
table_row,"Fee income debited to policyholder contract deposits included in financing activities$(2,122)$(1,694)$(1,690)"
blank,
table_row,"*Includes funds held for tax sharing payments to AIG Parent, security deposits, and replacement reserve deposits related to real estate."
blank,
narrative,See accompanying Notes to Consolidated Financial Statements.
blank,
footer,AIG | 2023 Form 10-K
blank,
footer,135
blank,
blank,
footer,ITEM 8 | Notes to Consolidated Financial Statements | 1. Basis of Presentation
blank,
narrative,1. Basis of Presentation
blank,
narrative,"American International Group, Inc. (AIG) is a leading global insurance organization. AIG provides insurance solutions that help businesses and individuals in approximately 190 countries and jurisdictions protect their assets and manage risks through AIG operations and network partners. Unless the context indicates otherwise, the terms “AIG,” “we,” “us,” “our” or ""the Company"" mean American International Group, Inc. and its consolidated subsidiaries, and the term “AIG Parent” means American International Group, Inc. and not any of its consolidated subsidiaries."
blank,
narrative,"The consolidated financial statements include the accounts of AIG Parent, our controlled subsidiaries (generally through a greater than 50 percent ownership of voting rights and voting interests), and variable interest entities (VIEs) of which we are the primary beneficiary. Equity investments in entities that we do not consolidate, including corporate entities in which we have significant influence and partnership and partnership-like entities in which we have more than minor influence over the operating and financial policies, are accounted for under the equity method unless we have elected the fair value option."
blank,
narrative,"Prior to the fourth quarter ending December 31, 2022, certain of our foreign property and casualty subsidiaries reported on the basis of a fiscal year ending November 30. The effect on our consolidated financial condition and results of operations of all material events occurring at these subsidiaries from November 30 through December 31 of the periods previously presented in these Consolidated Financial Statements was considered for adjustment and/or disclosure."
blank,
narrative,"Effective with the fourth quarter of the year ended December 31, 2022, the foreign property and casualty subsidiaries now report on a calendar year ending December 31. The elimination of a one-month reporting lag of a subsidiary is considered a change in accounting principle. We believe this change in accounting principle is preferable given that it aligns the reporting dates with other consolidated entities, which allows for a timelier and more consistent basis of reporting within our Consolidated Financial Statements. A change in accounting principle requires retrospective application. However, we determined that the effect of not retroactively applying this change was not material to our Consolidated Financial Statements for the current and prior periods. Therefore, we reported the cumulative effect of the change in accounting principle within the Consolidated Statements of Income (Loss) for the year ended December 31, 2022 and did not retrospectively apply the effects of this change to prior periods. The adoption impact was an increase to net income of $100 million for the year ended December 31, 2022."
blank,
narrative,"We adopted the Financial Accounting Standards Board's (FASB) targeted improvements to the accounting for long-duration contracts (the standard or LDTI) on January 1, 2023 with a transition date of January 1, 2021 (Transition Date). In accordance with the transition guidance in the standard, we updated our prior period Consolidated Financial Statements presented herein to reflect LDTI. For additional detail, see Note 2."
blank,
narrative,The accompanying consolidated financial statements have been prepared in accordance with accounting principles generally accepted in the United States (U.S. GAAP). All material intercompany accounts and transactions have been eliminated.  
blank,
narrative,SALES/DISPOSALS OF ASSETS AND BUSINESSES
blank,
narrative,AIG Life Limited
blank,
narrative,"On September 25, 2023, Corebridge Financial, Inc. (Corebridge) announced that it entered into a definitive agreement to sell AIG Life Limited (AIG Life) to Aviva plc for £460 million in cash, subject to certain adjustments. The sale of AIG Life is expected to close in the first half of 2024, subject to regulatory approvals and other customary closing conditions. For further details on this transaction, see Note 4."
blank,
narrative,Laya Healthcare Limited
blank,
narrative,"On October 31, 2023, Corebridge completed the sale of Laya Healthcare Limited (Laya) to AXA and received gross proceeds of €691 million ($731 million), resulting in a pre-tax gain of $652 million. "
blank,
narrative,Validus Re
blank,
narrative,"On November 1, 2023, AIG completed the sale of Validus Reinsurance, Ltd. (Validus Re), including AlphaCat Managers Ltd. and the Talbot Treaty reinsurance business, to RenaissanceRe Holdings Ltd. (RenaissanceRe) and received cash proceeds of $2.7 billion from RenaissanceRe and 1.3 million shares of RenaissanceRe common stock valued at $290 million as of the closing date, resulting in a pre-tax loss of $78 million. The results of Validus Re are reported in General Insurance."
blank,
narrative,"Additionally, AIG agreed to retain 95 percent of the difference between (i) the reserves with respect to the business as of the closing date of the sale for losses occurring prior to the closing date and (ii) the associated reserve development following the closing date with respect to such losses. Any reserve development will be settled annually, commencing with the calendar year ending "
blank,
footer,136
blank,
footer,AIG | 2023 Form 10-K
blank,
blank,
footer,ITEM 8 | Notes to Consolidated Financial Statements | 1. Basis of Presentation
blank,
narrative,"December 31, 2024. This arrangement stays in effect until the parties determine to terminate such arrangement (which they will re-evaluate on an annual basis beginning 5 years after the closing date) or until all such liabilities of the acquired reinsurance business have run off. The reserve cover is considered contingent consideration and was recognized at fair value of $130 million when the sale closed."
blank,
narrative,"On September 4, 2023, AIG entered into an Adverse Development Cover Excess of Loss Agreement (the ADC Agreement) to hedge the risk of adverse development pertaining to Validus Re’s reserves with Clarendon National Insurance Company, a wholly owned subsidiary of Enstar Group Limited. Under the ADC Agreement, AIG will be reimbursed up to $400 million of adverse development for all policies in force as of December 31, 2022 when paid losses exceed the baseline reserve balance of $3.043 billion. The premium expensed in connection with the ADC Agreement was $80 million. "
blank,
narrative,Crop Risk Services
blank,
narrative,"On May 2, 2023, AIG announced that it reached an agreement to sell Crop Risk Services, Inc. (CRS) to American Financial Group, Inc. (AFG) and in substance, AIG exited the crop business. The gross proceeds, before deducting commissions, are $234 million. On July 3, 2023, the transaction closed, resulting in a pre-tax gain of $72 million for the year ended December 31, 2023.  "
blank,
narrative,Separation of Life and Retirement Business and Relationship with Blackstone Inc.
blank,
narrative,"AIG owns 52.2 percent of the outstanding common stock of Corebridge as of December 31, 2023. Corebridge is the holding company for AIG’s Life and Retirement business. AIG continues to consolidate Corebridge in AIG’s Consolidated Financial Statements. The portion of equity interest of Corebridge that AIG does not own is reflected as noncontrolling interest in AIG’s Consolidated Financial Statements. "
blank,
narrative,"In 2023, AIG closed on three secondary offerings and sold 159.75 million shares of Corebridge common stock. The aggregate gross proceeds of the offerings to AIG, before deducting underwriting discounts and commissions and other expenses payable by AIG, were approximately $2.9 billion. After consideration of underwriting discounts, commissions and other related expenses payable by AIG, AIG recorded an increase of $332 million in Total AIG shareholders' equity. "
blank,
narrative,"In 2023, Corebridge repurchased 26.5 million shares of Corebridge common stock for an aggregate purchase price of $498 million, of which 17.2 million shares were from AIG for an aggregate purchase price of $315 million. As a result, AIG recorded a decrease of $40 million in Total AIG shareholders' equity. "
blank,
narrative,"On September 19, 2022, AIG closed on the initial public offering (IPO) of 80 million shares of Corebridge common stock at a public offering price of $21.00 per share, representing 12.4 percent of Corebridge's common stock. The aggregate gross proceeds of the offering to AIG, before deducting underwriting discounts and commissions and other expenses payable by AIG, were approximately $1.7 billion. After consideration of underwriting discounts, commissions and other related expenses payable by AIG, AIG recorded an increase of $497 million in Total AIG shareholders' equity, recalculated on an LDTI basis. "
blank,
narrative,"Blackstone Inc. (Blackstone) completed the acquisition of a 9.9 percent equity stake in Corebridge in November 2021. Blackstone is required to hold its ownership interest in Corebridge, subject to exceptions permitting Blackstone to sell 25 percent, 67 percent and 75 percent of its ownership interest after the first, second and third anniversaries, respectively, of the closing of the Corebridge IPO (September 19, 2023, 2024 and 2025, respectively), with the transfer restrictions terminating in full on September 19, 2027. "
blank,
narrative,"On December 15, 2021, AIG and Blackstone Real Estate Income Trust (BREIT), a long-term, perpetual capital vehicle affiliated with Blackstone, completed the acquisition by BREIT of AIG’s interests in a U.S. affordable housing portfolio for $4.9 billion, in an all cash transaction, resulting in a pre-tax gain of $3.0 billion. The historical results of the U.S. affordable housing portfolio were reported in our Life and Retirement operating segments."
blank,
narrative,Sale of Certain AIG Life and Retirement Retail Mutual Funds Business
blank,
narrative,"On July 16, 2021, AIG announced the closing of its sale of certain assets of Life and Retirement's Retail Mutual Funds business to Touchstone Investments (Touchstone), an indirect wholly-owned subsidiary of Western & Southern Financial Group. This sale consisted of the reorganization of twelve of the retail mutual funds managed by SunAmerica Asset Management, LLC (SAAMCo), a Life and Retirement entity, into certain Touchstone funds. We received initial proceeds, and the twelve retail mutual funds managed by SAAMCo, with $6.8 billion in assets, were reorganized into Touchstone funds. Additional consideration has been and may be earned over a three-year period based on asset levels in certain reorganized funds. "
blank,
narrative,Other Events
blank,
narrative,"On December 14, 2022, AIG announced that its wholly-owned subsidiary, AIG Financial Products Corp. (AIGFP), filed a voluntary petition to reorganize under Chapter 11 of Title 11 of the United States Code in the United States Bankruptcy Court for the District of Delaware and filed a proposed plan of reorganization. The reorganization will not have a material impact on the consolidated balance sheets of AIG or our respective businesses. AIGFP has no material operations or businesses and no employees. In conjunction with the bankruptcy filing, AIGFP and its consolidated subsidiaries were deconsolidated from the results of AIG, resulting in a pre-tax loss "
blank,
footer,AIG | 2023 Form 10-K
blank,
footer,137
blank,
blank,
footer,ITEM 8 | Notes to Consolidated Financial Statements | 1. Basis of Presentation
blank,
narrative,"of $114 million for the twelve months ended December 31, 2022, reported in Net gain (loss) on divestitures and other. In addition, AIGFP and its subsidiaries were determined to be an unconsolidated variable interest entity.  "
blank,
narrative,USE OF ESTIMATES
blank,
narrative,The preparation of financial statements in accordance with U.S. GAAP requires the application of accounting policies that often involve a significant degree of judgment. Accounting policies that we believe are most dependent on the application of estimates and assumptions are considered our critical accounting estimates and are related to the determination of:
blank,
narrative,•loss reserves;
blank,
narrative,•valuation of future policy benefit liabilities and recognition of measurement gains and losses;
blank,
narrative,"•valuation of market risk benefits (MRBs) related to guaranteed benefit features of variable annuity, fixed annuity and fixed index annuity products;"
blank,
narrative,•valuation of embedded derivative liabilities for fixed index annuity and index universal life products;
blank,
narrative,"•reinsurance assets, including the allowance for credit losses and disputes;"
blank,
narrative,•goodwill impairment;
blank,
narrative,"•allowance for credit losses on certain investments, primarily on loans and available for sale fixed maturity securities;"
blank,
narrative,•fair value measurements of certain financial assets and financial liabilities; and
blank,
narrative,"•income taxes, in particular the recoverability of our deferred tax asset and establishment of provisions for uncertain tax positions."
blank,
narrative,"These accounting estimates require the use of assumptions about matters, some of which are highly uncertain at the time of estimation. To the extent actual experience differs from the assumptions used, our consolidated financial condition, results of operations and cash flows could be materially affected."
blank,
narrative,2. Summary of Significant Accounting Policies
blank,
narrative,"The following list identifies our significant accounting policies presented in other Notes to these Consolidated Financial Statements, with a reference to the Note where a detailed description can be found:"
blank,
narrative,Note 6.  Investments
blank,
narrative,•Fixed maturity and equity securities
blank,
narrative,•Other invested assets 
blank,
narrative,•Short-term investments 
blank,
narrative,•Net investment income
blank,
narrative,•Net realized gains (losses)
blank,
narrative,•Allowance for credit losses
blank,
narrative,Note 7.  Lending Activities
blank,
narrative,•Mortgage and other loans receivable – net of allowance
blank,
narrative,Note 8.  Reinsurance
blank,
narrative,•Reinsurance assets – net of allowance
blank,
narrative,•Retroactive reinsurance
blank,
narrative,Note 9.  Deferred Policy Acquisition Costs
blank,
narrative,•Deferred policy acquisition costs
blank,
narrative,•Deferred sales inducements
blank,
narrative,•Amortization of deferred policy acquisition costs
blank,
narrative,Note 10.  Variable Interest Entities
blank,
narrative,Note 11.  Derivatives and Hedge Accounting
blank,
narrative,"•Derivative assets and liabilities, at fair value"
blank,
narrative,Note 12.  Goodwill and Other Intangible Assets
blank,
narrative,Note 13.  Insurance Liabilities
blank,
narrative,•Liability for unpaid losses and loss adjustment expenses
blank,
narrative,•Discounting of reserves
blank,
narrative,•Future policy benefits
blank,
narrative,•Policyholder contract deposits
blank,
narrative,•Other policyholder funds
blank,
narrative,Note 14.  Market Risk Benefits
blank,
narrative,Note 16.  Debt
blank,
narrative,•Long-term debt
blank,
narrative,•Debt of consolidated investment entities
blank,
narrative,"Note 17.  Contingencies, Commitments and Guarantees"
blank,
narrative,•Legal contingencies
blank,
narrative,Note 19.  Earnings Per Common Share (EPS)
blank,
narrative,Note 23.  Income Taxes
blank,
footer,138
blank,
footer,AIG | 2023 Form 10-K
blank,
blank,
footer,ITEM 8 | Notes to Consolidated Financial Statements | 2. Summary of Significant Accounting Policies
blank,
narrative,OTHER SIGNIFICANT ACCOUNTING POLICIES
blank,
narrative,"Insurance revenues include premiums and policy fees. All premiums and policy fees are presented net of reinsurance, as applicable. Premiums for short-duration contracts are recorded as written on the inception date of the policy. Premiums are earned primarily on a pro rata basis over the term of the related coverage. Sales of extended services contracts are reflected as premiums written and earned on a pro rata basis over the term of the related coverage. In addition, certain miscellaneous income is included as premiums written and earned. The reserve for unearned premiums includes the portion of premiums written relating to the unexpired terms of coverage. Reinsurance premiums are typically earned over the same period as the underlying policies or risks covered by the contract. As a result, the earnings pattern of a reinsurance contract may extend up to 24 months, reflecting the inception dates of the underlying policies throughout the year. Premiums from long-duration life products, other than universal and variable life contracts, are recognized as revenues when due. Premiums from individual and group annuity contracts that are life contingent are recognized as revenues when due."
blank,
narrative,"For limited payment contracts, premiums are due over a significantly shorter period than the period over which benefits are provided. The difference between the gross premium received and recorded as revenue and the net premium is deferred and recognized in Policyholder benefits in a constant relationship to insurance in-force, or for annuities, the amount of expected future policy benefits. This Deferred Profit Liability (DPL) is recorded in the Consolidated Balance Sheets in Future policy benefits for life and accident and health insurance contracts."
blank,
narrative,"All reinsurance premiums ceded are recognized when due, following a ceded net premium ratio (NPR) methodology that also accrues a proportionate amount of estimated benefits."
blank,
narrative,Reinsurance premiums for assumed business are estimated based on information received from ceding companies and reinsurers. Any subsequent differences that arise regarding such estimates are recorded in the periods in which they are determined.
blank,
narrative,"Amounts received as payment for investment-oriented contracts such as universal life, variable annuities, fixed annuities, and fixed index annuities, are reported as deposits to Policyholder contract deposits or Separate account liabilities, as applicable. Revenues from these contracts are recorded in policy fees and consist of policy charges for the cost of insurance, policy administration charges, surrender charges and amortization of unearned revenue reserves (URR). Policy fees are recognized as revenues in the period in which they are assessed against policyholders, unless the fees are designed to compensate AIG for services to be provided in the future. Fees deferred as unearned revenue are amortized on a constant level basis over the estimated lives of the contracts, consistent with the amortization of deferred acquisition costs. This URR is recorded in the Consolidated Balance Sheets in Other policyholder funds.  "
blank,
narrative,Other income includes advisory fee income from the Life and Retirement broker dealer business.
blank,
narrative,Cash represents cash on hand and demand deposits.
blank,
narrative,"Short-term investments include interest bearing investments, time deposits and other investments with remaining contractual life of less than or equal to one year. Securities included within short-term investments are stated at estimated fair value, while other investments included within short-term investments are stated at amortized cost, which approximates estimated fair value."
blank,
narrative,"Premiums and other receivables – net of allowance for credit losses and disputes include premium balances receivable, amounts due from agents and brokers and policyholders, receivables resulting from sales of securities that had not yet settled, cash collateral posted to derivative counterparties that is not eligible to be netted against derivative liabilities and other receivables."
blank,
narrative,"Deposit assets and liabilities We have entered into certain insurance and reinsurance contracts, primarily in our General Insurance companies, that do not contain sufficient insurance risk to be accounted for as insurance or reinsurance. When we receive premiums on such contracts, the premiums received, after deduction for certain related expenses, are recorded as deposits within Other liabilities in the Consolidated Balance Sheets. Net proceeds of these deposits are invested and generate Net investment income. When we pay premiums on such contracts, the premiums paid are recorded as deposits within Other assets in the Consolidated Balance Sheets. The deposit asset or liability is adjusted as amounts are paid, consistent with the underlying contracts."
blank,
narrative,"Other assets consist of deferred sales inducements (DSI), prepaid expenses, deposits, other deferred charges, real estate, other fixed assets, capitalized software costs, goodwill, intangible assets other than goodwill, restricted cash, derivative assets, and accrued interest income."
blank,
narrative,"The cost of buildings and furniture and equipment is depreciated principally on the straight-line basis over their estimated useful lives (maximum of 40 years for buildings and 10 years for furniture and fixtures). Expenditures for maintenance and repairs are charged to income as incurred and expenditures for improvements are capitalized and depreciated. We periodically assess the carrying amount of our real estate for purposes of determining any asset impairment. Capitalized software costs, which represent costs directly related to obtaining, developing or upgrading internal use software, are capitalized and amortized using the straight-line method over a period generally not exceeding ten years. "
blank,
footer,AIG | 2023 Form 10-K
blank,
footer,139
blank,
blank,
footer,ITEM 8 | Notes to Consolidated Financial Statements | 2. Summary of Significant Accounting Policies
blank,
narrative,"Separate accounts represent funds for which investment income and investment gains and losses accrue directly to the policyholders who bear the investment risk. Each account has specific investment objectives and the assets are carried at fair value. The assets of each account are legally segregated and are not subject to claims that arise from any of our other businesses. The liabilities for these accounts are equal to the account assets. Separate accounts may also include deposits for funds held under stable value wrap funding agreements, although the majority of stable value wrap sales are measured based on the notional amount included in assets under management and do not include the receipt of funds. For additional information on separate accounts, see Note 15."
blank,
narrative,"Other liabilities consist of other funds on deposit, other payables, securities sold under agreements to repurchase, securities sold but not yet purchased, liabilities resulting from purchases of securities that have not yet settled, derivative liabilities, cash collateral received from derivative counterparties that contractually cannot be netted against derivative assets, allowance for credit losses in relation to off-balance sheet commitments and deferred gains on retroactive reinsurance agreements."
blank,
narrative,"Foreign currency Financial statement accounts expressed in foreign currencies are translated into U.S. dollars. Functional currency assets and liabilities are translated into U.S. dollars generally using rates of exchange prevailing at the balance sheet date of each respective subsidiary and the related translation adjustments are recorded as a separate component of Accumulated other comprehensive income, net of any related taxes, in Total AIG shareholders’ equity. Income statement accounts expressed in functional currencies are translated using average exchange rates during the period. Functional currencies are generally the currencies of the local operating environment. Financial statement accounts expressed in currencies other than the functional currency of a consolidated entity are remeasured into that entity’s functional currency resulting in exchange gains or losses recorded in income. The adjustments resulting from translation of financial statements of foreign entities operating in highly inflationary economies are recorded in income."
blank,
narrative,"Non-redeemable noncontrolling interest is the portion of equity (net assets) and net income (loss) in a subsidiary not attributable, directly or indirectly, to AIG."
blank,
narrative,ACCOUNTING STANDARDS ADOPTED DURING 2023
blank,
narrative,Targeted Improvements to the Accounting for Long-Duration Contracts
blank,
narrative,"In August 2018, the FASB issued an accounting standard update with the objective of making targeted improvements to the existing recognition, measurement, presentation, and disclosure requirements for long-duration contracts issued by an insurance entity. "
blank,
narrative,"The Company adopted the standard on January 1, 2023 using the modified retrospective transition method relating to liabilities for traditional and limited payment contracts and deferred policy acquisition costs. The Company also adopted the standard in relation to MRBs on a full retrospective basis. As of the Transition Date, the impact of the adoption of the standard was a net decrease to beginning Accumulated other comprehensive income (loss) (AOCI) of $2.2 billion and a net increase to beginning Retained earnings of $933 million primarily driven by (1) changes related to MRBs in our Individual Retirement and Group Retirement operating segments, including the impact of non-performance risk adjustments which reclassified the portion of the changes in fair value attributable to non-performance risk from Retained earnings to AOCI, (2) changes to the discount rate used to measure the liability for future policy benefits which most significantly impacted our Life Insurance and Institutional Markets operating segments, and (3) the removal of balances recorded in AOCI related to changes in unrealized appreciation (depreciation) on investments. "
blank,
narrative,"The accounting for the Fortitude Reinsurance Company Ltd. (Fortitude Re) reinsurance assets, including the discount rates, continued to be calculated using the same methodology and assumptions as the direct policies, and therefore have been recalculated on an LDTI basis. The accounting for reinsurance transactions between AIG and Fortitude Re structured as modified coinsurance (modco) remained unchanged."
blank,
narrative,"Market risk benefits: The standard requires the measurement of all MRBs (e.g., living benefit and death benefit guarantees associated with variable annuities) associated with deposit (or account balance) contracts at fair value at each reporting period. Changes in fair value compared to prior periods are recorded and presented separately within the income statement, with the exception of our own credit risk changes (non-performance adjustments), which are recognized in Other comprehensive income (loss) (OCI). MRBs impacted both Retained earnings and AOCI upon transition. "
blank,
narrative,"The accounting for MRBs primarily impacted our Individual Retirement and Group Retirement operating segments. For additional disclosures about MRBs, see Note 14."
blank,
narrative,"Discount rate assumption: The standard requires the discount rate assumption for the liability for future policy benefits to be updated at the end of each reporting period using an upper-medium grade (low credit risk) fixed income instrument yield that maximizes the use of observable market inputs. Upon transition, the Company had an adjustment to AOCI due to the fact that the market upper-medium grade (low credit risk) interest rates as of the Transition Date differed from reserve interest accretion rates."
blank,
footer,140
blank,
footer,AIG | 2023 Form 10-K
blank,
blank,
footer,ITEM 8 | Notes to Consolidated Financial Statements | 2. Summary of Significant Accounting Policies
blank,
narrative,"Following adoption of the standard, the impact of changes to discount rates are recognized through OCI. Changes resulting from updating the discount rate each reporting period primarily impact term life insurance and other traditional life insurance products, as well as pension risk transfer (PRT) and structured settlement products. For additional information on the discount rate assumption under accounting for Long-Duration Contracts Standard, see Note 13."
blank,
narrative,"Removal of balances related to changes in unrealized appreciation (depreciation) on investments: Under the standard, the majority of balances recorded in AOCI related to changes in unrealized appreciation (depreciation) on investments were eliminated. "
blank,
narrative,"In addition to the above, the standard also:"
blank,
narrative,"•Requires the review and, if necessary, update of future policy benefit assumptions at least annually for traditional and limited pay long duration contracts, with the recognition and parenthetical presentation of any resulting re-measurement gain or loss in Policyholder benefits and losses incurred (except for discount rate changes as noted above) in the Consolidated Statements of Income (Loss). For additional information, see Note 13."
blank,
narrative,"•Simplifies the amortization of DAC to a constant level basis over the expected term of the related contracts and no longer requires an impairment test. For additional information, see Note 9."
blank,
narrative,"•Increases disclosures of disaggregated rollforwards of several balances, including but not limited to liabilities for future policy benefits, deferred acquisition costs, account balances, MRBs, separate account liabilities and information about significant inputs, judgments and methods used in measurement and changes thereto and impact of those changes."
blank,
narrative,"The following table presents the impacts in connection with the adoption of LDTI effective as of January 1, 2021 as well as cross references to the applicable notes herein for additional information:"
blank,
table_row,"Pre-Adoption,December 31,2020Cumulative EffectAdjustment as ofJanuary 1, 2021Updated BalancesPost-Adoptionof LDTI"
blank,
table_row,(in millions)
blank,
table_row,"Reinsurance assets - Fortitude Re, net of allowance for credit losses and disputes(a)"
blank,
table_row,"$34,578 $7,666 $42,244 "
blank,
table_row,"Reinsurance assets - other, net of allowance for credit losses and disputes(a)"
blank,
table_row,"38,963 469 39,432 "
blank,
table_row,"Deferred income taxes12,624 339 12,963 "
blank,
table_row,Deferred policy acquisition costs(b)
blank,
table_row,"9,805 3,150 12,955 "
blank,
table_row,Market risk benefit assets(c)
blank,
table_row,— 338 338 
blank,
table_row,"Other assets, net of allowance for credit losses(d)"
blank,
table_row,"13,122 398 13,520 "
blank,
table_row,"Total assets586,481 12,360 598,841 "
blank,
table_row,Future policy benefits for life and accident and health insurance contracts(e)
blank,
table_row,"56,878 10,486 67,364 "
blank,
table_row,Policyholder contract deposits(e)
blank,
table_row,"154,470 (6,247)148,223 "
blank,
table_row,Market risk benefit liabilities(c)
blank,
table_row,"— 8,739 8,739 "
blank,
table_row,Other policyholder funds(f)
blank,
table_row,"3,548 248 3,796 "
blank,
table_row,Other liabilities(g)
blank,
table_row,"27,122 398 27,520 "
blank,
table_row,"Total liabilities519,282 13,624 532,906 "
blank,
table_row,"Retained earnings15,504 933 16,437 "
blank,
table_row,"Accumulated other comprehensive income (loss)13,511 (2,197)11,314 "
blank,
table_row,"Total AIG Shareholders' equity66,362 (1,264)65,098 "
blank,
table_row,"Total equity67,199 (1,264)65,935 "
blank,
table_row,"Total liabilities and equity586,481 12,360 598,841 "
blank,
narrative,"(a)For additional information on the transition impacts associated with LDTI, see Note 8."
blank,
narrative,"(b)For additional information on the transition impacts associated with LDTI, see Note 9."
blank,
narrative,"(c)For additional information on the transition impacts associated with LDTI, see Note 14."
blank,
narrative,"(d)Other assets include deferred sales inducement assets. For additional information on the transition impacts associated with LDTI, see Note 9."
blank,
narrative,"(e)For additional information on the transition impacts associated with LDTI, see Note 13."
blank,
narrative,"(f)Other policyholder funds include URR. For additional information on the transition impacts associated with LDTI, see Note 13."
blank,
narrative,"(g)Other liabilities include deferred cost of reinsurance liabilities. For additional information on the transition impacts associated with LDTI, see Note 8."
blank,
footer,AIG | 2023 Form 10-K
blank,
footer,141
blank,
blank,
footer,ITEM 8 | Notes to Consolidated Financial Statements | 2. Summary of Significant Accounting Policies
blank,
narrative,"The following table presents the impacts in connection with the adoption of LDTI effective as of January 1, 2021 on our previously reported Consolidated Balance Sheets as of December 31, 2022:"
blank,
table_row,As PreviouslyReportedEffect ofChangeUpdated BalancesPost-Adoption of LDTI
blank,
table_row,(in millions)
blank,
table_row,"Reinsurance assets - Fortitude Re, net of allowance for credit losses and disputes$32,159 $(1,408)$30,751 "
blank,
table_row,"Reinsurance assets - other, net of allowance for credit losses and disputes39,434 (463)38,971 "
blank,
table_row,"Deferred income taxes15,144 (340)14,804 "
blank,
table_row,"Deferred policy acquisition costs15,518 (2,661)12,857 "
blank,
table_row,Market risk benefit assets— 796 796 
blank,
table_row,"Other assets, net of allowance for credit losses12,714 (330)12,384 "
blank,
table_row,"Total assets526,634 (4,406)522,228 "
blank,
table_row,"Future policy benefits for life and accident and health insurance contracts59,223 (7,309)51,914 "
blank,
table_row,"Policyholder contract deposits158,891 (2,907)155,984 "
blank,
table_row,"Market risk benefit liabilities— 4,736 4,736 "
blank,
table_row,"Other policyholder funds3,909 (446)3,463 "
blank,
table_row,"Other liabilities26,456 301 26,757 "
blank,
table_row,"Total liabilities484,399 (5,625)478,774 "
blank,
table_row,"Additional paid-in capital80,284 (369)79,915 "
blank,
table_row,"Retained earnings33,032 1,861 34,893 "
blank,
table_row,"Accumulated other comprehensive income (loss)(22,092)(524)(22,616)"
blank,
table_row,"Total AIG Shareholders' equity40,002 968 40,970 "
blank,
table_row,"Non-redeemable noncontrolling interests2,233 251 2,484 "
blank,
table_row,"Total equity42,235 1,219 43,454 "
blank,
table_row,"Total liabilities and equity526,634 (4,406)522,228 "
blank,
narrative,The following table presents the impacts in connection with the adoption of LDTI on our previously reported Consolidated Statements of Income (Loss):
blank,
table_row,"Year Ended December 31, 2022Year Ended December 31, 2021"
blank,
table_row,AsPreviouslyReportedEffect ofChangeUpdatedBalances Post-Adoption of LDTIAsPreviouslyReportedEffect ofChangeUpdatedBalances Post-Adoption of LDTI
blank,
table_row,"(in millions, except per common share data)"
blank,
table_row,Revenues:
blank,
table_row,"Premiums$31,857 $(1)$31,856 $31,259 $26 $31,285 "
blank,
table_row,"Policy fees2,972 (59)2,913 3,051 (46)3,005 "
blank,
table_row,"Total net realized gains (losses)8,991 (1,927)7,064 2,151 120 2,271 "
blank,
table_row,"Total revenues56,437 (1,987)54,450 52,057 100 52,157 "
blank,
table_row,"Benefits, losses and expenses:"
blank,
table_row,"Policyholder benefits and losses incurred22,771 (595)22,176 24,388 (603)23,785 "
blank,
table_row,"Change in the fair value of market risk benefits, net— (958)(958)— (447)(447)"
blank,
table_row,"Interest credited to policyholder account balances3,709 35 3,744 3,557 13 3,570 "
blank,
table_row,"Amortization of deferred acquisition costs4,970 (413)4,557 4,573 (49)4,524 "
blank,
table_row,"General operating and other expenses9,195 (73)9,122 8,790 (62)8,728 "
blank,
table_row,"Total benefits, losses and expenses42,155 (2,004)40,151 39,958 (1,148)38,810 "
blank,
table_row,"Income from continuing operations before income tax expense (benefit)14,282 17 14,299 12,099 1,248 13,347 "
blank,
table_row,"Income tax expense3,006 19 3,025 2,176 265 2,441 "
blank,
table_row,"Income (loss) from continuing operations11,276 (2)11,274 9,923 983 10,906 "
blank,
table_row,"Net income (loss)11,275 (2)11,273 9,923 983 10,906 "
blank,
table_row,"Net income from continuing operations attributable to noncontrolling interests999 47 1,046 535 4 539 "
blank,
table_row,"Net income (loss) attributable to AIG10,276 (49)10,227 9,388 979 10,367 "
blank,
table_row,"Net income (loss) attributable to AIG common shareholders10,247 (49)10,198 9,359 979 10,338 "
blank,
table_row,Income (loss) per common share attributable to AIG common shareholders:
blank,
table_row,Common stock - Basic13.16 (0.06)13.10 10.95 1.15 12.10 
blank,
table_row,Common stock - Diluted13.01 (0.07)12.94 10.82 1.13 11.95 
blank,
footer,142
blank,
footer,AIG | 2023 Form 10-K
blank,
blank,
footer,ITEM 8 | Notes to Consolidated Financial Statements | 2. Summary of Significant Accounting Policies
blank,
table_row,The following table presents the impacts in connection with the adoption of LDTI on our previously reported Consolidated Statements of Comprehensive Income (Loss):
blank,
table_row,"Year Ended December 31, 2022Year Ended December 31, 2021"
blank,
table_row,AsPreviouslyReportedEffect ofChangeUpdatedBalances Post-Adoption of LDTIAsPreviouslyReportedEffect ofChangeUpdatedBalances Post-Adoption of LDTI
blank,
table_row,(in millions)
blank,
table_row,"Net income$11,275 $(2)$11,273 $9,923 $983 $10,906 "
blank,
table_row,"Other comprehensive income (loss), net of tax"
blank,
table_row,Change in unrealized appreciation (depreciation) of fixed maturity securities on which allowance for credit losses was taken(87)(7)(94)35 9 44 
blank,
table_row,"Change in unrealized appreciation (depreciation) of all other investments(32,775)(5,633)(38,408)(6,001)(1,150)(7,151)"
blank,
table_row,"Change in fair value of market risk benefits attributable to changes in our own credit risk— 1,294 1,294 — 179 179 "
blank,
table_row,"Change in the discount rates used to measure traditional and limited payment long-duration insurance contracts— 5,544 5,544 — 1,361 1,361 "
blank,
table_row,Change in foreign currency translation adjustments(514)(99)(613)(187)7 (180)
blank,
table_row,"Other comprehensive income (loss)(33,402)1,099 (32,303)(5,830)406 (5,424)"
blank,
table_row,"Comprehensive income (loss)(22,127)1,097 (21,030)4,093 1,389 5,482 "
blank,
table_row,"Comprehensive income (loss) attributable to noncontrolling interests(1,584)130 (1,454)430 10 440 "
blank,
table_row,"Comprehensive income (loss) attributable to AIG(20,543)967 (19,576)3,663 1,379 5,042 "
blank,
narrative,The following table presents the impacts in connection with the adoption of LDTI on our previously reported Consolidated Statements of Cash Flows:
blank,
table_row,"Year Ended December 31, 2022Year Ended December 31, 2021"
blank,
table_row,AsPreviouslyReportedEffect ofChangeUpdatedBalances Post-Adoption of LDTIAsPreviouslyReportedEffect ofChangeUpdatedBalances Post-Adoption of LDTI
blank,
table_row,(in millions)
blank,
table_row,Cash flows from operating activities:
blank,
table_row,"Net income$11,275 $(2)$11,273 $9,923 $983 $10,906 "
blank,
table_row,Adjustments to reconcile net income (loss) to net cash provided by operating activities:
blank,
table_row,"Noncash revenues, expenses, gains and losses included in income (loss):"
blank,
table_row,"Unrealized gains in earnings - net(1,392)2,486 1,094 (1,889)1,016 (873)"
blank,
table_row,"Change in the fair value of market risk benefits in earnings, net— (1,481)(1,481)— (1,427)(1,427)"
blank,
table_row,"Depreciation and other amortization4,848 (439)4,409 4,633 (91)4,542 "
blank,
table_row,Changes in operating assets and liabilities:
blank,
table_row,"Insurance reserves(2,332)(1,505)(3,837)5,127 (655)4,472 "
blank,
table_row,"Premiums and other receivables and payables - net(10,193)(29)(10,222)(655)(69)(724)"
blank,
table_row,"Reinsurance assets, net2,843 1,135 3,978 (1,241)197 (1,044)"
blank,
table_row,"Capitalization of deferred policy acquisition costs(4,649)(73)(4,722)(4,906)(63)(4,969)"
blank,
table_row,"Current and deferred income taxes - net2,260 19 2,279 1,314 265 1,579 "
blank,
table_row,"Other, net340 (184)156 (1,322)(212)(1,534)"
blank,
table_row,"Total adjustments(7,069)(71)(7,140)(3,644)(1,039)(4,683)"
blank,
table_row,"Net cash provided by operating activities4,207 (73)4,134 6,279 (56)6,223 "
blank,
table_row,Cash flows from financing activities:
blank,
table_row,"Policyholder contract deposits26,508 74 26,582 25,424 56 25,480 "
blank,
table_row,"Net cash used in financing activities(676)74 (602)(3,735)56 (3,679)"
blank,
narrative,Troubled Debt Restructuring and Vintage Disclosures
blank,
narrative,"In March 2022, the FASB issued an accounting standard update that eliminates the accounting guidance for troubled debt restructurings for creditors and amends the guidance on “vintage disclosures” to require disclosure of current-period gross write-offs by year of origination. The standard also updates the requirements for accounting for credit losses by adding enhanced disclosures for creditors related to loan refinancings and restructurings for borrowers experiencing financial difficulty. The Company adopted the standard prospectively as of January 1, 2023 and the standard did not have a material impact on our reported consolidated financial condition, results of operations, or cash flows. For the updated required disclosures, see Note 7."
blank,
footer,AIG | 2023 Form 10-K
blank,
footer,143
blank,
blank,
footer,ITEM 8 | Notes to Consolidated Financial Statements | 2. Summary of Significant Accounting Policies
blank,
narrative,FUTURE APPLICATION OF ACCOUNTING STANDARDS
blank,
narrative,Income Tax
blank,
narrative,"In December 2023, the FASB issued an accounting standard update to address improvements to income tax disclosures. The standard requires disaggregated information about a company’s effective tax rate reconciliation as well as information on income taxes paid. The standard is effective for public companies for annual periods beginning after December 15, 2024, with early adoption permitted. The standard will be applied on a prospective basis with the option to apply the standard retrospectively. We are assessing the impact of this standard."
blank,
narrative,Segment Reporting
blank,
narrative,"In November 2023, the FASB issued an accounting standard update to address improvements to reportable segment disclosures. The standard primarily requires the following disclosure on an annual and interim basis: (i) significant segment expenses that are regularly provided to the chief operating decision maker (CODM) and included within each reported measure of segment profit or loss; and (ii) other segment items and description of its composition. The standard also requires current annual disclosures about a reportable segment's profits or losses and assets to be disclosed in interim periods and the title and position of the CODM with an explanation of how the CODM uses the reported measure(s) of segment profits or losses in assessing segment performance. The guidance is effective for public companies for fiscal years beginning after December 15, 2023 and interim periods in fiscal years within fiscal years beginning after December 15, 2024, with early adoption permitted. The amendment is applied retrospectively to all prior periods presented. We are assessing the impact of this standard.  "
blank,
narrative,Fair Value Measurement
blank,
narrative,"On June 30, 2022, the FASB issued an accounting standards update to address diversity in practice by clarifying that a contractual sale restriction should not be considered in the measurement of the fair value of an equity security. It also requires entities with investments in equity securities subject to contractual sale restrictions to disclose certain qualitative and quantitative information about such securities. The guidance is effective for public companies for fiscal years beginning after December 15, 2023 and interim periods within those years, with early adoption permitted. For entities other than investment companies, the accounting standards update applies prospectively, with any adjustments resulting from adoption recognized in earnings on the date of adoption. We are assessing the impact of this standard."
blank,
narrative,3. Segment Information
blank,
narrative,"We report our results of operations consistent with the manner in which our chief operating decision makers review the business to assess performance and allocate resources, as follows:"
blank,
narrative,GENERAL INSURANCE
blank,
narrative,General Insurance business is presented as two operating segments:
blank,
narrative,"•North America – consists of insurance businesses in the United States, Canada and Bermuda, and our global reinsurance business, AIG Re. "
blank,
narrative,"•International – consists of regional insurance businesses in Japan, the United Kingdom, Europe, Middle East and Africa (EMEA region), Asia Pacific, Latin America and Caribbean, and China. International also includes the results of Talbot Holdings Ltd. as well as AIG’s Global Specialty business."
blank,
narrative,North America and International operating segments consist of the following products:
blank,
narrative,"–Commercial Lines – consists of Property, Liability, Financial Lines and Specialty."
blank,
narrative,–Personal Insurance – consists of Accident & Health and Personal Lines.
blank,
narrative,"For further discussion on recent activity in the General Insurance business, see Note 1."
blank,
narrative,LIFE AND RETIREMENT
blank,
narrative,Life and Retirement business is presented as four operating segments:
blank,
narrative,"•Individual Retirement – consists of fixed annuities, fixed index annuities and variable annuities."
blank,
narrative,"•Group Retirement – consists of record-keeping, plan administrative and compliance services, financial planning and advisory solutions offered to employer-defined contribution plan participants, along with proprietary and non-proprietary annuities and advisory and brokerage products offered outside of plans."
blank,
footer,144
blank,
footer,AIG | 2023 Form 10-K
blank,
blank,
footer,ITEM 8 | Notes to Consolidated Financial Statements | 3. Segment Information
blank,
narrative,"•Life Insurance – primary products in the U.S. include term life and universal life insurance. International operations primarily include distribution of life and health products in the UK and Ireland. Corebridge previously announced agreements to sell Laya and AIG Life. The sale of Laya closed on October 31, 2023 and the AIG Life sale is expected to close in the first half of 2024."
blank,
narrative,"•Institutional Markets – consists of stable value wrap products, structured settlement and pension risk transfer annuities, corporate- and bank-owned life insurance, high net worth products and guaranteed investment contracts (GICs)."
blank,
narrative,"For further discussion on the ongoing separation of the Life and Retirement business from AIG and other recent activity, see Note 1."
blank,
narrative,OTHER OPERATIONS
blank,
narrative,"Other Operations primarily consists of income from assets held by AIG Parent and other corporate subsidiaries, deferred tax assets related to tax attributes, corporate expenses and intercompany eliminations, our institutional asset management business and results of our consolidated investment entities, General Insurance portfolios in run-off as well as the historical results of our legacy insurance lines ceded to Fortitude Re."
blank,
narrative,SEGMENT RESULTS
blank,
narrative,"We evaluate segment performance based on adjusted revenues and adjusted pre-tax income (loss). Adjusted revenues and adjusted pre-tax income (loss) are derived by excluding certain items from total revenues and pre-tax income (loss), respectively. These items generally fall into one or more of the following broad categories: legacy matters having no relevance to our current businesses or operating performance; adjustments to enhance transparency to the underlying economics of transactions; and measures that we believe to be common to the industry. Legal entities are attributed to each segment based upon the predominance of activity in that legal entity. For the items excluded from adjusted revenues and adjusted pre-tax income (loss), see the table below. "
blank,
narrative,The following table presents AIG’s continuing operations by operating segment:
blank,
table_row,(in millions)AdjustedRevenuesNetInvestmentIncomeInterestExpenseAmortizationof DACAdjustedPre-taxIncome(Loss)
blank,
table_row,2023
blank,
table_row,General Insurance
blank,
table_row,"North America$11,921 $— $1,671 $1,207 (a)"
blank,
table_row,"International13,170 — 1,952 1,142 (a)"
blank,
table_row,"Net investment income3,022 $3,022 — — 3,022 "
blank,
table_row,"Total General Insurance28,113 3,022 — 3,623 5,371 "
blank,
table_row,Life and Retirement
blank,
table_row,"Individual Retirement6,264 4,917 2 567 2,310 "
blank,
table_row,"Group Retirement2,734 1,999 1 82 758 "
blank,
table_row,"Life Insurance5,092 1,283 — 403 358 "
blank,
table_row,"Institutional Markets7,391 1,587 1 9 379 "
blank,
table_row,"Total Life and Retirement21,481 9,786 4 1,061 3,805 "
blank,
table_row,Other Operations
blank,
table_row,"Other Operations before consolidation and eliminations381 287 1,107 — (1,765)"
blank,
table_row,AIG consolidation and eliminations(6)(1)(6)— (10)
blank,
table_row,"Total Other Operations375 286 1,101 — (1,775)"
blank,
table_row,"Total49,969 13,094 1,105 4,684 7,401 "
blank,
table_row,Reconciling items:
blank,
table_row,Changes in fair value of securities used to hedge guaranteed living benefits55 55 — — (16)
blank,
table_row,"Change in the fair value of market risk benefits, net(b)"
blank,
table_row,— — — — (2)
blank,
table_row,Changes in benefit reserves related to net realized gains (losses)— — — — 6 
blank,
table_row,Changes in the fair value of equity securities94 94 — — 94 
blank,
table_row,Other income (expense) - net(27)31 31 — — 
blank,
table_row,Gain (loss) on extinguishment of debt— — — — 37 
blank,
table_row,"Net investment income on Fortitude Re funds withheld assets1,544 1,544 — — 1,544 "
blank,
table_row,Net realized gains (losses) on Fortitude Re funds withheld assets(295)— — — (295)
blank,
table_row,"Net realized gains (losses) on Fortitude Re funds withheld embedded derivative(2,007)— — — (2,007)"
blank,
table_row,Net realized gains (losses)(c)
blank,
table_row,"(2,536)(227)— — (2,496)"
blank,
table_row,Net gain (loss) on divestitures and other— — — — 643 
blank,
table_row,Non-operating litigation reserves and settlements1 — — — (1)
blank,
table_row,Favorable prior year development and related amortization changes ceded under retroactive reinsurance agreements— — — — 62 
blank,
table_row,Net loss reserve discount benefit (charge)— — — — (195)
blank,
footer,AIG | 2023 Form 10-K
blank,
footer,145
blank,
blank,
footer,ITEM 8 | Notes to Consolidated Financial Statements | 3. Segment Information
blank,
table_row,(in millions)AdjustedRevenuesNetInvestmentIncomeInterestExpenseAmortizationof DACAdjustedPre-taxIncome(Loss)
blank,
table_row,Pension expense related to a one-time lump sum payment to former employees— — — — (84)
blank,
table_row,Integration and transaction costs associated with acquiring or divesting businesses— — — — (252)
blank,
table_row,Restructuring and other costs— — — — (553)
blank,
table_row,Non-recurring costs related to regulatory or accounting changes— — — — (40)
blank,
table_row,Net impact from elimination of international reporting lag(d)
blank,
table_row,4 1 — 124 12 
blank,
table_row,"Revenues and pre-tax income$46,802 $14,592 $1,136 $4,808 $3,858 "
blank,
table_row,(in millions)AdjustedRevenuesNetInvestmentIncomeInterestExpenseAmortizationof DACAdjustedPre-taxIncome(Loss)
blank,
table_row,2022
blank,
table_row,General Insurance
blank,
table_row,"North America$12,071 $— $1,585 $648 (a)"
blank,
table_row,"International13,269 — 1,948 1,400 (a)"
blank,
table_row,"Net investment income2,382 $2,382 — — 2,382 "
blank,
table_row,"Total General Insurance27,722 2,382 — 3,533 4,430 "
blank,
table_row,Life and Retirement
blank,
table_row,"Individual Retirement5,325 3,898 11 519 1,676 "
blank,
table_row,"Group Retirement2,744 2,005 6 80 786 "
blank,
table_row,"Life Insurance5,364 1,393 4 415 521 "
blank,
table_row,"Institutional Markets4,160 1,051 2 7 334 "
blank,
table_row,"Total Life and Retirement17,593 8,347 23 1,021 3,317 "
blank,
table_row,Other Operations
blank,
table_row,"Other Operations before consolidation and eliminations827 714 1,131 5 (1,542)"
blank,
table_row,AIG consolidation and eliminations(435)(446)(56)(2)(405)
blank,
table_row,"Total Other Operations392 268 1,075 3 (1,947)"
blank,
table_row,"Total45,707 10,997 1,098 4,557 5,800 "
blank,
table_row,Reconciling items:
blank,
table_row,Changes in fair value of securities used to hedge guaranteed living benefits55 55 — — 30 
blank,
table_row,"Change in the fair value of market risk benefits, net(b)"
blank,
table_row,— — — — 958 
blank,
table_row,Changes in benefit reserves related to net realized gains (losses)— — — — 14 
blank,
table_row,Changes in the fair value of equity securities(53)(53)— — (53)
blank,
table_row,Other income (expense) - net(29)28 28 — — 
blank,
table_row,Gain (loss) on extinguishment of debt— — — — (303)
blank,
table_row,Net investment income on Fortitude Re funds withheld assets943 943 — — 943 
blank,
table_row,Net realized gains (losses) on Fortitude Re funds withheld assets(486)— — — (486)
blank,
table_row,"Net realized gains (losses) on Fortitude Re funds withheld embedded derivative7,481 — — — 7,481 "
blank,
table_row,Net realized gains (losses)(b)
blank,
table_row,(195)(244)(1)— (173)
blank,
table_row,Net gain (loss) on divestitures and other— — — — (82)
blank,
table_row,Non-operating litigation reserves and settlements49 — — — 41 
blank,
table_row,Favorable prior year development and related amortization changes ceded under retroactive reinsurance agreements— — — — 160 
blank,
table_row,Net loss reserve discount benefit (charge)— — — — 703 
blank,
table_row,Pension expense related to a one-time lump sum payment to former employees— — — — (60)
blank,
table_row,Integration and transaction costs associated with acquiring or divesting businesses— — — — (194)
blank,
table_row,Restructuring and other costs— — — — (570)
blank,
table_row,Non-recurring costs related to regulatory or accounting changes— — — — (37)
blank,
table_row,Net impact from elimination of international reporting lag(d)
blank,
table_row,978 41 — — 127 
blank,
table_row,"Revenues and pre-tax income$54,450 $11,767 $1,125 $4,557 $14,299 "
blank,
footer,146
blank,
footer,AIG | 2023 Form 10-K
blank,
blank,
footer,ITEM 8 | Notes to Consolidated Financial Statements | 3. Segment Information
blank,
table_row,(in millions)AdjustedRevenuesNetInvestmentIncomeInterestExpenseAmortizationof DACAdjustedPre-taxIncome(Loss)
blank,
table_row,2021
blank,
table_row,General Insurance
blank,
table_row,"North America$10,989 $— $1,333 $(47)(a)"
blank,
table_row,"International14,068 — 2,197 1,102 (a)"
blank,
table_row,"Net investment income3,304 $3,304 — — 3,304 "
blank,
table_row,"Total General Insurance28,361 3,304 — 3,530 4,359 "
blank,
narrative,Life and Retirement
blank,
table_row,"Individual Retirement5,922 4,338 61 447 2,297 "
blank,
table_row,"Group Retirement3,249 2,410 35 78 1,258 "
blank,
table_row,"Life Insurance5,286 1,619 25 427 453 "
blank,
table_row,"Institutional Markets5,117 1,154 9 6 546 "
blank,
table_row,"Total Life and Retirement19,574 9,521 130 958 4,554 "
blank,
table_row,Other Operations
blank,
table_row,"Other Operations before consolidation and eliminations1,338 1,112 1,220 37 (1,418)"
blank,
table_row,AIG consolidation and eliminations(991)(996)(65)(1)(932)
blank,
table_row,"Total Other Operations347 116 1,155 36 (2,350)"
blank,
table_row,"Total48,282 12,941 1,285 4,524 6,563 "
blank,
table_row,Reconciling items:
blank,
table_row,Changes in fair value of securities used to hedge guaranteed living benefits60 60 — — 61 
blank,
table_row,"Change in the fair value of market risk benefits, net(b)"
blank,
table_row,— — — — 447 
blank,
table_row,Changes in benefit reserves related to net realized gains (losses)— — — — (15)
blank,
table_row,Changes in the fair value of equity securities(237)(237)— — (237)
blank,
table_row,Other income (expense) - net(24)33 33 — — 
blank,
table_row,Gain (loss) on extinguishment of debt— — — — (389)
blank,
table_row,"Net investment income on Fortitude Re funds withheld assets1,971 1,971 — — 1,971 "
blank,
table_row,"Net realized gains (losses) on Fortitude Re funds withheld assets1,003 — — — 1,003 "
blank,
table_row,Net realized gains (losses) on Fortitude Re funds withheld embedded derivative(603)— — — (603)
blank,
table_row,Net realized gains (losses)(b)
blank,
table_row,"1,705 (156)(13)— 1,744 "
blank,
table_row,"Net gain (loss) on divestitures and other— — — — 3,044 "
blank,
table_row,Non-operating litigation reserves and settlements— — — — (3)
blank,
table_row,Favorable prior year development and related amortization changes ceded under retroactive reinsurance agreements— — — — 186 
blank,
table_row,Net loss reserve discount benefit (charge)— — — — 193 
blank,
table_row,Pension expense related to a one-time lump sum payment to former employees— — — — (34)
blank,
table_row,Integration and transaction costs associated with acquiring or divesting businesses— — — — (83)
blank,
table_row,Restructuring and other costs— — — — (433)
blank,
table_row,Non-recurring costs related to regulatory or accounting changes— — — — (68)
blank,
table_row,"Revenues and pre-tax income$52,157 $14,612 $1,305 $4,524 $13,347 "
blank,
narrative,(a)General Insurance North America’s and General Insurance International’s Adjusted pre-tax income does not include Net investment income as the investment portfolio results are managed at the General Insurance level. Net investment income is shown separately as a component of General Insurance’s total Adjusted pre-tax income results.
blank,
narrative,(b)Includes realized gains and losses on certain derivative instruments used for non-qualifying (economic) hedging.
blank,
narrative,(c)Includes all net realized gains and losses except earned income (periodic settlements and changes in settlement accruals) on derivative instruments used for non-qualifying (economic) hedging or for asset replication and net realized gains and losses on Fortitude Re funds withheld assets held by AIG in support of Fortitude Re’s reinsurance obligations to AIG (Fortitude Re funds withheld assets).
blank,
narrative,(d)See Note 1.
blank,
footer,AIG | 2023 Form 10-K
blank,
footer,147
blank,
blank,
footer,ITEM 8 | Notes to Consolidated Financial Statements | 3. Segment Information
blank,
narrative,The following table presents AIG’s year-end identifiable assets and capital expenditures by segment:
blank,
table_row,Year-End Identifiable AssetsCapital Expenditures
blank,
table_row,(in millions)2023202220232022
blank,
table_row,"General Insurance$139,371 $147,083 $158 $68 "
blank,
table_row,"Life and Retirement375,197 352,694 43 102 "
blank,
table_row,"Other Operations24,738 22,451 39 40 "
blank,
table_row,"Total Assets$539,306 $522,228 $240 $210 "
blank,
narrative,"The following table presents AIG’s consolidated total revenues and real estate and other fixed assets, net of accumulated depreciation, by major geographic area:"
blank,
table_row,"Total Revenues*Real Estate and Other Fixed Assets,Net of Accumulated Depreciation"
blank,
table_row,(in millions)202320222021202320222021
blank,
table_row,"North America$33,565 $39,618 $37,324 $1,006 $1,206 $1,230 "
blank,
table_row,"International13,237 14,832 14,833 372 387 610 "
blank,
table_row,"Consolidated$46,802 $54,450 $52,157 $1,378 $1,593 $1,840 "
blank,
narrative,*Revenues are generally reported according to the geographic location of the segment. International revenues consists of revenues from our General Insurance International operating segment.
blank,
narrative,4. Held-For-Sale Classification
blank,
narrative,HELD-FOR-SALE CLASSIFICATION
blank,
narrative,"We report and classify a business as held-for-sale (Held-For-Sale Business) when management has approved the sale or received approval to sell the business and is committed to a formal plan, the business is available for immediate sale, the business is being actively marketed, the sale is anticipated to occur during the next 12 months and certain other specified criteria are met. A Held-For-Sale Business is recorded at the lower of its carrying amount or estimated fair value less cost to sell. If the carrying amount of the business exceeds its estimated fair value, a loss is recognized. "
blank,
narrative,"Assets and liabilities related to a Held-For-Sale Business are reported in Assets held for sale and Liabilities held for sale, respectively, in our Consolidated Balance Sheets beginning in the period in which the business is classified as held-for-sale. At December 31, 2023, the following businesses and assets were reported and classified as held-for-sale:"
blank,
narrative,AIG Life Limited
blank,
narrative,"To further simplify Corebridge’s business model, on September 25, 2023, Corebridge announced that it entered into a definitive agreement to sell AIG Life to Aviva plc for £460 million in cash, subject to certain adjustments. The sale of AIG Life is expected to close in the first half of 2024, subject to regulatory approvals and other customary closing conditions. The results of AIG Life are reported in Life and Retirement."
blank,
narrative,Other
blank,
narrative,Other primarily consists of real estate. 
blank,
footer,148
blank,
footer,AIG | 2023 Form 10-K
blank,
blank,
footer,ITEM 8 | Notes to Consolidated Financial Statements | 4. Held-For-Sale Classification
blank,
narrative,"The following table summarizes the components of assets and liabilities held-for-sale on the Consolidated Balance Sheets at December 31, 2023 after elimination of intercompany balances:"
blank,
table_row,(in millions)AIG LifeOtherTotal
blank,
table_row,Assets:
blank,
table_row,Bonds available for sale$167 $14 $181 
blank,
table_row,Other invested assets— 67 67 
blank,
table_row,"Short-term investments, including restricted cash of $0"
blank,
table_row,11 1 12 
blank,
table_row,Cash3 — 3 
blank,
table_row,Accrued investment income3 — 3 
blank,
table_row,"Premiums and other receivables, net of allowance for credit losses and disputes116 9 125 "
blank,
table_row,"Reinsurance assets - other, net of allowance for credit losses and disputes899 3 902 "
blank,
table_row,Deferred income taxes47 — 47 
blank,
table_row,Deferred policy acquisition costs814 — 814 
blank,
table_row,"Other assets, net of allowance for credit losses(a)"
blank,
table_row,83 31 114 
blank,
table_row,"Total assets held for sale$2,143 $125 $2,268 "
blank,
table_row,Liabilities:
blank,
table_row,"Liability for unpaid losses and loss adjustment expenses, including allowance for credit losses$— $19 $19 "
blank,
table_row,Unearned premiums54 7 61 
blank,
table_row,Future policy benefits for life and accident and health insurance contracts838 — 838 
blank,
table_row,Other liabilities854 3 857 
blank,
table_row,"Total liabilities held for sale$1,746 $29 $1,775 "
blank,
narrative,"(a)Other assets, net of allowance for credit losses includes goodwill and other intangibles of $23 million and $3 million, respectively, for AIG Life.  "
blank,
narrative,5. Fair Value Measurements
blank,
narrative,FAIR VALUE MEASUREMENTS ON A RECURRING BASIS
blank,
narrative,We carry certain of our financial instruments at fair value. We define the fair value of a financial instrument as the amount that would be received from the sale of an asset or paid to transfer a liability in an orderly transaction between market participants at the measurement date. We are responsible for the determination of the value of the investments carried at fair value and the supporting methodologies and assumptions.
blank,
narrative,"The degree of judgment used in measuring the fair value of financial instruments generally inversely correlates with the level of observable valuation inputs. We maximize the use of observable inputs and minimize the use of unobservable inputs when measuring fair value. Financial instruments with quoted prices in active markets generally have more pricing observability and less judgment is used in measuring fair value. Conversely, financial instruments for which no quoted prices are available have less observability and are measured at fair value using valuation models or other pricing techniques that require more judgment. Pricing observability is affected by a number of factors, including the type of financial instrument, whether the financial instrument is new to the market and not yet established, the characteristics specific to the transaction, liquidity and general market conditions."
blank,
narrative,Fair Value Hierarchy
blank,
narrative,Assets and liabilities recorded at fair value in the Consolidated Balance Sheets are measured and classified in accordance with a fair value hierarchy consisting of three “levels” based on the observability of valuation inputs:
blank,
narrative,•Level 1: Fair value measurements based on quoted prices (unadjusted) in active markets that we have the ability to access for identical assets or liabilities. Market price data generally is obtained from exchange or dealer markets. We do not adjust the quoted price for such instruments.
blank,
narrative,"•Level 2: Fair value measurements based on inputs other than quoted prices included in Level 1 that are observable for the asset or liability, either directly or indirectly. Level 2 inputs include quoted prices for similar assets and liabilities in active markets, quoted prices for identical or similar assets or liabilities in markets that are not active, and inputs other than quoted prices that are observable for the asset or liability, such as interest rates and yield curves that are observable at commonly quoted intervals."
blank,
narrative,"•Level 3: Fair value measurements based on valuation techniques that use significant inputs that are unobservable. Both observable and unobservable inputs may be used to determine the fair values of positions classified in Level 3. The circumstances for using these measurements include those in which there is little, if any, market activity for the asset or liability. Therefore, we must make certain assumptions about the inputs a hypothetical market participant would use to value that asset or liability."
blank,
footer,AIG | 2023 Form 10-K
blank,
footer,149
blank,
blank,
footer,ITEM 8 | Notes to Consolidated Financial Statements | 5. Fair Value Measurements
blank,
narrative,"In certain cases, the inputs used to measure fair value may fall into different levels of the fair value hierarchy. In such cases, the level in the fair value hierarchy within which the fair value measurement in its entirety falls is determined based on the lowest level input that is significant to the fair value measurement in its entirety."
blank,
narrative,"The following is a description of the valuation methodologies used for instruments carried at fair value. These methodologies are applied to assets and liabilities across the levels discussed above, and the observability of the inputs used determines the appropriate level in the fair value hierarchy for the respective asset or liability."
blank,
narrative,VALUATION METHODOLOGIES OF FINANCIAL INSTRUMENTS MEASURED AT FAIR VALUE
blank,
narrative,Incorporation of Credit Risk in Fair Value Measurements
blank,
narrative,"•Our Own Credit Risk.  Fair value measurements for certain liabilities incorporate our own credit risk by determining the explicit cost for each counterparty to protect against its net credit exposure to us at the balance sheet date by reference to observable AIG credit default swaps (CDS) or cash bond spreads. We calculate the effect of credit spread changes using discounted cash flow techniques that incorporate current market interest rates. A derivative counterparty’s net credit exposure to us is determined based on master netting agreements, when applicable, which take into consideration all derivative positions with us, as well as collateral we post with the counterparty at the balance sheet date. For a description of how we incorporate our own credit risk in the valuation of embedded derivatives related to certain annuity and life insurance products, see – Market Risk Benefits and Embedded Derivatives within Policyholder Contract Deposits below."
blank,
narrative,"•Counterparty Credit Risk.  Fair value measurements for freestanding derivatives incorporate counterparty credit by determining the explicit cost for us to protect against our net credit exposure to each counterparty at the balance sheet date by reference to observable counterparty CDS spreads, when available. When not available, other directly or indirectly observable credit spreads will be used to derive the best estimates of the counterparty spreads. Our net credit exposure to a counterparty is determined based on master netting agreements, which take into consideration all derivative positions with the counterparty, as well as collateral posted by the counterparty at the balance sheet date."
blank,
narrative,Fair values for fixed maturity securities based on observable market prices for identical or similar instruments implicitly incorporate counterparty credit risk. Fair values for fixed maturity securities based on internal models incorporate counterparty credit risk by using discount rates that take into consideration cash issuance spreads for similar instruments or other observable information.
blank,
narrative,"For fair values measured based on internal models, the cost of credit protection is determined under a discounted present value approach considering the market levels for single name CDS spreads for each specific counterparty, the mid-market value of the net exposure (reflecting the amount of protection required) and the weighted average life of the net exposure. CDS spreads are provided to us by an independent third party. We utilize an interest rate based on the appropriate benchmark curve to derive our discount rates."
blank,
narrative,"While this approach does not explicitly consider all potential future behavior of the derivative transactions or potential future changes in valuation inputs, we believe this approach provides a reasonable estimate of the fair value of the assets and liabilities, including consideration of the impact of non-performance risk."
blank,
narrative,Fixed Maturity Securities
blank,
narrative,"Whenever available, we obtain quoted prices in active markets for identical assets at the balance sheet date to measure fixed maturity securities at fair value. Market price data is generally obtained from dealer markets."
blank,
narrative,"We employ independent third-party valuation service providers to gather, analyze, and interpret market information to derive fair value estimates for individual investments, based upon market-accepted methodologies and assumptions. The methodologies used by these independent third-party valuation service providers are reviewed and understood by management, through periodic discussion with and information provided by the independent third-party valuation service providers. In addition, as discussed further below, control processes designed to ensure the accuracy of these values are applied to the fair values received from independent third-party valuation service providers."
blank,
narrative,"Valuation service providers typically obtain data about market transactions and other key valuation model inputs from multiple sources and, through the use of market-accepted valuation methodologies, which may utilize matrix pricing, financial models, accompanying model inputs and various assumptions, provide a single fair value measurement for individual securities. The inputs used by the valuation service providers include, but are not limited to, market prices from completed transactions for identical securities and transactions for comparable securities, benchmark yields, interest rate yield curves, credit spreads, prepayment rates, default rates, recovery assumptions, currency rates, quoted prices for similar securities and other market-observable information, as applicable. If fair value is determined using financial models, these models generally take into account, among other things, market observable information as of the measurement date as well as the specific attributes of the security being valued, including its term, interest rate, credit rating, industry sector, and when applicable, collateral quality and other security or issuer-specific information. When market transactions or other market observable data is limited, the extent to which judgment is applied in determining fair value is greatly increased."
blank,
footer,150
blank,
footer,AIG | 2023 Form 10-K
blank,
blank,
footer,ITEM 8 | Notes to Consolidated Financial Statements | 5. Fair Value Measurements
blank,
narrative,"We have control processes designed to ensure that the fair values received from independent third-party valuation service providers are accurately recorded, that their data inputs and valuation techniques are appropriate and consistently applied and that the assumptions used appear reasonable and consistent with the objective of determining fair value. We assess the reasonableness of individual security values received from independent third-party valuation service providers through various analytical techniques, and have procedures to escalate related questions internally and to the independent third-party valuation service providers for resolution. To assess the degree of pricing consensus among various valuation service providers for specific asset types, we conduct comparisons of prices received from available sources. We use these comparisons to establish a hierarchy for the fair values received from independent third-party valuation service providers to be used for particular security classes. We also validate prices for selected securities through reviews by members of management who have relevant expertise and who are independent of those charged with executing investing transactions."
blank,
narrative,"When our independent third-party valuation service providers are unable to obtain sufficient market observable information upon which to estimate the fair value for a particular security, fair value is determined either by requesting brokers who are knowledgeable about these securities to provide a price quote, which is generally non-binding, or by employing market accepted valuation models internally or via our third party asset managers. Broker prices may be based on an income approach, which converts expected future cash flows to a single present value amount, with specific consideration of inputs relevant to particular security types. For structured securities, such inputs may include ratings, collateral types, geographic concentrations, underlying loan vintages, loan delinquencies and defaults, loss severity assumptions, prepayments, and weighted average coupons and maturities. When the volume or level of market activity for a security is limited, certain inputs used to determine fair value may not be observable in the market. Broker prices may also be based on a market approach that considers recent transactions involving identical or similar securities. Fair values provided by brokers are subject to similar control processes to those noted above for fair values from independent third-party valuation service providers, including management reviews. For those corporate debt instruments (for example, private placements) that are not traded in active markets or that are subject to transfer restrictions, valuations reflect illiquidity and non-transferability, based on available market evidence. When observable price quotations are not available, fair value is determined based on discounted cash flow models using discount rates based on credit spreads, yields or price levels of comparable securities, adjusted for illiquidity and structure. Fair values determined internally or via our third party asset managers are also subject to management review to ensure that valuation models and related inputs are reasonable."
blank,
narrative,"The methodology above is relevant for all fixed maturity securities including residential mortgage backed securities (RMBS), commercial mortgage backed securities (CMBS), collateralized loan obligations (CLO), other asset‑backed securities (ABS) and fixed maturity securities issued by government sponsored entities and corporate entities."
blank,
narrative,Equity Securities Traded in Active Markets
blank,
narrative,"Whenever available, we obtain quoted prices in active markets for identical assets at the balance sheet date to measure equity securities at fair value. Market price data is generally obtained from exchange or dealer markets."
blank,
narrative,Mortgage and Other Loans Receivable
blank,
narrative,"We estimate the fair value of mortgage and other loans receivable that are measured at fair value by using dealer quotations, discounted cash flow analyses and/or internal valuation models. The determination of fair value considers inputs such as interest rate, maturity, the borrower’s creditworthiness, collateral, subordination, guarantees, past-due status, yield curves, credit curves, prepayment rates, market pricing for comparable loans and other relevant factors."
blank,
narrative,Other Invested Assets
blank,
narrative,"We initially estimate the fair value of investments in certain hedge funds, private equity funds and other investment partnerships by reference to the transaction price. Subsequently, we generally obtain the fair value of these investments from net asset value information provided by the general partner or manager of the investments, the financial statements of which are generally audited annually. We consider observable market data and perform certain control procedures to validate the appropriateness of using the net asset value as a fair value measurement. The fair values of other investments carried at fair value, such as direct private equity holdings, are initially determined based on transaction price and are subsequently estimated based on available evidence such as market transactions in similar instruments, other financing transactions of the issuer and other available financial information for the issuer, with adjustments made to reflect illiquidity as appropriate."
blank,
narrative,Short-term Investments
blank,
narrative,"For short-term investments that are measured at amortized cost, the carrying amounts of these assets approximate fair values because of the relatively short period of time between origination and expected realization, and their limited exposure to credit risk. Securities purchased under agreements to resell (reverse repurchase agreements) are generally treated as collateralized receivables. We report certain receivables arising from securities purchased under agreements to resell as Short-term investments in the Consolidated Balance Sheets. When these receivables are measured at fair value, we use market-observable interest rates to determine fair value."
blank,
footer,AIG | 2023 Form 10-K
blank,
footer,151
blank,
blank,
footer,ITEM 8 | Notes to Consolidated Financial Statements | 5. Fair Value Measurements
blank,
narrative,Separate Account Assets
blank,
narrative,Separate account assets are composed primarily of registered and unregistered open-end mutual funds that generally trade daily and are measured at fair value in the manner discussed above for equity securities traded in active markets.
blank,
narrative,Freestanding Derivatives
blank,
narrative,Derivative assets and liabilities can be exchange-traded or traded over-the-counter (OTC). We generally value exchange-traded derivatives such as futures and options using quoted prices in active markets for identical derivatives at the balance sheet date.
blank,
narrative,"OTC derivatives are valued using market transactions and other market evidence whenever possible, including market-based inputs to models, model calibration to market clearing transactions, broker or dealer quotations or alternative pricing sources with reasonable levels of price transparency. When models are used, the selection of a particular model to value an OTC derivative depends on the contractual terms of, and specific risks inherent in the instrument, as well as the availability of pricing information in the market. We generally use similar models to value similar instruments. Valuation models require a variety of inputs, including contractual terms, market prices and rates, yield curves, credit curves, measures of volatility, prepayment rates and correlations of such inputs. For OTC derivatives that trade in liquid markets, such as generic forwards, swaps and options, model inputs can generally be corroborated by observable market data by correlation or other means, and model selection does not involve significant management judgment."
blank,
narrative,"For certain OTC derivatives that trade in less liquid markets, where we generally do not have corroborating market evidence to support significant model inputs and cannot verify the model to market transactions, the transaction price may provide the best estimate of fair value. Accordingly, when a pricing model is used to value such an instrument, the model is adjusted so the model value at inception equals the transaction price. We will update valuation inputs in these models only when corroborated by evidence such as similar market transactions, independent third-party valuation service providers and/or broker or dealer quotations, or other empirical market data. When appropriate, valuations are adjusted for various factors such as liquidity, bid/offer spreads and credit considerations. Such adjustments are generally based on available market evidence. In the absence of such evidence, management’s best estimate is used."
blank,
narrative,We value our super senior credit default swap portfolio using prices obtained from vendors and/or counterparties. The valuation of the super senior credit derivatives is complex because of the limited availability of market observable information due to the lack of trading and price transparency in certain structured finance markets. Our valuation methodologies for the super senior CDS portfolio have evolved over time in response to market conditions and the availability of market observable information. We have sought to calibrate the methodologies to available market information and to review the assumptions of the methodologies on a regular basis.
blank,
narrative,Market Risk Benefits and Embedded Derivatives within Policyholder Contract Deposits
blank,
narrative,"Certain variable annuity, fixed annuity and fixed index annuity contracts contain MRBs related to guaranteed benefit features that we separate from the host contracts and account for at fair value, with certain changes recognized in earnings. MRBs are contracts or contract features that provide protection to policyholders from other-than-nominal capital market risks and expose the insurance entity to other-than-nominal capital market risks."
blank,
narrative,"The fair value of MRBs contained in certain variable annuity, fixed annuity and fixed index annuity contracts is measured based on policyholder behavior and capital market assumptions related to projected cash flows over the expected lives of the contracts. These discounted cash flow projections primarily include benefits and related fees assessed, when applicable. In some instances, the projected cash flows from fees may exceed projected cash flows related to benefit payments and therefore, at a point in time, the carrying value of the MRBs may be in a net asset position. The projected cash flows incorporate best estimate assumptions for policyholder behavior (including mortality, lapses, withdrawals and benefit utilization), along with an explicit risk margin to reflect a market participant’s estimates of the fair value of projected cash flows and policyholder behavior. Estimates of future policyholder behavior assumptions are subjective and are based primarily on our historical experience."
blank,
narrative,"Because of the dynamic and complex nature of the projected cash flows with respect to MRBs in our variable annuity, fixed annuity, and fixed index annuity contracts, risk neutral valuations are used, which are calibrated to observable interest rate and equity option prices. Estimating the underlying cash flows for these products involves judgments regarding the capital market assumptions related to expected market rates of return, market volatility, credit spreads, correlations of certain market variables, fund performance and discount rates. Additionally, estimating the underlying cash flows for these products also involves judgments regarding policyholder behavior. The portion of fees attributable to the fair value of expected benefit payments is included within the fair value measurement of these MRBs, and related fees are classified in change in the fair value of MRBs, net, as earned, consistent with other changes in the fair value of these MRBs. Any portion of the fees not attributed to the MRBs is excluded from the fair value measurement and classified in policy fees as earned."
blank,
narrative,"Option pricing models are used to estimate the fair value of embedded derivatives in our fixed index annuity and life contracts, taking into account the capital market assumptions for future index growth rates, volatility of the index, future interest rates, and our ability to adjust the participation rate and the cap on fixed index credited rates in light of market conditions and policyholder behavior assumptions. "
blank,
footer,152
blank,
footer,AIG | 2023 Form 10-K
blank,
blank,
footer,ITEM 8 | Notes to Consolidated Financial Statements | 5. Fair Value Measurements
blank,
narrative,"Projected cash flows are discounted using the interest rate swap curve (swap curve), which is viewed as being consistent with the credit spreads for highly-rated financial institutions (S&P AA-rated or above). A swap curve shows the fixed-rate leg of a non-complex swap against the floating rate (for example, Secured Overnight Financing Rate (SOFR)) leg of a related tenor. We also incorporate our own risk of non-performance in the valuation of MRBs and embedded derivatives associated with variable annuity, fixed annuity, fixed index annuity and life contracts. The non-performance risk adjustment (NPA) reflects a market participant’s view of our claims-paying ability by incorporating an additional spread to the swap curve used to discount projected benefit cash flows. The NPA is calculated by constructing forward rates based on a weighted average of observable corporate credit indices to approximate the claims-paying ability rating of our insurance companies. The corporate credit indices are observable for the first 30 years. For years 30 to 50, the yield is derived using market observable yields. Yields for years 50 to 100 are extrapolated using a flat forward approach, maintaining a constant forward spread through the period.  MRBs are measured using a NPA that is a locked-in estimate of our claims-paying ability at policy issue (locked-in NPA) as well as a NPA that reflects an estimate of our current claims-paying ability (current NPA)."
blank,
narrative,"When MRBs are remeasured each period, both the interest rates and current NPA are updated. Changes in the swap curve and the time value accretion of the at-issue NPA are recorded to net income while the difference between the MRBs measured using the at-issue NPA and the current NPA is recorded to OCI. For embedded derivatives, changes in the interest rates and the period-over-period change in the NPA are recorded to net income."
blank,
narrative,Fortitude Re funds withheld payable
blank,
narrative,"The reinsurance transactions between AIG and Fortitude Re were structured as modco and loss portfolio transfer arrangements with funds withheld (funds withheld). As a result of the deconsolidation of Fortitude Re, AIG has established a funds withheld payable to Fortitude Re while simultaneously establishing a reinsurance asset representing reserves for the insurance coverage that Fortitude Re has assumed. The funds withheld payable contains an embedded derivative and changes in fair value of the embedded derivative related to the funds withheld payable are recognized in earnings through realized gains (losses). This embedded derivative is considered a total return swap with contractual returns that are attributable to various assets and liabilities associated with these reinsurance agreements."
blank,
narrative,Long-Term Debt
blank,
narrative,"The fair value of non-structured liabilities is generally determined by using market prices from exchange or dealer markets, when available, or discounting expected cash flows using the appropriate discount rate for the applicable maturity. We determine the fair value of structured liabilities and hybrid financial instruments (where performance is linked to structured interest rates, inflation or currency risks) using the appropriate derivative valuation methodology (described above) given the nature of the embedded risk profile. In addition, adjustments are made to the valuations of both non-structured and structured liabilities to reflect our own creditworthiness based on the methodology described in “Incorporation of Credit Risk in Fair Value Measurements – Our Own Credit Risk” above."
blank,
narrative,"Borrowings under obligations of guaranteed investment agreements (GIAs), which are guaranteed by us, are recorded at fair value using discounted cash flow calculations based on interest rates currently being offered for similar contracts and our current market observable implicit credit spread rates with maturities consistent with those remaining for the contracts being valued. Obligations may be called at various times prior to maturity at the option of the counterparty."
blank,
narrative,Other Liabilities
blank,
narrative,"Other liabilities measured at fair value include certain securities sold under agreements to repurchase and certain securities sold but not yet purchased. Liabilities arising from securities sold under agreements to repurchase are generally treated as collateralized borrowings. We estimate the fair value of liabilities arising under these agreements by using market-observable interest rates. This methodology considers such factors as the coupon rate, yield curves and other relevant factors. Fair values for securities sold but not yet purchased are based on current market prices."
blank,
footer,AIG | 2023 Form 10-K
blank,
footer,153
blank,
blank,
footer,ITEM 8 | Notes to Consolidated Financial Statements | 5. Fair Value Measurements
blank,
narrative,ASSETS AND LIABILITIES MEASURED AT FAIR VALUE ON A RECURRING BASIS
blank,
narrative,The following table presents information about assets and liabilities measured at fair value on a recurring basis and indicates the level of the fair value measurement based on the observability of the inputs used:
blank,
table_row,"December 31, 2023Level 1Level 2Level 3Counterparty"
blank,
table_row,Netting(a)
blank,
table_row,CashCollateralTotal
blank,
table_row,(in millions)
blank,
table_row,Assets:
blank,
table_row,Bonds available for sale:
blank,
table_row,U.S. government and government sponsored entities
blank,
table_row,"$35 $5,581 $— $— $— $5,616 "
blank,
table_row,"Obligations of states, municipalities and political subdivisions"
blank,
table_row,"— 9,816 847 — — 10,663 "
blank,
table_row,"Non-U.S. governments233 12,213 7 — — 12,453 "
blank,
table_row,"Corporate debt— 136,753 1,679 — — 138,432 "
blank,
table_row,"RMBS— 12,804 7,640 — — 20,444 "
blank,
table_row,"CMBS— 13,495 633 — — 14,128 "
blank,
table_row,"CLO/ABS— 13,959 16,038 — — 29,997 "
blank,
table_row,Total bonds available for sale
blank,
table_row,"268 204,621 26,844 — — 231,733 "
blank,
table_row,Other bond securities:
blank,
table_row,"Obligations of states, municipalities and political subdivisions— 90 1 — — 91 "
blank,
table_row,Non-U.S. governments— 37 — — — 37 
blank,
table_row,"Corporate debt— 2,697 211 — — 2,908 "
blank,
table_row,RMBS— 105 158 — — 263 
blank,
table_row,CMBS— 244 17 — — 261 
blank,
table_row,"CLO/ABS— 512 1,169 — — 1,681 "
blank,
table_row,Total other bond securities
blank,
table_row,"— 3,685 1,556 — — 5,241 "
blank,
table_row,Equity securities
blank,
table_row,632 40 56 — — 728 
blank,
table_row,Other invested assets(b)
blank,
table_row,"— 155 2,070 — — 2,225 "
blank,
table_row,Derivative assets(c):
blank,
table_row,"Interest rate contracts— 2,826 460 — — 3,286 "
blank,
table_row,Foreign exchange contracts
blank,
table_row,"— 1,235 1 — — 1,236 "
blank,
table_row,Equity contracts
blank,
table_row,"7 1,187 825 — — 2,019 "
blank,
table_row,Credit contracts
blank,
table_row,— 8 33 — — 41 
blank,
table_row,Other contracts— — 13 — — 13 
blank,
table_row,Counterparty netting and cash collateral
blank,
table_row,"— — — (3,864)(2,220)(6,084)"
blank,
table_row,Total derivative assets
blank,
table_row,"7 5,256 1,332 (3,864)(2,220)511 "
blank,
table_row,Short-term investments
blank,
table_row,"2,635 8,137 — — — 10,772 "
blank,
table_row,Market risk benefit assets— — 912 — — 912 
blank,
table_row,Other assets(c)
blank,
table_row,— — 243 — — 243 
blank,
table_row,Separate account assets
blank,
table_row,"87,814 3,191 — — — 91,005 "
blank,
table_row,Total(d)
blank,
table_row,"$91,356 $225,085 $33,013 $(3,864)$(2,220)$343,370 "
blank,
table_row,Liabilities:
blank,
table_row,"Policyholder contract deposits$— $55 $7,942 $— $— $7,997 "
blank,
table_row,"Market risk benefit liabilities— — 5,705 — — 5,705 "
blank,
table_row,Derivative liabilities(c):
blank,
table_row,Interest rate contracts
blank,
table_row,"— 3,631 — — — 3,631 "
blank,
table_row,Foreign exchange contracts
blank,
table_row,— 891 3 — — 894 
blank,
table_row,Equity contracts
blank,
table_row,2 680 63 — — 745 
blank,
table_row,Credit contracts
blank,
table_row,— 4 33 — — 37 
blank,
table_row,Other contracts— — 2 — — 2 
blank,
table_row,Counterparty netting and cash collateral
blank,
table_row,"— — — (3,864)(1,050)(4,914)"
blank,
table_row,Total derivative liabilities
blank,
table_row,"2 5,206 101 (3,864)(1,050)395 "
blank,
table_row,Fortitude Re funds withheld payable
blank,
table_row,"— — (1,226)— — (1,226)"
blank,
table_row,Other liabilities
blank,
table_row,— 107 122 — — 229 
blank,
table_row,Long-term debt
blank,
table_row,— 53 — — — 53 
blank,
table_row,"Total$2 $5,421 $12,644 $(3,864)$(1,050)$13,153 "
blank,
footer,154
blank,
footer,AIG | 2023 Form 10-K
blank,
blank,
footer,ITEM 8 | Notes to Consolidated Financial Statements | 5. Fair Value Measurements
blank,
table_row,"December 31, 2022Level 1Level 2Level 3Counterparty"
blank,
table_row,Netting(a)
blank,
table_row,CashCollateralTotal
blank,
table_row,(in millions)
blank,
table_row,Assets:
blank,
table_row,Bonds available for sale:
blank,
table_row,U.S. government and government sponsored entities
blank,
table_row,"$25 $6,594 $— $— $— $6,619 "
blank,
table_row,"Obligations of states, municipalities and political subdivisions"
blank,
table_row,"— 11,275 824 — — 12,099 "
blank,
table_row,"Non-U.S. governments158 13,326 1 — — 13,485 "
blank,
table_row,"Corporate debt— 134,992 2,847 — — 137,839 "
blank,
table_row,"RMBS— 11,264 7,553 — — 18,817 "
blank,
table_row,"CMBS— 13,267 926 — — 14,193 "
blank,
table_row,"CLO/ABS— 10,356 12,748 — — 23,104 "
blank,
table_row,Total bonds available for sale
blank,
table_row,"183 201,074 24,899 — — 226,156 "
blank,
table_row,Other bond securities:
blank,
table_row,"Obligations of states, municipalities and political subdivisions— 111 — — — 111 "
blank,
table_row,Non-U.S. governments— 66 — — — 66 
blank,
table_row,"Corporate debt— 1,976 416 — — 2,392 "
blank,
table_row,RMBS— 113 173 — — 286 
blank,
table_row,CMBS— 303 28 — — 331 
blank,
table_row,"CLO/ABS— 389 910 — — 1,299 "
blank,
table_row,Total other bond securities
blank,
table_row,"— 2,958 1,527 — — 4,485 "
blank,
table_row,Equity securities
blank,
table_row,518 18 39 — — 575 
blank,
table_row,Other invested assets (b)
blank,
table_row,"— 145 2,075 — — 2,220 "
blank,
table_row,Derivative assets(c):
blank,
table_row,"Interest rate contracts1 3,410 311 — — 3,722 "
blank,
table_row,Foreign exchange contracts
blank,
table_row,"— 1,844 — — — 1,844 "
blank,
table_row,Equity contracts
blank,
table_row,11 132 285 — — 428 
blank,
table_row,Commodity contracts— 9 — — — 9 
blank,
table_row,Credit contracts
blank,
table_row,— — 32 — — 32 
blank,
table_row,Other contracts— — 14 — — 14 
blank,
table_row,Counterparty netting and cash collateral
blank,
table_row,"— — — (3,895)(1,640)(5,535)"
blank,
table_row,Total derivative assets
blank,
table_row,"12 5,395 642 (3,895)(1,640)514 "
blank,
table_row,Short-term investments
blank,
table_row,"2,821 2,887 — — — 5,708 "
blank,
table_row,Market risk benefit assets— — 796 — — 796 
blank,
table_row,Other assets(c)
blank,
table_row,— — 107 — — 107 
blank,
table_row,Separate account assets
blank,
table_row,"81,655 3,198 — — — 84,853 "
blank,
table_row,"Total$85,189 $215,675 $30,085 $(3,895)$(1,640)$325,414 "
blank,
table_row,Liabilities:
blank,
table_row,"Policyholder contract deposits$— $41 $5,367 $— $— $5,408 "
blank,
table_row,"Market risk benefit liabilities— — 4,736 — — 4,736 "
blank,
table_row,Derivative liabilities(c):
blank,
table_row,Interest rate contracts
blank,
table_row,"— 4,838 — — — 4,838 "
blank,
table_row,Foreign exchange contracts
blank,
table_row,"— 1,138 — — — 1,138 "
blank,
table_row,Equity contracts
blank,
table_row,2 10 14 — — 26 
blank,
table_row,Credit contracts
blank,
table_row,— 9 32 — — 41 
blank,
table_row,Counterparty netting and cash collateral
blank,
table_row,"— — — (3,895)(1,917)(5,812)"
blank,
table_row,Total derivative liabilities
blank,
table_row,"2 5,995 46 (3,895)(1,917)231 "
blank,
table_row,Fortitude Re funds withheld payable
blank,
table_row,"— — (2,235)— — (2,235)"
blank,
table_row,Other liabilities— — 112 — — 112 
blank,
table_row,Long-term debt
blank,
table_row,— 56 — — — 56 
blank,
table_row,"Total$2 $6,092 $8,026 $(3,895)$(1,917)$8,308 "
blank,
narrative,(a)Represents netting of derivative exposures covered by qualifying master netting agreements.
blank,
narrative,"(b)Excludes investments that are measured at fair value using the net asset value (NAV) per share (or its equivalent), which totaled $9.5 billion and $9.8 billion as of December 31, 2023 and 2022, respectively."
blank,
narrative,(c)Presented as part of Other assets and Other liabilities on the Consolidated Balance Sheets.
blank,
narrative,(d)Excludes $182 million of assets reclassified to Assets held for sale on the Consolidated Balance Sheets.   
blank,
footer,AIG | 2023 Form 10-K
blank,
footer,155
blank,
blank,
footer,ITEM 8 | Notes to Consolidated Financial Statements | 5. Fair Value Measurements
blank,
narrative,CHANGES IN LEVEL 3 RECURRING FAIR VALUE MEASUREMENTS
blank,
narrative,"The following tables present changes during the years ended December 31, 2023 and 2022 in Level 3 assets and liabilities measured at fair value on a recurring basis, and the realized and unrealized gains (losses) related to the Level 3 assets and liabilities in the Consolidated Balance Sheets at December 31, 2023 and 2022:"
blank,
narrative,"(in millions)Fair ValueBeginning of YearMRBs and Net RealizedandUnrealizedGains(Losses)Includedin IncomeOtherComprehensiveIncome (Loss)Purchases, Sales,IssuancesandSettlements,NetGrossTransfersInGrossTransfersOutOtherFairValueEnd ofYearChanges inUnrealizedGains(Losses)Included inIncome onInstrumentsHeld at Endof YearChanges inUnrealized Gains(Losses)Included in OtherComprehensiveIncome (Loss) forRecurring Level 3Instruments Heldat End of Year"
blank,
table_row,"December 31, 2023"
blank,
table_row,Assets:
blank,
table_row,Bonds available for sale:
blank,
table_row,"Obligations of states, municipalities and political subdivisions$824 $(2)$67 $(31)$— $(11)$— $847 $— $35 "
blank,
table_row,Non-U.S. governments1 1 1 (5)11 (2)— 7 — 1 
blank,
table_row,"Corporate debt2,847 (104)24 (595)818 (1,295)(16)1,679 — (24)"
blank,
table_row,"RMBS7,553 430 12 (249)33 (139)— 7,640 — (63)"
blank,
table_row,CMBS926 (23)(49)(58)223 (386)— 633 — (94)
blank,
table_row,"CLO/ABS12,748 228 408 2,070 675 (251)160 16,038 — 243 "
blank,
table_row,"Total bonds available for sale24,899 530 463 1,132 1,760 (2,084)144 26,844 — 98 "
blank,
table_row,Other bond securities:
blank,
table_row,"Obligations of states, municipalities and political subdivisions— — — 1 — — — 1 — — "
blank,
table_row,Corporate debt416 (14)— — — (191)— 211 (15)— 
blank,
table_row,RMBS173 9 — (24)— — — 158 (5)— 
blank,
table_row,CMBS28 (4)— (7)— — — 17 — — 
blank,
table_row,"CLO/ABS910 68 — 153 5 (47)80 1,169 (36)— "
blank,
table_row,"Total other bond securities1,527 59 — 123 5 (238)80 1,556 (56)— "
blank,
table_row,Equity securities39 1 — 27 10 (20)(1)56 1 — 
blank,
table_row,"Other invested assets2,075 (150)11 90 44 — — 2,070 (151)— "
blank,
table_row,Other assets107 — — 136 — — — 243 — — 
blank,
table_row,Total(a)
blank,
table_row,"$28,647 $440 $474 $1,508 $1,819 $(2,342)$223 $30,769 $(206)$98 "
blank,
table_row,"(in millions)Fair ValueBeginning of YearMRBs and NetRealizedandUnrealized(Gains)LossesIncludedin IncomeOtherComprehensiveIncome (Loss)Purchases, Sales,IssuancesandSettlements,NetGrossTransfersInGrossTransfersOutOtherFairValueEnd ofYearChanges inUnrealizedGains(Losses)Included inIncome onInstrumentsHeld at Endof YearChanges inUnrealized Gains(Losses)Included in OtherComprehensiveIncome (Loss) forRecurring Level 3Instruments Heldat End of Year"
blank,
table_row,Liabilities:
blank,
table_row,"Policyholder contract deposits$5,367 $1,464 $— $1,111 $— $— $— $7,942 $(733)$— "
blank,
table_row,"Derivative liabilities, net:"
blank,
table_row,Interest rate contracts(311)11 — (160)— — — (460)82 — 
blank,
table_row,Foreign exchange contracts— 2 — — — — — 2 (2)— 
blank,
table_row,Equity contracts(271)99 — (590)— — — (762)438 — 
blank,
table_row,Other contracts(14)(64)— 67 — — — (11)64 — 
blank,
table_row,"Total derivative liabilities, net(b)"
blank,
table_row,"(596)48 — (683)— — — (1,231)582 — "
blank,
table_row,"Fortitude Re funds withheld payable(2,235)2,007 — (998)— — — (1,226)(872)— "
blank,
table_row,Other Liabilities112 10 — — — — — 122 — — 
blank,
table_row,Total(c)
blank,
table_row,"$2,648 $3,529 $— $(570)$— $— $— $5,607 $(1,023)$— "
blank,
table_row,156
blank,
table_row,AIG | 2023 Form 10-K
blank,
blank,
table_row,ITEM 8 | Notes to Consolidated Financial Statements | 5. Fair Value Measurements
blank,
table_row,"(in millions)Fair ValueBeginning of YearMRBs and Net RealizedandUnrealizedGains(Losses)Includedin IncomeOtherComprehensiveIncome (Loss)Purchases, Sales,IssuancesandSettlements,NetGrossTransfersInGrossTransfersOutOtherFairValueEnd ofYearChanges inUnrealizedGains(Losses)Included inIncome onInstrumentsHeld at Endof YearChanges inUnrealized Gains(Losses)Included in OtherComprehensiveIncome (Loss) forRecurring Level 3Instruments Heldat End of Year"
blank,
table_row,"December 31, 2022"
blank,
table_row,Assets:
blank,
table_row,Bonds available for sale:
blank,
table_row,"Obligations of states, municipalities and political subdivisions$1,431 $1 $(533)$(104)$40 $(11)$— $824 $— $(223)"
blank,
table_row,Non-U.S. governments7 1 3 (10)3 (3)— 1 — (1)
blank,
table_row,"Corporate debt2,641 37 (238)(87)1,155 (661)— 2,847 — (217)"
blank,
table_row,"RMBS10,378 452 (1,319)(1,511)8 (455)— 7,553 — (504)"
blank,
table_row,"CMBS1,190 7 (162)137 102 (348)— 926 — (133)"
blank,
table_row,"CLO/ABS11,215 114 (1,658)3,279 2,003 (2,205)— 12,748 — (1,605)"
blank,
table_row,"Total bonds available for sale26,862 612 (3,907)1,704 3,311 (3,683)— 24,899 — (2,683)"
blank,
table_row,Other bond securities:
blank,
table_row,Corporate debt134 (5)— 158 334 (205)— 416 (2)— 
blank,
table_row,RMBS196 (39)— 16 — — — 173 (38)— 
blank,
table_row,CMBS35 (6)— (1)— — — 28 (4)— 
blank,
table_row,"CLO/ABS2,332 (233)— (1,182)77 (84)— 910 (156)— "
blank,
table_row,"Total other bond securities2,697 (283)— (1,009)411 (289)— 1,527 (200)— "
blank,
table_row,Equity securities6 (1)— 27 16 (9)— 39 (1)— 
blank,
table_row,"Other invested assets1,948 338 (22)(26)47 (210)— 2,075 355 — "
blank,
table_row,Other assets114 — — (7)— — — 107 — — 
blank,
table_row,Total(a)
blank,
table_row,"$31,627 $666 $(3,929)$689 $3,785 $(4,191)$— $28,647 $154 $(2,683)"
blank,
table_row,"(in millions)Fair ValueBeginning of YearMRBs and NetRealizedandUnrealized(Gains)LossesIncludedin IncomeOtherComprehensiveIncome (Loss)Purchases, Sales,IssuancesandSettlements,NetGrossTransfersInGrossTransfersOutOtherFairValueEnd ofYearChanges inUnrealizedGains(Losses)Included inIncome onInstrumentsHeld at Endof YearChanges inUnrealized Gains(Losses)Included in OtherComprehensiveIncome (Loss) forRecurring Level 3Instruments Heldat End of Year"
blank,
table_row,Liabilities:
blank,
table_row,"Policyholder contract deposits$5,572 $(1,107)$— $902 $— $— $— $5,367 $1,363 $— "
blank,
table_row,"Derivative liabilities, net:"
blank,
table_row,Interest rate contracts— 9 — (245)(81)6 — (311)71 — 
blank,
table_row,Foreign exchange contracts(1)— — 1 — — — — (1)— 
blank,
table_row,Equity contracts(444)487 — (313)— (1)— (271)(246)— 
blank,
table_row,Credit contracts30 3 — (1)— — (32)— (31)— 
blank,
table_row,Other contracts(13)(65)— 64 — — — (14)65 — 
blank,
table_row,"Total derivative liabilities, net(b)"
blank,
table_row,(428)434 — (494)(81)5 (32)(596)(142)— 
blank,
table_row,"Fortitude Re funds withheld payable5,922 (7,481)— (676)— — — (2,235)7,729 — "
blank,
table_row,Other liabilities— — — 112 — — — 112 — — 
blank,
table_row,Total(c)
blank,
table_row,"$11,066 $(8,154)$— $(156)$(81)$5 $(32)$2,648 $8,950 $— "
blank,
narrative,"(a)Excludes MRB assets of $912 million at December 31, 2023 and $796 million at December 31, 2022. For additional information, see Note 14."
blank,
narrative,(b)Total Level 3 derivative exposures have been netted in these tables for presentation purposes only.
blank,
narrative,"(c)Excludes MRB liabilities of $5.7 billion at December 31, 2023 and $4.7 billion at December 31, 2022. For additional information, see Note 14."
blank,
footer,AIG | 2023 Form 10-K
blank,
footer,157
blank,
blank,
footer,ITEM 8 | Notes to Consolidated Financial Statements | 5. Fair Value Measurements
blank,
narrative,Market risk benefits and net realized and unrealized gains and losses included in income related to Level 3 assets and liabilities shown above are reported in the Consolidated Statements of Income (Loss) as follows:
blank,
table_row,(in millions)NetInvestmentIncomeNet RealizedGains (Losses)Change in the fair
blank,
table_row,value of market
blank,
table_row,"risk benefits, net(c)"
blank,
table_row,OtherIncomeTotal
blank,
table_row,"December 31, 2023"
blank,
table_row,Assets:
blank,
table_row,Bonds available for sale$592 $(62)$— $— $530 
blank,
table_row,Other bond securities59 — — — 59 
blank,
table_row,Equity securities1 — — — 1 
blank,
table_row,Other invested assets(146)(4)— — (150)
blank,
table_row,"December 31, 2022"
blank,
table_row,Assets:
blank,
table_row,Bonds available for sale$694 $(82)$— $— $612 
blank,
table_row,Other bond securities(283)— — — (283)
blank,
table_row,Equity securities(1)— — — (1)
blank,
table_row,Other invested assets346 (8)— — 338 
blank,
table_row,(in millions)NetInvestmentIncomeNet Realized(Gains) LossesChange in the fair
blank,
table_row,value of market
blank,
table_row,"risk benefits, net(c)"
blank,
table_row,OtherIncomeTotal
blank,
table_row,"December 31, 2023"
blank,
table_row,Liabilities:
blank,
table_row,Policyholder contract deposits(a)
blank,
table_row,"$— $1,464 $— $— $1,464 "
blank,
table_row,"Market risk benefit liabilities, net(b)"
blank,
table_row,"— (3)(1,125)— (1,128)"
blank,
table_row,"Derivative liabilities, net— 70 40 (62)48 "
blank,
table_row,"Fortitude Re funds withheld payable— 2,007 — — 2,007 "
blank,
table_row,Other Liabilities— 10 — — 10 
blank,
table_row,"December 31, 2022"
blank,
table_row,Liabilities:
blank,
table_row,Policyholder contract deposits(a)
blank,
table_row,"$— $(1,107)$— $— $(1,107)"
blank,
table_row,"Market risk benefit liabilities, net(b)"
blank,
table_row,"— — (2,344)— (2,344)"
blank,
table_row,"Derivative liabilities, net— 520 (25)(61)434 "
blank,
table_row,"Fortitude Re funds withheld payable— (7,481)— — (7,481)"
blank,
narrative,(a)Primarily embedded derivatives.
blank,
narrative,(b)Market risk benefit assets and liabilities have been netted in the above table for presentation purposes only.
blank,
narrative,(c)The portion of the fair value change attributable to own credit risk is recognized in OCI.  
blank,
narrative,"The following table presents the gross components of purchases, sales, issuances and settlements, net, shown above, for the years ended December 31, 2023 and 2022 related to Level 3 assets and liabilities in the Consolidated Balance Sheets:"
blank,
table_row,(in millions)PurchasesSalesIssuances
blank,
table_row,and
blank,
table_row, Settlements(a)
blank,
table_row,"Purchases, Sales,"
blank,
table_row, Issuances and
blank,
table_row,"Settlements, Net(a)"
blank,
table_row,"December 31, 2023"
blank,
table_row,Assets:
blank,
table_row,Bonds available for sale:
blank,
table_row,"Obligations of states, municipalities and political subdivisions$1 $(27)$(5)$(31)"
blank,
table_row,Non-U.S. governments— — (5)(5)
blank,
table_row,Corporate debt229 (34)(790)(595)
blank,
table_row,"RMBS935 (67)(1,117)(249)"
blank,
table_row,CMBS10 (50)(18)(58)
blank,
table_row,"CLO/ABS3,040 (450)(520)2,070 "
blank,
table_row,"Total bonds available for sale4,215 (628)(2,455)1,132 "
blank,
table_row,Other bond securities:
blank,
table_row,"Obligations of states, municipalities and political subdivisions3 (2)— 1 "
blank,
table_row,Corporate debt204 — (204)— 
blank,
table_row,RMBS6 — (30)(24)
blank,
table_row,CMBS— (7)— (7)
blank,
table_row,CLO/ABS269 (20)(96)153 
blank,
table_row,Total other bond securities482 (29)(330)123 
blank,
footer,158
blank,
footer,AIG | 2023 Form 10-K
blank,
blank,
footer,ITEM 8 | Notes to Consolidated Financial Statements | 5. Fair Value Measurements
blank,
table_row,(in millions)PurchasesSalesIssuances
blank,
table_row,and
blank,
table_row, Settlements(a)
blank,
table_row,"Purchases, Sales,"
blank,
table_row, Issuances and
blank,
table_row,"Settlements, Net(a)"
blank,
table_row,Equity securities32 (2)(3)27 
blank,
table_row,Other invested assets263 — (173)90 
blank,
table_row,Other assets130 — 6 136 
blank,
table_row,"Total$5,122 $(659)$(2,955)$1,508 "
blank,
table_row,Liabilities:
blank,
table_row,"Policyholder contract deposits$— $1,428 $(317)$1,111 "
blank,
table_row,"Derivative liabilities, net(1,156)28 445 (683)"
blank,
table_row,Fortitude Re funds withheld payable— — (998)(998)
blank,
table_row,"Total$(1,156)$1,456 $(870)$(570)"
blank,
table_row,"December 31, 2022"
blank,
table_row,Assets:
blank,
table_row,Bonds available for sale:
blank,
table_row,"Obligations of states, municipalities and political subdivisions$6 $(72)$(38)$(104)"
blank,
table_row,Non-U.S. governments— — (10)(10)
blank,
table_row,Corporate Debt143 (79)(151)(87)
blank,
table_row,"RMBS391 (76)(1,826)(1,511)"
blank,
table_row,CMBS195 (17)(41)137 
blank,
table_row,"CLO/ABS3,655 (25)(351)3,279 "
blank,
table_row,"Total bonds available for sale4,390 (269)(2,417)1,704 "
blank,
table_row,Other bond securities:
blank,
table_row,Corporate debt26 — 132 158 
blank,
table_row,RMBS62 (5)(41)16 
blank,
table_row,CMBS— (1)— (1)
blank,
table_row,"CLO/ABS750 (1,530)(402)(1,182)"
blank,
table_row,"Total other bond securities838 (1,536)(311)(1,009)"
blank,
table_row,Equity securities27 (1)1 27 
blank,
table_row,Other invested assets682 — (708)(26)
blank,
table_row,Other assets— — (7)(7)
blank,
table_row,"Total$5,937 $(1,806)$(3,442)$689 "
blank,
table_row,Liabilities:
blank,
table_row,Policyholder contract deposits
blank,
table_row,$— $923 $(21)$902 
blank,
table_row,"Derivative liabilities, net(687)12 181 (494)"
blank,
table_row,Fortitude Re funds withheld payable— — (676)(676)
blank,
table_row,Other liabilities— — 112 112 
blank,
table_row,Total$(687)$935 $(404)$(156)
blank,
narrative,"(a)There were no issuances during the years ended December 31, 2023 and 2022.   "
blank,
narrative,"Both observable and unobservable inputs may be used to determine the fair values of positions classified in Level 3 in the tables above. As a result, the unrealized gains (losses) on instruments held at December 31, 2023 and 2022 may include changes in fair value that were attributable to both observable (e.g., changes in market interest rates) and unobservable inputs (e.g., changes in unobservable long-dated volatilities)."
blank,
narrative,Transfers of Level 3 Assets and Liabilities
blank,
narrative,"The Net realized and unrealized gains (losses) included in income (loss) or OCI as shown in the table above excludes $25 million and $(128) million of net gains (losses) related to assets and liabilities transferred into Level 3 during the years ended December 31, 2023 and 2022, respectively, and includes $(34) million and $(129) million of net gains (losses) related to assets and liabilities transferred out of Level 3 during the years ended December 31, 2023 and 2022, respectively."
blank,
narrative,Transfers of Level 3 Assets
blank,
narrative,"During the years ended December 31, 2023 and 2022, transfers into Level 3 assets primarily included certain investments in private placement corporate debt, RMBS, CMBS and CLO/ABS. Transfers of private placement corporate debt and certain ABS into Level 3 assets were primarily the result of limited market pricing information that required us to determine fair value for these securities based on inputs that are adjusted to better reflect our own assumptions regarding the characteristics of a specific security or associated market liquidity. The transfers of investments in RMBS, CMBS and CLO and certain ABS into Level 3 assets were due to diminished market transparency and liquidity for individual security types."
blank,
footer,AIG | 2023 Form 10-K
blank,
footer,159
blank,
blank,
footer,ITEM 8 | Notes to Consolidated Financial Statements | 5. Fair Value Measurements
blank,
narrative,"During the years ended December 31, 2023 and 2022, transfers out of Level 3 assets primarily included certain investments in private placement corporate debt, RMBS, CMBS and CLO/ABS. Transfers of private placement corporate debt and certain ABS into Level 3 assets were primarily the result of limited market pricing information that required us to determine fair value for these securities based on inputs that are adjusted to better reflect our own assumptions regarding the characteristics of a specific security or associated market liquidity. The transfers of investments in RMBS, CMBS and CLO and certain ABS into Level 3 assets were due to diminished market transparency and liquidity for individual security types."
blank,
narrative,Transfers of Level 3 Liabilities
blank,
narrative,"There were no significant transfers of derivative or other liabilities into or out of Level 3 for the year ended December 31, 2023. During the year ended December 31, 2022, transfers of derivatives into Level 3 were primarily due to increased long-dated European swaption activity with SOFR tenors."
blank,
narrative,QUANTITATIVE INFORMATION ABOUT LEVEL 3 FAIR VALUE MEASUREMENTS
blank,
narrative,"The table below presents information about the significant unobservable inputs used for recurring fair value measurements for certain Level 3 instruments, and includes only those instruments for which information about the inputs is reasonably available to us, such as data from independent third-party valuation service providers. Because input information from third-parties with respect to certain Level 3 instruments (primarily CLO/ABS) may not be reasonably available to us, balances shown below may not equal total amounts reported for such Level 3 assets and liabilities:"
blank,
table_row,"(in millions)Fair Value atDecember 31, 2023Valuation TechniqueUnobservable Input(b)"
blank,
table_row,Range
blank,
table_row,(Weighted Average)(c)
blank,
table_row,Assets:
blank,
table_row,"Obligations of states, municipalities and political subdivisions$824 Discounted cash flowYield4.97% - 5.31% (5.14%)"
blank,
table_row,"Corporate debt1,803 Discounted cash flowYield5.19% - 8.48% (6.83%)"
blank,
table_row,RMBS(a)
blank,
table_row,"4,656 Discounted cash flowConstant prepayment rate4.34% - 9.99% (7.17%)"
blank,
table_row,Loss severity33.56% - 87.59% (60.57%)
blank,
table_row,Constant default rate0.76% - 2.56% (1.66%)
blank,
table_row,Yield6.13% - 7.41% (6.77%)
blank,
table_row,CLO/ABS(a)
blank,
table_row,"14,242 Discounted cash flowYield5.62% - 7.89% (6.76%)"
blank,
table_row,CMBS587 Discounted cash flowYield5.62% - 17.85% (11.73%)
blank,
table_row,Market risk benefit assets912 Discounted cash flowEquity volatility6.25% - 49.75%
blank,
table_row,Base lapse rate0.16% - 28.80%
blank,
table_row,Dynamic lapse multiplier(e)
blank,
table_row,20.00% - 186.18%
blank,
table_row,Mortality multiplier(e)(f)
blank,
table_row,38.25% - 160.01%
blank,
table_row,Utilization(h)
blank,
table_row,80.00% - 100.00%
blank,
table_row,Equity / interest rate correlation0.00% - 30.00%
blank,
table_row,NPA(g)
blank,
table_row,0.00% - 2.29%
blank,
table_row,Liabilities(d):
blank,
table_row,Market risk benefit liabilities:
blank,
table_row,"Variable annuities guaranteed benefits2,174 Discounted cash flowEquity volatility6.25% - 49.75%"
blank,
table_row,Base lapse rate0.16% - 28.80%
blank,
table_row,Dynamic lapse multiplier(e)
blank,
table_row,20.00% - 186.18%
blank,
table_row,Mortality multiplier(e)(f)
blank,
table_row,38.25% - 160.01%
blank,
table_row,Utilization(h)
blank,
table_row,80.00% - 100.00%
blank,
table_row,Equity / interest rate correlation
blank,
table_row,0.00% - 30.00%
blank,
table_row,NPA(g)
blank,
table_row,0.00% - 2.29%
blank,
table_row,"Fixed annuities guaranteed benefits1,111 Discounted cash flowBase lapse rate0.20% - 15.75%"
blank,
table_row,Dynamic lapse multiplier(e)
blank,
table_row,20.00% - 186.18%
blank,
table_row,Mortality multiplier(e)(f)
blank,
table_row,40.26% - 168.43%
blank,
table_row,Utilization(h)
blank,
table_row,90.00% - 97.50%
blank,
table_row,NPA(g)
blank,
table_row,0.00% - 2.29%
blank,
table_row,"Fixed index annuities guaranteed benefits2,420 Discounted cash flowEquity volatility6.25% - 49.75%"
blank,
table_row,Base lapse rate0.20% - 50.00%
blank,
table_row,Dynamic lapse multiplier(e)
blank,
table_row,20.00% - 186.18%
blank,
table_row,Mortality multiplier(e)(f)
blank,
table_row,24.00% - 146.00%
blank,
footer,160
blank,
footer,AIG | 2023 Form 10-K
blank,
blank,
footer,ITEM 8 | Notes to Consolidated Financial Statements | 5. Fair Value Measurements
blank,
table_row,"(in millions)Fair Value atDecember 31, 2023Valuation TechniqueUnobservable Input(b)"
blank,
table_row,Range
blank,
table_row,(Weighted Average)(c)
blank,
table_row,Utilization(h)
blank,
table_row,60.00% - 97.50%
blank,
table_row,Option budget0.00% - 6.00%
blank,
table_row,Equity / interest rate correlation0.00% - 30.00%
blank,
table_row,NPA(g)
blank,
table_row,0.00% - 2.29%
blank,
table_row,Embedded derivatives within Policyholder contract deposits:
blank,
table_row,Index credits on fixed index annuities(i)
blank,
table_row,"6,953 Discounted cash flowEquity volatility6.25% - 49.75%"
blank,
table_row,Base lapse rate0.20% - 50.00%
blank,
table_row,Dynamic lapse multiplier(e)
blank,
table_row,20.00% - 186.18%
blank,
table_row,Mortality multiplier(e)(f)
blank,
table_row,24.00% - 146.00%
blank,
table_row,Utilization(h)
blank,
table_row,60.00% - 97.50%
blank,
table_row,Option budget0.00% - 6.00%
blank,
table_row,Equity / interest rate correlation0.00% - 30.00%
blank,
table_row,NPA(g)
blank,
table_row,0.00% - 2.29%
blank,
table_row,Index life989 Discounted cash flowBase lapse rate0.00% - 37.97%
blank,
table_row,Mortality rate0.00% - 100.00%
blank,
table_row,Equity volatility5.85% - 20.36%
blank,
table_row,NPA(g)
blank,
table_row,0.00% - 2.29%
blank,
table_row,"(in millions)Fair Value atDecember 31, 2022Valuation TechniqueUnobservable Input(b)"
blank,
table_row,Range
blank,
table_row,(Weighted Average)(c)
blank,
table_row,Assets:
blank,
table_row,"Obligations of states, municipalities and political subdivisions$799 Discounted cash flowYield5.28% - 5.94% (5.61%)"
blank,
table_row,"Corporate debt2,527 Discounted cash flowYield4.98% - 9.36% (7.17%)"
blank,
table_row,RMBS(a)
blank,
table_row,"5,235 Discounted cash flowConstant prepayment rate4.89% - 10.49% (7.69%)"
blank,
table_row,Loss severity45.06% - 76.87% (60.97%)
blank,
table_row,Constant default rate0.82% - 2.72% (1.77%)
blank,
table_row,Yield5.98% - 7.75% (6.87%)
blank,
table_row,CLO/ABS(a)
blank,
table_row,"7,503 Discounted cash flowYield6.00% - 7.97% (6.99%)"
blank,
table_row,CMBS587 Discounted cash flowYield4.06% - 13.14% (8.60%)
blank,
table_row,Market risk benefit assets796 Discounted cash flowEquity volatility6.45% - 50.75%
blank,
table_row,Base lapse rate0.16% - 28.80%
blank,
table_row,Dynamic lapse multiplier(e)
blank,
table_row,20.00% - 186.18%
blank,
table_row,Mortality multiplier(e)(f)
blank,
table_row,38.25% - 160.01%
blank,
table_row,Utilization(h)
blank,
table_row,80.00% - 100.00%
blank,
table_row,Equity / interest rate correlation0.00% - 30.00%
blank,
table_row,NPA(g)
blank,
table_row,0.00% - 2.03%
blank,
table_row,Liabilities(d):
blank,
table_row,Market risk benefit liabilities:
blank,
table_row,"Variable annuities guaranteed benefits2,358 Discounted cash flowEquity volatility6.45% - 50.75%"
blank,
table_row,Base lapse rate0.16% - 28.80%
blank,
table_row,Dynamic lapse multiplier(e)
blank,
table_row,20.00% - 186.18%
blank,
table_row,Mortality multiplier(e)(f)
blank,
table_row,38.25% - 160.01%
blank,
table_row,Utilization(h)
blank,
table_row,80.00% - 100.00%
blank,
table_row,Equity / interest rate correlation0.00% - 30.00%
blank,
table_row,NPA(g)
blank,
table_row,0.00% - 2.03%
blank,
table_row,Fixed annuities guaranteed benefits680 Discounted cash flowBase lapse rate0.20% - 15.75%
blank,
table_row,Dynamic lapse multiplier(e)
blank,
table_row,20.00% - 186.16%
blank,
table_row,Mortality multiplier(e)(f)
blank,
table_row,40.26% - 168.43%
blank,
table_row,Utilization(h)
blank,
table_row,90.00% - 97.50%
blank,
table_row,NPA(g)
blank,
table_row,0.00% - 2.03%
blank,
table_row,"Fixed index annuities guaranteed benefits1,698 Discounted cash flowEquity volatility6.45% - 50.75%"
blank,
table_row,Base lapse rate0.20% - 50.00%
blank,
table_row,Dynamic lapse multiplier(e)
blank,
table_row,20.00% - 186.18%
blank,
table_row,Mortality multiplier(e)(f)
blank,
table_row,24.00% - 180.00%
blank,
table_row,Utilization(h)
blank,
table_row,60.00% - 97.50%
blank,
footer,AIG | 2023 Form 10-K
blank,
footer,161
blank,
blank,
footer,ITEM 8 | Notes to Consolidated Financial Statements | 5. Fair Value Measurements
blank,
table_row,"(in millions)Fair Value atDecember 31, 2022Valuation TechniqueUnobservable Input(b)"
blank,
table_row,Range
blank,
table_row,(Weighted Average)(c)
blank,
table_row,Option budget0.00% - 5.00%
blank,
table_row,Equity / interest rate correlation0.00% - 30.00%
blank,
table_row,NPA(g)
blank,
table_row,0.00% - 2.03%
blank,
table_row,Embedded derivatives within Policyholder contract deposits:
blank,
table_row,Index credits on fixed index annuities(i)
blank,
table_row,"4,657 Discounted cash flowEquity volatility6.45% - 50.75%"
blank,
table_row,Base lapse rate0.20% - 50.00%
blank,
table_row,Dynamic lapse multiplier(e)
blank,
table_row,20.00% - 186.18%
blank,
table_row,Mortality multiplier(e)(f)
blank,
table_row,24.00% - 180.00%
blank,
table_row,Utilization(h)
blank,
table_row,60.00% - 97.50%
blank,
table_row,Option budget0.00% - 5.00%
blank,
table_row,Equity / interest rate correlation0.00% - 30.00%
blank,
table_row,NPA(g)
blank,
table_row,0.00% - 2.03%
blank,
table_row,Index life710 Discounted cash flowBase lapse rate0.00% - 37.97%
blank,
table_row,Mortality rate0.00% - 100.00%
blank,
table_row,Equity volatility5.75% - 23.63%
blank,
table_row,NPA(g)
blank,
table_row,0.00% - 2.03%
blank,
narrative,"(a)Information received from third-party valuation service providers. The ranges of the unobservable inputs for constant prepayment rate, loss severity and constant default rate relate to each of the individual underlying mortgage loans that comprise the entire portfolio of securities in the RMBS and CLO securitization vehicles and not necessarily to the securitization vehicle bonds (tranches) purchased by us. The ranges of these inputs do not directly correlate to changes in the fair values of the tranches purchased by us, because there are other factors relevant to the fair values of specific tranches owned by us including, but not limited to, purchase price, position in the waterfall, senior versus subordinated position and attachment points."
blank,
narrative,"(b)Represents discount rates, estimates and assumptions that we believe would be used by market participants when valuing these assets and liabilities."
blank,
narrative,"(c)The weighted averaging for fixed maturity securities is based on the estimated fair value of the securities. Because the valuation methodology for embedded derivatives with policyholder contract deposits and market risk benefits uses a range of inputs that vary at the contract level over the cash flow projection period, management believes that presenting a range, rather than weighted average, is a more meaningful representation of the unobservable inputs used in the valuation."
blank,
narrative,"(d)The Fortitude Re funds withheld payable has been excluded from the above table. As discussed in Note 8, the Fortitude Re funds withheld payable is created through modco and funds withheld reinsurance arrangements where the investments supporting the reinsurance agreements are withheld by, and continue to reside on AIG’s balance sheet. This embedded derivative is valued as a total return swap with reference to the fair value of the invested assets held by AIG. Accordingly, the unobservable inputs utilized in the valuation of the embedded derivative are a component of the invested assets supporting the reinsurance agreements that are held on AIG’s balance sheet."
blank,
narrative,"(e)The ranges for these inputs vary due to the different guaranteed minimum withdrawal benefits (GMWB) product specification and policyholder characteristics across in-force policies. Policyholder characteristics that affect these ranges include age, policy duration, and gender."
blank,
narrative,(f)Mortality inputs are shown as multipliers of the 2012 Individual Annuity Mortality Basic table.
blank,
narrative,(g)The NPA applied as a spread over risk-free curve for discounting.
blank,
narrative,"(h)The partial withdrawal utilization unobservable input range shown applies only to policies with guaranteed minimum withdrawal benefit riders. The total embedded derivative liability at December 31, 2023 and 2022 was approximately $1.5 billion and $1.1 billion, respectively."
blank,
narrative,"(i)The fixed index annuities embedded derivative associated with index credits related to the contracts with guaranteed product features included in policyholder contract deposits was $1.5 billion and $1.1 billion at December 31, 2023 and 2022, respectively.     "
blank,
narrative,"The ranges of reported inputs for Obligations of states, municipalities and political subdivisions, Corporate debt, RMBS, CLO/ABS, and CMBS valued using a discounted cash flow technique consist of one standard deviation in either direction from the value‑weighted average. The preceding table does not give effect to our risk management practices that might offset risks inherent in these Level 3 assets and liabilities."
blank,
narrative,Interrelationships Between Unobservable Inputs
blank,
narrative,"We consider unobservable inputs to be those for which market data is not available and that are developed using the best information available to us about the assumptions that market participants would use when pricing the asset or liability. Relevant inputs vary depending on the nature of the instrument being measured at fair value. The following paragraphs provide a general description of significant unobservable inputs along with interrelationships between and among the significant unobservable inputs and their impact on the fair value measurements. In practice, simultaneous changes in assumptions may not always have a linear effect on the inputs discussed below. Interrelationships may also exist between observable and unobservable inputs. Such relationships have not been included in the discussion below. For each of the individual relationships described below, the inverse relationship would also generally apply."
blank,
narrative,Fixed Maturity Securities
blank,
narrative,"The significant unobservable input used in the fair value measurement of fixed maturity securities is yield. The yield is affected by the market movements in credit spreads and U.S. Treasury yields. The yield may be affected by other factors including constant prepayment rates, loss severity, and constant default rates. In general, increases in the yield would decrease the fair value of investments, and conversely, decreases in the yield would increase the fair value of investments."
blank,
footer,162
blank,
footer,AIG | 2023 Form 10-K
blank,
blank,
footer,ITEM 8 | Notes to Consolidated Financial Statements | 5. Fair Value Measurements
blank,
narrative,MRBs and Embedded Derivatives within Policyholder Contract Deposits
blank,
narrative,"For MRBs and embedded derivatives, the assumptions for unobservable inputs vary throughout the period over which cash flows are projected for valuation purposes. The following are applicable unobservable inputs:"
blank,
narrative,"•Long-term equity volatilities represent equity volatility beyond the period for which observable equity volatilities are available. Increases in assumed volatility will generally increase the fair value of both the projected cash flows from rider fees as well as the projected cash flows related to benefit payments. Therefore, the net change in the fair value of the liability may be either a decrease or an increase, depending on the relative changes in projected rider fees and projected benefit payments."
blank,
narrative,"•Equity and interest rate correlation estimates the relationship between changes in equity returns and interest rates in the economic scenario generator used to value our MRBs. In general, a higher positive correlation assumes that equity markets and interest rates move in a more correlated fashion, which generally increases the fair value of the liability. Only our fixed index annuities with a GMWB rider are subject to the equity and interest correlation assumption. Other policies such as accumulation fixed index annuity and life products do not use a correlation assumption."
blank,
narrative,"•Base lapse rate assumptions are determined by company experience and judgment and are adjusted at the contract level using a dynamic lapse function, which reduces the base lapse rate when the contract is in-the-money (when the contract holder’s guaranteed value, as estimated by the company, is worth more than their underlying account value). Lapse rates are also generally assumed to be lower in periods when a surrender charge applies. Increases in assumed lapse rates will generally decrease the fair value of the liability as fewer policyholders would persist to collect guaranteed benefit amounts."
blank,
narrative,"•Mortality rate assumptions, which vary by age and gender, are based on company experience and include a mortality improvement assumption. Increases in assumed mortality rates will decrease the fair value of the GMWB liability, while lower mortality rate assumptions will generally increase the fair value of the liability because guaranteed withdrawal payments will be made for a longer period of time and generally exceed any decrease in guaranteed death benefits."
blank,
narrative,"•Utilization assumptions estimate the timing when policyholders with a GMWB will elect to utilize their benefit and begin taking withdrawals. The assumptions may vary by the type of guarantee, tax-qualified status, the contract’s withdrawal history and the age of the policyholder. Utilization assumptions are based on company experience, which includes partial withdrawal behavior. Increases in assumed utilization rates will generally increase the fair value of the liability."
blank,
narrative,"•Non-performance or “own credit” risk adjustment used in the valuation of MRBs and embedded derivatives, which reflects a market participant’s view of our claims-paying ability by incorporating a different spread (the NPA spread) to the curve used to discount projected benefit cash flows. When corporate credit spreads widen, the change in the NPA spread generally reduces the fair value of the MRBs and embedded derivatives, resulting in a gain in AOCI or Net realized gains (losses), respectively, and when corporate credit spreads narrow or tighten, the change in the NPA spread generally increases the fair value of the MRBs and embedded derivatives, resulting in a loss in AOCI or Net realized gains (losses), respectively."
blank,
narrative,"•The projected cash flows incorporate best estimate assumptions for policyholder behavior (including mortality, lapses, withdrawals and benefit utilization), along with an explicit risk margin to reflect a market participant’s estimates of the fair value of projected cash flows and policyholder behavior. Estimates of future policyholder behavior assumptions are subjective and based primarily on our historical experience."
blank,
narrative,"•For embedded derivatives, option budgets estimate the expected long-term cost of options used to hedge exposures associated with index price changes. The level of option budgets determines future costs of the options, which impacts the growth in account value and the valuation of embedded derivatives."
blank,
narrative,Embedded Derivatives within Reinsurance Contracts
blank,
narrative,"The fair value of embedded derivatives associated with funds withheld reinsurance contracts is determined based upon a total return swap technique with reference to the fair value of the investments held by AIG related to AIG’s funds withheld payable. The fair value of the underlying assets is generally based on market observable inputs using industry standard valuation techniques. The valuation also requires certain significant inputs, which are generally not observable, and accordingly, the valuation is considered Level 3 in the fair value hierarchy."
blank,
footer,AIG | 2023 Form 10-K
blank,
footer,163
blank,
blank,
footer,ITEM 8 | Notes to Consolidated Financial Statements | 5. Fair Value Measurements
blank,
narrative,INVESTMENTS IN CERTAIN ENTITIES CARRIED AT FAIR VALUE USING NET ASSET VALUE PER SHARE
blank,
narrative,"The following table includes information related to our investments in certain other invested assets, including private equity funds, hedge funds and other alternative investments that calculate net asset value per share (or its equivalent). For these investments, which are measured at fair value on a recurring basis, we use the net asset value per share to measure fair value."
blank,
table_row,"December 31, 2023December 31, 2022"
blank,
table_row,(in millions)Investment Category IncludesFair Value Using NAV Per Share (or its equivalent)Unfunded CommitmentsFair Value Using NAV Per Share (or its equivalent)Unfunded Commitments
blank,
table_row,Investment Category
blank,
table_row,Private equity funds:
blank,
table_row,"Leveraged buyoutDebt and/or equity investments made as part of a transaction in which assets of mature companies are acquired from the current shareholders, typically with the use of financial leverage$3,617 $2,313 $3,146 $2,448 "
blank,
table_row,"Real assetsInvestments in real estate properties, agricultural and infrastructure assets, including power plants and other energy producing assets1,814 782 1,851 840 "
blank,
table_row,"Venture capitalEarly-stage, high-potential, growth companies expected to generate a return through an eventual realization event, such as an initial public offering or sale of the company270 141 272 183 "
blank,
table_row,Growth equityFunds that make investments in established companies for the purpose of growing their businesses680 117 732 60 
blank,
table_row,MezzanineFunds that make investments in the junior debt and equity securities of leveraged companies292 98 598 142 
blank,
table_row,"OtherIncludes distressed funds that invest in securities of companies that are in default or under bankruptcy protection, as well as funds that have multi- strategy, and other strategies2,125 297 1,829 391 "
blank,
table_row,"Total private equity funds8,798 3,748 8,428 4,064 "
blank,
table_row,Hedge funds:
blank,
table_row,"Event-drivenSecurities of companies undergoing material structural changes, including mergers, acquisitions and other reorganizations18 — 92 — "
blank,
table_row,"Long-shortSecurities that the manager believes are undervalued, with corresponding short positions to hedge market risk549 — 696 — "
blank,
table_row,MacroInvestments that take long and short positions in financial instruments based on a top-down view of certain economic and capital market conditions69 — 414 — 
blank,
table_row,"OtherIncludes investments held in funds that are less liquid, as well as other strategies which allow for broader allocation between public and private investments74 — 192 — "
blank,
table_row,"Total hedge funds710 — 1,394 — "
blank,
table_row,"Total$9,508 $3,748 $9,822 $4,064 "
blank,
narrative,"Private equity fund investments included above are not redeemable, because distributions from the funds will be received when underlying investments of the funds are liquidated. Private equity funds are generally expected to have 10-year lives at their inception, but these lives may be extended at the fund manager’s discretion, typically in one-year or two-year increments."
blank,
narrative,"The majority of our hedge fund investments are redeemable upon a single month or quarter’s notice, though redemption terms vary from single, immediate withdrawals, to withdrawals staggered up to eight quarters. Some of the portfolio consists of illiquid run-off or “side-pocket” positions whose liquidation horizons are uncertain and likely beyond a year after submission of the redemption notice."
blank,
footer,164
blank,
footer,AIG | 2023 Form 10-K
blank,
blank,
footer,ITEM 8 | Notes to Consolidated Financial Statements | 5. Fair Value Measurements
blank,
narrative,FAIR VALUE OPTION
blank,
narrative,"Under the fair value option, we may elect to measure at fair value financial assets and financial liabilities that are not otherwise required to be carried at fair value. Subsequent changes in fair value for designated items are reported in earnings. We elect the fair value option for certain hybrid securities given the complexity of bifurcating the economic components associated with the embedded derivatives. "
blank,
narrative,"For additional information related to embedded derivatives, see Note 11."
blank,
narrative,"Additionally, we elect the fair value option for certain alternative investments when such investments are eligible for this election. We believe this measurement basis is consistent with the applicable accounting guidance used by the respective investment company funds themselves."
blank,
narrative,"For additional information on securities and other invested assets for which we have elected the fair value option, see Note 6."
blank,
narrative,The following table presents the gains or losses recorded related to the eligible instruments for which we elected the fair value option:
blank,
table_row,"Years Ended December 31,Gain (Loss)"
blank,
table_row,(in millions)202320222021
blank,
table_row,Assets:
blank,
table_row,Other bond securities(a)
blank,
table_row,$382 $(822)$(12)
blank,
table_row,Alternative investments(b)
blank,
table_row,"334 224 1,650 "
blank,
table_row,Liabilities:
blank,
table_row,Long-term debt(c)
blank,
table_row,3 225 66 
blank,
table_row,"Total gain (loss)$719 $(373)$1,704 "
blank,
narrative,"(a)Includes certain securities supporting the funds withheld arrangements with Fortitude Re. For additional information regarding the gains and losses for Other bond securities, see Note 6. For additional information regarding the funds withheld arrangements with Fortitude Re, see Note 8."
blank,
narrative,"(b)Includes certain hedge funds, private equity funds and other investment partnerships."
blank,
narrative,"(c)Includes GIAs, notes, bonds and mortgages payable."
blank,
narrative,Interest income and dividend income on assets measured under the fair value option are recognized and included in Net investment income in the Consolidated Statements of Income. Interest expense on liabilities measured under the fair value option is reported in Other Income in the Consolidated Statements of Income.
blank,
narrative,"For additional information about our policies for recognition, measurement, and disclosure of interest and dividend income, see Note 6."
blank,
narrative,"We calculate the effect of these credit spread changes using discounted cash flow techniques that incorporate current market interest rates, our observable credit spreads on these liabilities and other factors that mitigate the risk of nonperformance such as cash collateral posted."
blank,
narrative,The following table presents the difference between fair value and the aggregate contractual principal amount of long-term debt for which the fair value option was elected:
blank,
table_row,"December 31, 2023December 31, 2022"
blank,
table_row,(in millions)Fair ValueOutstanding Principal AmountDifferenceFair ValueOutstanding Principal AmountDifference
blank,
table_row,Liabilities:
blank,
table_row,Long-term debt*$53 $44 $9 $56 $45 $11 
blank,
narrative,"*Includes GIAs, notes, bonds, loans and mortgages payable."
blank,
footer,AIG | 2023 Form 10-K
blank,
footer,165
blank,
blank,
footer,ITEM 8 | Notes to Consolidated Financial Statements | 5. Fair Value Measurements
blank,
narrative,FAIR VALUE MEASUREMENTS ON A NON-RECURRING BASIS
blank,
narrative,"We measure the fair value of certain assets on a non-recurring basis, generally quarterly, annually or when events or changes in circumstances indicate that the carrying amount of the assets may not be recoverable. These assets include cost and equity-method investments, commercial mortgage loans and commercial loans, investments in real estate and other fixed assets, goodwill and other intangible assets. "
blank,
narrative,"For additional information about how we test various asset classes for impairment, see Notes 6 and 7."
blank,
narrative,Information regarding the estimation of fair value for financial instruments measured at fair value on a non-recurring basis is discussed below.
blank,
narrative,"Impairments for Other investments primarily relate to real estate investments as well as commercial loans and commercial mortgage loans, the fair value determination for which is discussed above under the heading Valuation Methodologies of Financial Instruments Measured at Fair Value."
blank,
narrative,The following table presents assets measured at fair value on a non-recurring basis at the time of impairment and the related impairment charges recorded during the periods presented:
blank,
table_row,Assets at Fair ValueImpairment Charges
blank,
table_row,"Non-Recurring BasisDecember 31,"
blank,
table_row,(in millions)Level 1Level 2Level 3Total202320222021
blank,
table_row,"December 31, 2023"
blank,
table_row,Other investments$— $— $80 $80 $13 $25 $6 
blank,
table_row,Other assets— — — — 121 1 67 
blank,
table_row,Total$— $— $80 $80 $134 $26 $73 
blank,
table_row,"December 31, 2022"
blank,
table_row,Other investments$— $— $12 $12 
blank,
table_row,Total$— $— $12 $12 
blank,
narrative,"In addition to the assets presented in the table above, AIG had $163 million of loans held for sale which are carried at fair value at December 31, 2022. There are no loans that were carried at fair value as of December 31, 2023. There are no associated impairment charges."
blank,
narrative,FAIR VALUE INFORMATION ABOUT FINANCIAL INSTRUMENTS NOT MEASURED AT FAIR VALUE
blank,
narrative,Information regarding the estimation of fair value for financial instruments not carried at fair value (excluding insurance contracts and lease contracts) is discussed below:
blank,
narrative,"•Mortgage and other loans receivable: Fair values of loans on commercial real estate and other loans receivable are estimated for disclosure purposes using discounted cash flow calculations based on discount rates that we believe market participants would use in determining the price that they would pay for such assets. For certain loans, our current incremental lending rates for similar types of loans are used as the discount rates, because we believe this rate approximates the rates market participants would use. Fair values of residential mortgage loans are generally determined based on market prices, using market based adjustments for credit and servicing as appropriate. The fair values of policy loans are generally estimated based on unpaid principal amount as of each reporting date. No consideration is given to credit risk because policy loans are effectively collateralized by the cash surrender value of the policies."
blank,
narrative,•Other invested assets: The majority of the Other invested assets that are not measured at fair value represent time deposits with the original maturity at purchase greater than one year. The fair value of long-term time deposits is determined using the expected discounted future cash flow. 
blank,
narrative,"•Cash and short-term investments: The carrying amounts of these assets approximate fair values because of the relatively short period of time between origination and expected realization, and their limited exposure to credit risk."
blank,
narrative,"•Policyholder contract deposits associated with investment-type contracts: Fair values for policyholder contract deposits associated with investment-type contracts not accounted for at fair value are estimated using discounted cash flow calculations based on interest rates currently being offered for similar contracts with maturities consistent with those of the contracts being valued. When no similar contracts are being offered, the discount rate is the appropriate swap rate (if available) or current risk-free interest rate consistent with the currency in which the cash flows are denominated. To determine fair value, other factors include current policyholder account values and related surrender charges and other assumptions include expectations about policyholder behavior and an appropriate risk margin."
blank,
footer,166
blank,
footer,AIG | 2023 Form 10-K
blank,
blank,
footer,ITEM 8 | Notes to Consolidated Financial Statements | 5. Fair Value Measurements
blank,
narrative,"•Other liabilities: The majority of Other liabilities that are financial instruments not measured at fair value represent secured financing arrangements, including repurchase agreements. The carrying amounts of these liabilities approximate fair value, because the financing arrangements are short-term and are secured by cash or other liquid collateral."
blank,
narrative,•Fortitude Re funds withheld payable: The funds withheld payable contains an embedded derivative and the changes in its fair value are recognized in earnings each period. The difference between the total Fortitude Re funds withheld payable and the embedded derivative represents the host contract. 
blank,
narrative,"•Short-term and Long-term debt and Debt of consolidated investment entities: Fair values of these obligations were determined by reference to quoted market prices, when available and appropriate, or discounted cash flow calculations based upon our current market‑observable implicit‑credit‑spread rates for similar types of borrowings with maturities consistent with those remaining for the debt being valued."
blank,
narrative,"•Separate Account Liabilities – Investment Contracts: Only the portion of separate account liabilities related to products that are investment contracts are reflected in the table below. Separate account liabilities are recorded at the amount credited to the contract holder, which reflects the change in fair value of the corresponding separate account assets including contract holder deposits less withdrawals and fees; therefore, carrying value approximates fair value."
blank,
narrative,The following table presents the carrying amounts and estimated fair values of our financial instruments not measured at fair value and indicates the level in the fair value hierarchy of the estimated fair value measurement based on the observability of the inputs used:
blank,
table_row,Estimated Fair ValueCarryingValue
blank,
table_row,(in millions)Level 1Level 2Level 3Total
blank,
table_row,"December 31, 2023"
blank,
table_row,Assets:
blank,
table_row,"Mortgage and other loans receivable$— $272 $48,264 $48,536 $51,553 "
blank,
table_row,Other invested assets— 913 6 919 919 
blank,
table_row,Short-term investments(a)
blank,
table_row,"— 6,428 — 6,428 6,428 "
blank,
table_row,Cash(b)
blank,
table_row,"2,155 — — 2,155 2,155 "
blank,
table_row,Other assets45 — — 45 45 
blank,
table_row,Liabilities:
blank,
table_row,"Policyholder contract deposits associated with investment-type contracts— 90 130,094 130,184 140,652 "
blank,
table_row,"Fortitude Re funds withheld payable— — 30,710 30,710 30,710 "
blank,
table_row,Other liabilities(c)
blank,
table_row,"— 2,467 — 2,467 2,467 "
blank,
table_row,"Short-term and long-term debt— 18,595 267 18,862 19,743 "
blank,
table_row,"Debt of consolidated investment entities— 43 2,526 2,569 2,591 "
blank,
table_row,"Separate account liabilities - investment contracts— 87,215 — 87,215 87,215 "
blank,
table_row,"December 31, 2022"
blank,
table_row,Assets:
blank,
table_row,"Mortgage and other loans receivable$— $89 $45,755 $45,844 $49,442 "
blank,
table_row,Other invested assets— 848 6 854 854 
blank,
table_row,"Short-term investments— 6,668 — 6,668 6,668 "
blank,
table_row,"Cash2,043 — — 2,043 2,043 "
blank,
table_row,Other assets24 9 — 33 33 
blank,
table_row,Liabilities:
blank,
table_row,"Policyholder contract deposits associated with investment-type contracts— 119 129,174 129,293 137,086 "
blank,
table_row,"Fortitude Re funds withheld payable— — 32,618 32,618 32,618 "
blank,
table_row,"Other liabilities— 3,101 — 3,101 3,101 "
blank,
table_row,"Short-term and long-term debt— 19,328 275 19,603 21,243 "
blank,
table_row,"Debt of consolidated investment entities— 3,055 2,478 5,533 5,880 "
blank,
table_row,"Separate account liabilities - investment contracts— 80,649 — 80,649 80,649 "
blank,
narrative,(a)Excludes $11 million reclassified to Assets held for sale on the Consolidated Balance Sheets.
blank,
narrative,(b)Excludes $3 million reclassified to Assets held for sale on the Consolidated Balance Sheets.
blank,
narrative,(c)Excludes $45 million reclassified to Liabilities held for sale on the Consolidated Balance Sheets.  
blank,
footer,AIG | 2023 Form 10-K
blank,
footer,167
blank,
blank,
footer,ITEM 8 | Notes to Consolidated Financial Statements | 6. Investments
blank,
narrative,6. Investments
blank,
narrative,FIXED MATURITY SECURITIES
blank,
narrative,"Bonds held to maturity are carried at amortized cost when we have the ability and positive intent to hold these securities until maturity. When we do not have the ability or positive intent to hold bonds until maturity, these securities are classified as available for sale or the fair value option has been elected. None of our fixed maturity securities met the criteria for held to maturity classification at December 31, 2023 or 2022."
blank,
narrative,"Unrealized gains and losses from available for sale investments in fixed maturity securities carried at fair value were reported as a separate component of AOCI, net of policy related amounts and deferred income taxes, in shareholders’ equity. Realized and unrealized gains and losses from fixed maturity securities for which the fair value option has been elected are reflected in Net investment income. Investments in fixed maturity securities are recorded on a trade-date basis. "
blank,
narrative,"Interest income is recognized using the effective yield method and reflects amortization of premium and accretion of discount. Premiums and discounts arising from the purchase of bonds classified as available for sale are treated as yield adjustments over their estimated holding periods, until maturity, or call date, if applicable. For investments in certain structured securities, recognized yields are updated based on current information regarding the timing and amount of expected undiscounted future cash flows. For high credit quality structured securities, effective yields are recalculated based on actual payments received and updated prepayment expectations, and the amortized cost is adjusted to the amount that would have existed had the new effective yield been applied since acquisition with a corresponding charge or credit to net investment income. For structured securities that are not high credit quality, the structured securities yields are based on expected cash flows which take into account both expected credit losses and prepayments. "
blank,
narrative,"An allowance for credit losses is not established upon initial recognition of the asset (unless the security is determined to be a purchased credit deteriorated (PCD) asset which is discussed in more detail below). Subsequently, differences between actual and expected cash flows and changes in expected cash flows are recognized as adjustments to the allowance for credit losses. Changes that cannot be reflected as adjustments to the allowance for credit losses are accounted for as prospective adjustments to yield. "
blank,
narrative,SECURITIES AVAILABLE FOR SALE
blank,
narrative,The following table presents the amortized cost and fair value of our available for sale securities:
blank,
table_row,(in millions)Amortized
blank,
table_row,Cost
blank,
table_row,Allowance
blank,
table_row,for Credit
blank,
table_row,Losses(a)
blank,
table_row,Gross
blank,
table_row,Unrealized
blank,
table_row,Gains
blank,
table_row,Gross
blank,
table_row,Unrealized
blank,
table_row,Losses
blank,
table_row,Fair
blank,
table_row,Value
blank,
table_row,"December 31, 2023"
blank,
table_row,Bonds available for sale:
blank,
table_row,"U.S. government and government sponsored entities$5,885 $— $58 $(327)$5,616 "
blank,
table_row,"Obligations of states, municipalities and political subdivisions11,387 — 118 (842)10,663 "
blank,
table_row,"Non-U.S. governments13,668 (3)137 (1,349)12,453 "
blank,
table_row,"Corporate debt154,674 (90)1,898 (18,050)138,432 "
blank,
table_row,"Mortgage-backed, asset-backed and collateralized:"
blank,
table_row,"RMBS20,875 (35)821 (1,217)20,444 "
blank,
table_row,"CMBS15,379 (34)46 (1,263)14,128 "
blank,
table_row,"CLO/ABS31,167 — 183 (1,353)29,997 "
blank,
table_row,"Total mortgage-backed, asset-backed and collateralized67,421 (69)1,050 (3,833)64,569 "
blank,
table_row,Total bonds available for sale(b)
blank,
table_row,"$253,035 $(162)$3,261 $(24,401)$231,733 "
blank,
table_row,"December 31, 2022"
blank,
table_row,Bonds available for sale:
blank,
table_row,"U.S. government and government sponsored entities$7,094 $— $21 $(496)$6,619 "
blank,
table_row,"Obligations of states, municipalities and political subdivisions13,195 — 99 (1,195)12,099 "
blank,
table_row,"Non-U.S. governments15,133 (6)91 (1,733)13,485 "
blank,
table_row,"Corporate debt160,242 (132)1,152 (23,423)137,839 "
blank,
table_row,"Mortgage-backed, asset-backed and collateralized:"
blank,
table_row,"RMBS19,584 (37)807 (1,537)18,817 "
blank,
table_row,"CMBS15,610 (11)14 (1,420)14,193 "
blank,
table_row,"CLO/ABS25,135 — 38 (2,069)23,104 "
blank,
footer,168
blank,
footer,AIG | 2023 Form 10-K
blank,
blank,
footer,ITEM 8 | Notes to Consolidated Financial Statements | 6. Investments
blank,
table_row,(in millions)Amortized
blank,
table_row,Cost
blank,
table_row,Allowance
blank,
table_row,for Credit
blank,
table_row,Losses(a)
blank,
table_row,Gross
blank,
table_row,Unrealized
blank,
table_row,Gains
blank,
table_row,Gross
blank,
table_row,Unrealized
blank,
table_row,Losses
blank,
table_row,Fair
blank,
table_row,Value
blank,
table_row,"Total mortgage-backed, asset-backed and collateralized60,329 (48)859 (5,026)56,114 "
blank,
table_row,Total bonds available for sale(b)
blank,
table_row,"$255,993 $(186)$2,222 $(31,873)$226,156 "
blank,
narrative,(a)Represents the allowance for credit losses that has been recognized. Changes in the allowance for credit losses are recorded through Net realized gains (losses) and are not recognized in OCI.
blank,
narrative,"(b)At December 31, 2023 and 2022, the fair value of bonds available for sale held by us that were below investment grade or not rated totaled $17.1 billion or 7 percent and $22.3 billion or 10 percent, respectively."
blank,
narrative,Securities Available for Sale in a Loss Position for Which No Allowance for Credit Loss Has Been Recorded
blank,
narrative,"The following table summarizes the fair value and gross unrealized losses on our available for sale securities, aggregated by major investment category and length of time that individual securities have been in a continuous unrealized loss position for which no allowance for credit loss has been recorded:"
blank,
table_row,Less than 12 Months12 Months or MoreTotal
blank,
table_row,(in millions)FairValueGrossUnrealizedLossesFairValueGrossUnrealizedLossesFairValueGrossUnrealizedLosses
blank,
table_row,"December 31, 2023"
blank,
table_row,Bonds available for sale:
blank,
table_row,"U.S. government and government sponsored entities$1,046 $12 $1,550 $315 $2,596 $327 "
blank,
table_row,"Obligations of states, municipalities and political subdivisions1,994 133 5,218 709 7,212 842 "
blank,
table_row,"Non-U.S. governments1,901 168 7,483 1,175 9,384 1,343 "
blank,
table_row,"Corporate debt15,483 1,936 93,649 16,076 109,132 18,012 "
blank,
table_row,"RMBS4,154 288 7,246 880 11,400 1,168 "
blank,
table_row,"CMBS2,864 219 8,192 1,027 11,056 1,246 "
blank,
table_row,"CLO/ABS6,965 202 13,436 1,151 20,401 1,353 "
blank,
table_row,"Total bonds available for sale$34,407 $2,958 $136,774 $21,333 $171,181 $24,291 "
blank,
table_row,"December 31, 2022"
blank,
table_row,Bonds available for sale:
blank,
table_row,"U.S. government and government sponsored entities$3,493 $368 $1,816 $128 $5,309 $496 "
blank,
table_row,"Obligations of states, municipalities and political subdivisions8,697 1,180 73 15 8,770 1,195 "
blank,
table_row,"Non-U.S. governments10,702 1,526 779 191 11,481 1,717 "
blank,
table_row,"Corporate debt110,683 19,756 13,778 3,609 124,461 23,365 "
blank,
table_row,"RMBS10,953 1,293 1,005 182 11,958 1,475 "
blank,
table_row,"CMBS11,620 1,094 1,728 326 13,348 1,420 "
blank,
table_row,"CLO/ABS16,852 1,388 4,307 681 21,159 2,069 "
blank,
table_row,"Total bonds available for sale$173,000 $26,605 $23,486 $5,132 $196,486 $31,737 "
blank,
narrative,"At December 31, 2023, we held 27,930 individual fixed maturity securities that were in an unrealized loss position and for which no allowance for credit losses has been recorded (including 22,663 individual fixed maturity securities that were in a continuous unrealized loss position for 12 months or more). At December 31, 2022, we held 36,549 individual fixed maturity securities that were in an unrealized loss position and for which no allowance for credit losses has been recorded (including 4,048 individual fixed maturity securities that were in a continuous unrealized loss position for 12 months or more). We did not recognize the unrealized losses in earnings on these fixed maturity securities at December 31, 2023 because it was determined that such losses were due to non-credit factors. Additionally, we neither intend to sell the securities nor do we believe that it is more likely than not that we will be required to sell these securities before recovery of their amortized cost basis. For fixed maturity securities with significant declines, we performed fundamental credit analyses on a security-by-security basis, which included consideration of credit enhancements, liquidity position, expected defaults, industry and sector analysis, forecasts and available market data."
blank,
footer,AIG | 2023 Form 10-K
blank,
footer,169
blank,
blank,
footer,ITEM 8 | Notes to Consolidated Financial Statements | 6. Investments
blank,
narrative,Contractual Maturities of Fixed Maturity Securities Available for Sale
blank,
narrative,The following table presents the amortized cost and fair value of fixed maturity securities available for sale by contractual maturity:
blank,
table_row,"December 31, 2023Total Fixed Maturity SecuritiesAvailable for Sale"
blank,
table_row,"(in millions)Amortized Cost,Net of AllowanceFair Value"
blank,
table_row,"Due in one year or less$7,963 $7,860 "
blank,
table_row,"Due after one year through five years47,489 46,165 "
blank,
table_row,"Due after five years through ten years40,869 38,202 "
blank,
table_row,"Due after ten years89,200 74,937 "
blank,
table_row,"Mortgage-backed, asset-backed and collateralized67,352 64,569 "
blank,
table_row,"Total$252,873 $231,733 "
blank,
narrative,Actual maturities may differ from contractual maturities because certain borrowers have the right to call or prepay certain obligations with or without call or prepayment penalties.
blank,
narrative,The following table presents the gross realized gains and gross realized losses from sales or maturities of our available for sale securities:
blank,
table_row,"Years Ended December 31,"
blank,
table_row,202320222021
blank,
table_row,(in millions)GrossRealizedGainsGrossRealizedLossesGrossRealizedGainsGrossRealizedLossesGrossRealizedGainsGrossRealizedLosses
blank,
table_row,"Fixed maturity securities$267$1,329$446$1,628$1,369$441"
blank,
narrative,"For the years ended December 31, 2023, 2022 and 2021, the aggregate fair value of available for sale securities sold was $23.6 billion, $20.5 billion and $27.3 billion, respectively, which resulted in net realized gains (losses) of $(1.1) billion, $(1.2) billion and $928 million, respectively. Included within the net realized gains (losses) are $(133) million, $(311) million and $717 million of net realized gains (losses) for the years ended December 31, 2023, 2022 and 2021, respectively, which relate to Fortitude Re funds withheld assets. These net realized gains (losses) are included in Net realized gains (losses) on Fortitude Re funds withheld assets."
blank,
narrative,OTHER SECURITIES MEASURED AT FAIR VALUE
blank,
narrative,"The following table presents the fair value of fixed maturity securities measured at fair value based on our election of the fair value option, which are reported in the other bond securities caption in the financial statements, and equity securities measured at fair value:"
blank,
table_row,"(in millions)December 31, 2023December 31, 2022"
blank,
table_row,FairValuePercentof TotalFairValuePercentof Total
blank,
table_row,Fixed maturity securities:
blank,
table_row,"Obligations of states, municipalities and political subdivisions$91 2 %$111 2 %"
blank,
table_row,Non-U.S. governments37 1 66 1 
blank,
table_row,"Corporate debt2,908 49 2,392 47 "
blank,
table_row,"Mortgage-backed, asset-backed and collateralized:"
blank,
table_row,RMBS263 4 286 6 
blank,
table_row,CMBS261 4 331 7 
blank,
table_row,"CLO/ABS and other collateralized1,681 28 1,299 26 "
blank,
table_row,"Total mortgage-backed, asset-backed and collateralized"
blank,
table_row,"2,205 36 1,916 39 "
blank,
table_row,"Total fixed maturity securities5,241 88 4,485 89 "
blank,
table_row,Equity securities728 12 575 11 
blank,
table_row,"Total$5,969 100 %$5,060 100 %"
blank,
footer,170
blank,
footer,AIG | 2023 Form 10-K
blank,
blank,
footer,ITEM 8 | Notes to Consolidated Financial Statements | 6. Investments
blank,
narrative,OTHER INVESTED ASSETS
blank,
narrative,The following table summarizes the carrying amounts of other invested assets:
blank,
table_row,"(in millions)December 31, 2023December 31, 2022"
blank,
table_row,Alternative investments(a)(b)
blank,
table_row,"$11,320 $11,809 "
blank,
table_row,Investment real estate(c)
blank,
table_row,"2,237 2,153 "
blank,
table_row,All other investments(d)
blank,
table_row,"2,660 1,991 "
blank,
table_row,"Total$16,217 $15,953 "
blank,
narrative,"(a)At December 31, 2023, included hedge funds of $0.7 billion and private equity funds of $10.6 billion. At December 31, 2022, included hedge funds of $1.4 billion and private equity funds of $10.4 billion."
blank,
narrative,"(b)The majority of our hedge fund investments are redeemable upon a single month or quarter’s notice, though redemption terms vary from single, immediate withdrawals, to withdrawals staggered up to six quarters. Some of the portfolio consists of illiquid run-off or “side-pocket” positions whose liquidation horizons are uncertain and likely beyond a year after submission of the redemption notice."
blank,
narrative,"(c)Represents values net of accumulated depreciation. At December 31, 2023 and 2022, the accumulated depreciation was $853 million and $786 million, respectively."
blank,
narrative,"(d)Includes AIG's ownership interest in Fortitude Group Holdings, LLC (FRL), and DaVinciRe Holdings Ltd, Class D (DVRH), which are recorded using the measurement alternative for equity securities. Our investment in FRL totaled $156 million and $156 million at December 31, 2023 and 2022, respectively. Our investment in DVRH totaled $300 million at December 31, 2023.  "
blank,
narrative,Other Invested Assets Carried at Fair Value
blank,
narrative,"Certain hedge funds, private equity funds, and other investment partnerships for which we have elected the fair value option are reported at fair value with changes in fair value recognized in Net investment income."
blank,
narrative,Other Invested Assets – Equity Method Investments
blank,
narrative,"We account for hedge funds, private equity funds and other investment partnerships using the equity method of accounting unless our interest is so minor that we may have virtually no influence over partnership operating and financial policies, or we have elected the fair value option. Under the equity method of accounting, our carrying amount generally is our share of the net asset value of the funds or the partnerships, and changes in our share of the net asset values are recorded in Net investment income. In applying the equity method of accounting, we consistently use the most recently available financial information provided by the general partner or manager of each of these investments. Hedge funds are reported as of the balance sheet date. Private equity funds are generally reported on a one-quarter lag. The financial statements of these investees are generally audited annually. The carrying amount of equity method investments totaled $5.5 billion and $6.0 billion as of December 31, 2023 and 2022, respectively, representing various ownership percentages each period."
blank,
narrative,Summarized Financial Information of Equity Method Investees
blank,
narrative,"The following is the aggregated summarized financial information of our equity method investees, including those for which the fair value option has been elected:"
blank,
table_row,"Years Ended December 31,"
blank,
narrative,(in millions)202320222021
blank,
narrative,Operating results:
blank,
table_row,"Total revenues$4,589 $28,500 $31,560 "
blank,
table_row,"Total expenses(2,212)(2,789)(2,241)"
blank,
table_row,"Net income$2,377 $25,711 $29,319 "
blank,
table_row,"At December 31,"
blank,
table_row,(in millions)20232022
blank,
table_row,Balance sheet:
blank,
table_row,"Total assets$59,359 $134,435 "
blank,
table_row,"Total liabilities$(5,893)$(14,701)"
blank,
narrative,Other Investments
blank,
narrative,"Also included in Other invested assets are real estate held for investment. These investments are reported at cost, less depreciation and are subject to impairment review, as discussed below."
blank,
footer,AIG | 2023 Form 10-K
blank,
footer,171
blank,
blank,
footer,ITEM 8 | Notes to Consolidated Financial Statements | 6. Investments
blank,
narrative,NET INVESTMENT INCOME
blank,
narrative,Net investment income represents income primarily from the following sources:
blank,
narrative,"•Interest income and related expenses, including amortization of premiums and accretion of discounts with changes in the timing and the amount of expected principal and interest cash flows reflected in yield, as applicable."
blank,
narrative,•Dividend income from common and preferred stocks.
blank,
narrative,•Realized and unrealized gains and losses from investments in other securities and investments for which we elected the fair value option.
blank,
narrative,•Earnings from alternative investments.
blank,
narrative,•Prepayment premiums.   
blank,
narrative,The following table presents the components of Net investment income:
blank,
table_row,"Years Ended December 31,202320222021"
blank,
table_row,(in millions)ExcludingFortitudeRe FundsWithheldAssetsFortitudeReFundsWithheldAssetsTotalExcludingFortitudeRe FundsWithheldAssetsFortitudeReFundsWithheldAssetsTotalExcludingFortitudeRe FundsWithheldAssetsFortitudeReFundsWithheldAssetsTotal
blank,
table_row,"Available for sale fixed maturity securities, including short-term investments$10,780 $917 $11,697 $8,664 $1,067 $9,731 $8,583 $1,468 $10,051 "
blank,
table_row,Other fixed maturity securities(a)
blank,
table_row,43 339 382 (363)(459)(822)(19)7 (12)
blank,
table_row,Equity securities94 — 94 (53)— (53)(237)— (237)
blank,
table_row,"Interest on mortgage and other loans2,450 237 2,687 1,959 203 2,162 1,745 207 1,952 "
blank,
table_row,Alternative investments(b)
blank,
table_row,"233 86 319 819 170 989 2,579 321 2,900 "
blank,
table_row,Real estate42 — 42 57 — 57 225 — 225 
blank,
table_row,Other investments(c)
blank,
table_row,162 (6)156 359 (5)354 250 5 255 
blank,
table_row,"Total investment income13,804 1,573 15,377 11,442 976 12,418 13,126 2,008 15,134 "
blank,
table_row,Investment expenses756 29 785 618 33 651 485 37 522 
blank,
table_row,"Net investment income$13,048 $1,544 $14,592 $10,824 $943 $11,767 $12,641 $1,971 $14,612 "
blank,
narrative,"(a)Included in the years ended December 31, 2022 and 2021 were income (loss) of $(195) million and $(49) million, respectively, related to fixed maturity securities measured at fair value that economically hedge liabilities described in (c) below. "
blank,
narrative,"(b)Included income from hedge funds, private equity funds and affordable housing partnerships. Hedge funds are recorded as of the balance sheet date. Private equity funds are generally reported on a one-quarter lag."
blank,
narrative,"(c)Included in the years ended December 31, 2023, 2022 and 2021 were income (loss) of $(9) million, $186 million and $65 million, respectively, related to liabilities measured at fair value that are economically hedged with fixed maturity securities as described in (a) above. "
blank,
narrative,NET REALIZED GAINS AND LOSSES
blank,
narrative,Net realized gains and losses are determined by specific identification. The net realized gains and losses are generated primarily from the following sources:
blank,
narrative,"•Sales of available for sale fixed maturity securities, real estate and other alternative investments."
blank,
narrative,•Reductions to the amortized cost basis of available for sale fixed maturity securities that have been written down due to our intent to sell them or it being more likely than not that we will be required to sell them.
blank,
narrative,"•Changes in the allowance for credit losses on bonds available for sale, mortgage and other loans receivable, and loans commitments."
blank,
narrative,"•Most changes in the fair value of free standing and embedded derivatives, including changes in the non-performance adjustment are included in Net realized gains (losses). However, changes in derivatives designated as hedging instruments when the fair value of the hedged item is not reported in Net realized gains (losses) are excluded from Net realized gains (losses). Changes in the fair value of free standing derivatives that hedge certain MRBs are excluded from Net realized gains (losses)."
blank,
narrative,•Foreign exchange gains and losses resulting from foreign currency transactions.
blank,
narrative,•Changes in fair value of the embedded derivative related to the Fortitude Re funds withheld assets.
blank,
footer,172
blank,
footer,AIG | 2023 Form 10-K
blank,
blank,
footer,ITEM 8 | Notes to Consolidated Financial Statements | 6. Investments
blank,
narrative,The following table presents the components of Net realized gains (losses):
blank,
table_row,"Years Ended December 31,202320222021"
blank,
table_row,(in millions)ExcludingFortitudeRe FundsWithheldAssetsFortitudeReFundsWithheldAssetsTotalExcludingFortitudeRe FundsWithheldAssetsFortitudeReFundsWithheldAssetsTotalExcludingFortitudeRe FundsWithheldAssetsFortitudeReFundsWithheldAssetsTotal
blank,
table_row,"Sales of fixed maturity securities$(929)$(133)$(1,062)$(871)$(311)$(1,182)$211 $717 $928 "
blank,
table_row,Intent to sell— — — (66)— (66)— — — 
blank,
table_row,Change in allowance for credit losses on fixed maturity securities(211)(9)(220)(184)(32)(216)19 7 26 
blank,
table_row,Change in allowance for credit losses on loans(167)(62)(229)(55)(47)(102)163 9 172 
blank,
table_row,Foreign exchange transactions101 19 120 (20)(5)(25)22 (5)17 
blank,
table_row,"Index-linked interest credited embedded derivatives, net of related hedges(784)— (784)(119)— (119)(5)— (5)"
blank,
table_row,"All other derivatives and hedge accounting*(374)(105)(479)1,230 (134)1,096 260 28 288 "
blank,
table_row,"Sales of alternative investments and real estate investments98 (2)96 193 43 236 988 237 1,225 "
blank,
table_row,Other(40)(3)(43)(39)— (39)213 10 223 
blank,
table_row,"Net realized gains (losses) – excluding Fortitude Re funds withheld embedded derivative (2,306)(295)(2,601)69 (486)(417)1,871 1,003 2,874 "
blank,
table_row,"Net realized gains (losses) on Fortitude Re funds withheld embedded derivative— (2,007)(2,007)— 7,481 7,481 — (603)(603)"
blank,
table_row,"Net realized gains (losses)$(2,306)$(2,302)$(4,608)$69 $6,995 $7,064 $1,871 $400 $2,271 "
blank,
narrative,"*Derivative activity related to hedging MRBs is recorded in Change in the fair value of MRBs, net. For additional disclosures about MRBs, see Note 14."
blank,
narrative,CHANGE IN UNREALIZED APPRECIATION (DEPRECIATION) OF INVESTMENTS
blank,
narrative,The following table presents the increase (decrease) in unrealized appreciation (depreciation) of our available for sale securities and other investments:
blank,
table_row,"Years Ended December 31,"
blank,
table_row,(in millions)20232022
blank,
table_row,Increase (decrease) in unrealized appreciation (depreciation) of investments:
blank,
table_row,"Fixed maturity securities$8,511 $(47,741)"
blank,
table_row,Other investments— (25)
blank,
table_row,"Total increase (decrease) in unrealized appreciation (depreciation) of investments*$8,511 $(47,766)"
blank,
table_row,"*Excludes net unrealized gains and losses attributable to businesses held for sale at December 31, 2023. "
blank,
table_row,The following table summarizes the unrealized gains and losses recognized in Net investment income during the reporting period on equity securities and other investments still held at the reporting date:
blank,
table_row,"Years Ended December 31,20232022"
blank,
table_row,(in millions)EquitiesOtherInvestedAssetsTotalEquitiesOtherInvestedAssetsTotal
blank,
table_row,Net gains (losses) recognized during the period on equity securities and other investments$94 $489 $583 $(53)$355 $302 
blank,
table_row,Less: Net gains (losses) recognized during the period on equity securities and other investments sold during the period163 (20)143 96 (23)73 
blank,
table_row,Unrealized gains (losses) recognized during the reporting period on equity securities and other investments still held at the reporting date$(69)$509 $440 $(149)$378 $229 
blank,
narrative,EVALUATING INVESTMENTS FOR AN ALLOWANCE FOR CREDIT LOSSES AND IMPAIRMENTS
blank,
narrative,Fixed Maturity Securities
blank,
narrative,"If we intend to sell a fixed maturity security or it is more likely than not that we will be required to sell a fixed maturity security before recovery of its amortized cost basis and if the fair value of the security is below amortized cost, an impairment has occurred and the amortized cost is written down to current fair value, with a corresponding charge to Net realized gains (losses). No allowance is established in these situations and any previously recorded allowance is reversed. The new cost basis is not adjusted for subsequent increases in estimated fair value. When assessing our intent to sell a fixed maturity security, or whether it is more likely than not that "
blank,
footer,AIG | 2023 Form 10-K
blank,
footer,173
blank,
blank,
footer,ITEM 8 | Notes to Consolidated Financial Statements | 6. Investments
blank,
narrative,"we will be required to sell a fixed maturity security before recovery of its amortized cost basis, management evaluates relevant facts and circumstances including, but not limited to, decisions to reposition our investment portfolio, sales of securities to meet cash flow needs and sales of securities to take advantage of favorable pricing."
blank,
narrative,"For fixed maturity securities for which a decline in the fair value below the amortized cost is due to credit related factors, an allowance is established for the difference between the estimated recoverable value and amortized cost with a corresponding charge to Net realized gains (losses). The allowance for credit losses is limited to the difference between amortized cost and fair value. The estimated recoverable value is the present value of cash flows expected to be collected, as determined by management. The difference between fair value and amortized cost that is not associated with credit related factors is presented in unrealized appreciation (depreciation) of fixed maturity securities on which an allowance for credit losses was previously recognized (a separate component of AOCI). Accrued interest is excluded from the measurement of the allowance for credit losses. "
blank,
narrative,"When estimating future cash flows for structured fixed maturity securities (e.g., RMBS, CMBS, CLO, ABS) management considers the historical performance of underlying assets and available market information as well as bond-specific structural considerations, such as credit enhancement and the priority of payment structure of the security. In addition, the process of estimating future cash flows includes, but is not limited to, the following critical inputs, which vary by asset class:"
blank,
narrative,•Current delinquency rates;
blank,
narrative,•Expected default rates and the timing of such defaults;
blank,
narrative,•Loss severity and the timing of any recovery; and
blank,
narrative,•Expected prepayment speeds.
blank,
narrative,"When estimating future cash flows for corporate, municipal and sovereign fixed maturity securities determined to be credit impaired, management considers: "
blank,
narrative,•Expected default rates and the timing of such defaults;
blank,
narrative,•Loss severity and the timing of any recovery; and
blank,
narrative,"•Scenarios specific to the issuer and the security, which may also include estimates of outcomes of corporate restructurings, political and macroeconomic factors, stability and financial strength of the issuer, the value of any secondary sources of repayment and the disposition of assets."
blank,
narrative,We consider severe price declines in our assessment of potential credit impairments. We may also modify our model inputs when we determine that price movements in certain sectors are indicative of factors not captured by the cash flow models.
blank,
narrative,"Under the current expected credit loss (CECL) model, credit losses are reassessed each period. The allowance for credit losses and the corresponding charge to Net realized gains (losses) can be reversed if conditions change, however, the allowance for credit losses will never be reduced below zero. When we determine that all or a portion of a fixed maturity security is uncollectable, the uncollectable amortized cost amount is written off with a corresponding reduction to the allowance for credit losses. If we collect cash flows that were previously written off, the recovery is recognized by recording a gain in Net realized gains (losses)."
blank,
narrative,Credit Impairments
blank,
narrative,The following table presents a rollforward of the changes in allowance for credit losses on available for sale fixed maturity securities by major investment category:
blank,
table_row,"Years Ended December 31,202320222021"
blank,
table_row,(in millions)StructuredNon-StructuredTotalStructuredNon-StructuredTotalStructuredNon-StructuredTotal
blank,
table_row,"Balance, beginning of year$46 $140 $186 $8 $90 $98 $17 $169 $186 "
blank,
table_row,Additions:
blank,
table_row,Securities for which allowance for credit losses were not previously recorded65 134 199 69 238 307 9 56 65 
blank,
table_row,Reductions:
blank,
table_row,Securities sold during the period(5)(35)(40)(3)(92)(95)(4)(29)(33)
blank,
table_row,"Addition to (release of) the allowance for credit losses on securities that had an allowance recorded in a previous period, for which there was no intent to sell before recovery of amortized cost basis(10)31 21 (27)(64)(91)(14)(77)(91)"
blank,
table_row,Write-offs charged against the allowance(30)(168)(198)— (30)(30)— (29)(29)
blank,
table_row,Other3 (9)(6)(1)(2)(3)— — — 
blank,
table_row,"Balance, end of year$69 $93 $162 $46 $140 $186 $8 $90 $98 "
blank,
footer,174
blank,
footer,AIG | 2023 Form 10-K
blank,
blank,
footer,ITEM 8 | Notes to Consolidated Financial Statements | 6. Investments
blank,
narrative,Purchased Credit Deteriorated Securities
blank,
narrative,"We purchase certain RMBS securities that have experienced more-than-insignificant deterioration in credit quality since origination. These are referred to as PCD assets. At the time of purchase an allowance is recognized for these PCD assets by adding it to the purchase price to arrive at the initial amortized cost. There is no credit loss expense recognized upon acquisition of a PCD asset. When determining the initial allowance for credit losses, management considers the historical performance of underlying assets and available market information as well as bond-specific structural considerations, such as credit enhancement and the priority of payment structure of the security. In addition, the process of estimating future cash flows includes, but is not limited to, the following critical inputs:"
blank,
narrative,•Current delinquency rates;
blank,
narrative,•Expected default rates and the timing of such defaults;
blank,
narrative,•Loss severity and the timing of any recovery; and
blank,
narrative,•Expected prepayment speeds.
blank,
narrative,"Subsequent to the acquisition date, the PCD assets follow the same accounting as other structured securities that are not high credit quality."
blank,
narrative,"We did not purchase securities with more than insignificant credit deterioration since their origination during the twelve months ended December 31, 2023, 2022 and 2021. "
blank,
narrative,Other Invested Assets
blank,
narrative,"Our equity method investments in private equity funds, hedge funds and other entities are evaluated for impairment each reporting period. Such evaluation considers market conditions, events and volatility that may impact the recoverability of the underlying investments within these private equity funds and hedge funds and is based on the nature of the underlying investments and specific inherent risks. Such risks may evolve based on the nature of the underlying investments."
blank,
narrative,"Our investments in real estate are periodically evaluated for recoverability whenever changes in circumstances indicate the carrying amount of an asset may be impaired. When impairment indicators are present, we compare expected investment cash flows to carrying amount. When the expected cash flows are less than the carrying amount, the investments are written down to fair value with a corresponding charge to earnings. "
blank,
narrative,PLEDGED INVESTMENTS
blank,
narrative,Secured Financing and Similar Arrangements
blank,
narrative,"We enter into secured financing transactions whereby certain securities are sold under agreements to repurchase (repurchase agreements), in which we transfer securities in exchange for cash, with an agreement by us to repurchase the same or substantially similar securities. Our secured financing transactions also include those that involve the transfer of securities to financial institutions in exchange for cash (securities lending agreements). In all of these secured financing transactions, the securities transferred by us (pledged collateral) may be sold or repledged by the counterparties. These agreements are recorded at their contracted amounts plus accrued interest, other than those that are accounted for at fair value."
blank,
narrative,"Pledged collateral levels are monitored daily and are generally maintained at an agreed-upon percentage of the fair value of the amounts borrowed during the life of the transactions. In the event of a decline in the fair value of the pledged collateral under these secured financing transactions, we may be required to transfer cash or additional securities as pledged collateral under these agreements. At the termination of the transactions, we and our counterparties are obligated to return the amounts borrowed and the securities transferred, respectively."
blank,
narrative,"The following table presents the fair value of securities pledged to counterparties under secured financing transactions, including repurchase and securities lending agreements:"
blank,
table_row,"(in millions)December 31, 2023December 31, 2022"
blank,
table_row,"Fixed maturity securities available for sale$2,723$2,968"
blank,
narrative,"At December 31, 2023 and 2022, amounts borrowed under repurchase and securities lending agreements totaled $2.6 billion and $3.1 billion, respectively.  "
blank,
footer,AIG | 2023 Form 10-K
blank,
footer,175
blank,
blank,
footer,ITEM 8 | Notes to Consolidated Financial Statements | 6. Investments
blank,
narrative,The following table presents the fair value of securities pledged under our repurchase agreements by collateral type and by remaining contractual maturity:
blank,
table_row,Remaining Contractual Maturity of the Agreements
blank,
table_row,(in millions)OvernightandContinuousup to30 days31 - 90days91 - 364days365 daysor greaterTotal
blank,
table_row,"December 31, 2023"
blank,
table_row,Bonds available for sale:
blank,
table_row,Non-U.S. governments$— $277 $— $— $— $277 
blank,
table_row,"Corporate debt38 2,408 — — — 2,446 "
blank,
table_row,"Total$38 $2,685 $— $— $— $2,723 "
blank,
table_row,Remaining Contractual Maturity of the Agreements
blank,
table_row,(in millions)OvernightandContinuousup to30 days31 - 90days91 - 364days365 daysor greaterTotal
blank,
table_row,"December 31, 2022"
blank,
table_row,Bonds available for sale:
blank,
table_row,Non-U.S. governments$— $20 $— $— $— $20 
blank,
table_row,"Corporate debt— 2,371 577 — — 2,948 "
blank,
table_row,"Total$— $2,391 $577 $— $— $2,968 "
blank,
narrative,"We also enter into agreements in which securities are purchased by us under reverse repurchase agreements, which are accounted for as secured financing transactions and reported as short-term investments or other assets, depending on their terms. These agreements are recorded at their contracted resale amounts plus accrued interest, other than those that are accounted for at fair value. In all reverse repurchase transactions, we take possession of or obtain a security interest in the related securities, and we have the right to sell or repledge this collateral received."
blank,
narrative,The following table presents information on the fair value of securities pledged to us under reverse repurchase agreements:
blank,
table_row,"(in millions)December 31, 2023December 31, 2022"
blank,
table_row,"Securities collateral pledged to us$1,200 $— "
blank,
narrative,"At December 31, 2023, the carrying value of reverse repurchase agreements totaled $1.1 billion."
blank,
narrative,All secured financing transactions are collateralized and margined on a daily basis consistent with market standards and subject to enforceable master netting arrangements with rights of set off. We do not currently offset any such transactions.
blank,
narrative,Insurance – Statutory and Other Deposits
blank,
narrative,"The total carrying value of cash and securities deposited by our insurance subsidiaries under requirements of regulatory authorities or other insurance-related arrangements, including certain annuity-related obligations and certain reinsurance contracts, was $16.5 billion and $13.6 billion at December 31, 2023 and 2022, respectively."
blank,
narrative,Other Pledges and Restrictions
blank,
narrative,"Certain of our subsidiaries are members of Federal Home Loan Banks (FHLBs) and such membership requires the members to own stock in these FHLBs. We owned an aggregate of $283 million and $239 million of stock in FHLBs at December 31, 2023 and 2022, respectively. In addition, our subsidiaries have pledged securities available for sale and residential loans associated with borrowings and funding agreements from FHLBs, with a fair value of $6.5 billion and $3.0 billion, respectively, at December 31, 2023 and $5.8 billion and $1.8 billion, respectively, at December 31, 2022."
blank,
narrative,"Certain GIAs have provisions that require collateral to be posted or payments to be made by us upon a downgrade of our long-term debt ratings. The actual amount of collateral required to be posted to the counterparties in the event of such downgrades, and the aggregate amount of payments that we could be required to make, depend on market conditions, the fair value of outstanding affected transactions and other factors prevailing at and after the time of the downgrade. The fair value of securities pledged as collateral with respect to these obligations was approximately $63 million and $63 million, at December 31, 2023 and 2022, respectively. This collateral primarily consists of securities of the U.S. government and government sponsored entities and generally cannot be repledged or resold by the counterparties."
blank,
footer,176
blank,
footer,AIG | 2023 Form 10-K
blank,
blank,
footer,ITEM 8 | Notes to Consolidated Financial Statements | 6. Investments
blank,
narrative,"Investments held in escrow accounts or otherwise subject to restriction as to their use were $164 million and $301 million, comprised of bonds available for sale and short-term investments at December 31, 2023 and 2022, respectively."
blank,
narrative,Reinsurance transactions between AIG and Fortitude Re were structured as modco and loss portfolio transfer arrangements with funds withheld.
blank,
narrative,7. Lending Activities
blank,
narrative,"Mortgage and other loans receivable include commercial mortgages, residential mortgages, life insurance policy loans, commercial loans, and other loans and notes receivable. Commercial mortgages, residential mortgages, commercial loans, and other loans and notes receivable are carried at unpaid principal balances less allowance for credit losses and plus or minus adjustments for the accretion or amortization of discount or premium. Interest income on such loans is accrued as earned."
blank,
narrative,"Direct costs of originating commercial mortgages, commercial loans, and other loans and notes receivable, net of nonrefundable points and fees, are deferred and included in the carrying amount of the related receivables. The amount deferred is amortized to income as an adjustment to earnings using the interest method. Premiums and discounts on purchased residential mortgages are also amortized to income as an adjustment to earnings using the interest method."
blank,
narrative,Life insurance policy loans are carried at unpaid principal balances. There is no allowance for policy loans because these loans serve to reduce the death benefit paid when the death claim is made and the balances are effectively collateralized by the cash surrender value of the policy.
blank,
narrative,"The following table presents the composition of Mortgage and other loans receivable, net:"
blank,
table_row,"(in millions)December 31, 2023December 31, 2022"
blank,
narrative,Commercial mortgages(a)
blank,
table_row,"$38,009 $37,128 "
blank,
table_row,"Residential mortgages8,689 6,130 "
blank,
table_row,"Life insurance policy loans1,753 1,758 "
blank,
table_row,"Commercial loans, other loans and notes receivable(b)"
blank,
table_row,"3,940 5,305 "
blank,
table_row,Total mortgage and other loans receivable(c)
blank,
table_row,"52,391 50,321 "
blank,
table_row,Allowance for credit losses(c)(d)
blank,
table_row,(838)(716)
blank,
table_row,"Mortgage and other loans receivable, net(c)"
blank,
table_row,"$51,553 $49,605 "
blank,
narrative,"(a)Commercial mortgages primarily represent loans for apartments, offices and retail properties, with exposures in New York and California representing the largest geographic concentrations (aggregating approximately 18 percent and 11 percent, respectively, at December 31, 2023 and 19 percent and 11 percent, respectively, at December 31, 2022)."
blank,
narrative,"(b)There were no loans that were held for sale carried at lower of cost or market as of December 31, 2023. The net carrying value of loans carried at lower of cost or market was $170 million as of 2022."
blank,
narrative,"(c)Excludes $37.6 billion at both December 31, 2023 and 2022 of loan receivable from AIGFP, which has a full allowance for credit losses, recognized upon the deconsolidation of AIGFP. For additional information, see Note 1."
blank,
narrative,"(d)Does not include allowance for credit losses of $67 million and $69 million, respectively, at December 31, 2023 and 2022, in relation to off-balance-sheet commitments to fund commercial mortgage loans, which is recorded in Other liabilities."
blank,
narrative,"Interest income is not accrued when payment of contractual principal and interest is not expected. Any cash received on impaired loans is generally recorded as a reduction of the current carrying amount of the loan. Accrual of interest income is generally resumed when delinquent contractual principal and interest is repaid or when a portion of the delinquent contractual payments are made and the ongoing required contractual payments have been made for an appropriate period. As of December 31, 2023, $27 million and $492 million of residential mortgage loans and commercial mortgage loans, respectively, are placed on nonaccrual status. As of December 31, 2022, $5 million and $703 million of residential mortgage loans and commercial mortgage loans, respectively, are placed on nonaccrual status."
blank,
narrative,"Accrued interest is presented separately and is included in Accrued investment income on the Consolidated Balance Sheets. As of December 31, 2023, accrued interest receivable was $20 million and $183 million associated with residential mortgage loans and commercial mortgage loans, respectively. As of December 31, 2022, accrued interest receivable was $15 million and $147 million associated with residential mortgage loans and commercial mortgage loans, respectively."
blank,
narrative,"A significant majority of commercial mortgages in the portfolio are non-recourse loans and, accordingly, the only guarantees are for specific items that are exceptions to the non-recourse provisions. It is therefore extremely rare for us to have cause to enforce the provisions of a guarantee on a commercial real estate or mortgage loan."
blank,
footer,AIG | 2023 Form 10-K
blank,
footer,177
blank,
blank,
footer,ITEM 8 | Notes to Consolidated Financial Statements | 7. Lending Activities
blank,
narrative,Nonperforming loans are generally those loans where payment of contractual principal or interest is more than 90 days past due. Nonperforming loans were not significant for any of the periods presented.
blank,
narrative,CREDIT QUALITY OF COMMERCIAL MORTGAGES
blank,
narrative,The following table presents debt service coverage ratios(a) for commercial mortgages by year of vintage:
blank,
table_row,"December 31, 202320232022202120202019PriorTotal"
blank,
table_row,(in millions)
blank,
table_row,">1.2X$2,555 $6,209 $2,349 $1,387 $4,969 $13,459 $30,928 "
blank,
table_row,"1.00 - 1.20X295 1,149 1,574 369 177 2,632 6,196 "
blank,
table_row,<1.00X— 50 — — — 835 885 
blank,
table_row,"Total commercial mortgages$2,850 $7,408 $3,923 $1,756 $5,146 $16,926 $38,009 "
blank,
table_row,"December 31, 202220222021202020192018PriorTotal"
blank,
table_row,(in millions)
blank,
table_row,">1.2X$5,518 $2,457 $1,710 $4,985 $4,120 $11,663 $30,453 "
blank,
table_row,"1.00 - 1.20X910 898 473 416 567 1,353 4,617 "
blank,
table_row,"<1.00X45 — 23 52 744 1,194 2,058 "
blank,
table_row,"Total commercial mortgages$6,473 $3,355 $2,206 $5,453 $5,431 $14,210 $37,128 "
blank,
narrative,The following table presents loan-to-value ratios(b) for commercial mortgages by year of vintage:
blank,
table_row,"December 31, 202320232022202120202019PriorTotal"
blank,
table_row,(in millions)
blank,
table_row,"Less than 65%$2,446 $4,629 $2,741 $1,303 $2,832 $11,571 $25,522 "
blank,
table_row,"65% to 75%290 1,763 794 288 1,937 3,220 8,292 "
blank,
table_row,"76% to 80%— 375 99 — 377 340 1,191 "
blank,
table_row,"Greater than 80%114 641 289 165 — 1,795 3,004 "
blank,
table_row,"Total commercial mortgages$2,850 $7,408 $3,923 $1,756 $5,146 $16,926 $38,009 "
blank,
table_row,"December 31, 202220222021202020192018PriorTotal"
blank,
table_row,(in millions)
blank,
table_row,"Less than 65%$5,425 $2,548 $1,775 $3,958 $3,016 $10,739 $27,461 "
blank,
table_row,"65% to 75%998 517 405 1,445 1,487 1,393 6,245 "
blank,
table_row,76% to 80%50 52 — — 168 229 499 
blank,
table_row,"Greater than 80%— 238 26 50 760 1,849 2,923 "
blank,
table_row,"Total commercial mortgages$6,473 $3,355 $2,206 $5,453 $5,431 $14,210 $37,128 "
blank,
narrative,"(a)The debt service coverage ratio compares a property’s net operating income to its debt service payments, including principal and interest. Our weighted average debt service coverage ratio was 1.9x at both periods ended December 31, 2023 and December 31, 2022. The debt service coverage ratios are updated when additional relevant information becomes available."
blank,
narrative,"(b)The loan-to-value ratio compares the current unpaid principal balance of the loan to the estimated fair value of the underlying property collateralizing the loan. Our weighted average loan-to-value ratio was 59 percent at both periods ended December 31, 2023 and December 31, 2022. The loan-to-value ratios have been updated within the last three months to reflect the current carrying values of the loans. We update the valuations of collateral properties by obtaining independent appraisals, generally at least once per year."
blank,
narrative,The following table presents supplementary credit quality information related to commercial mortgages:
blank,
table_row,NumberofLoansClassPercentofTotal
blank,
table_row,(dollars in millions)ApartmentsOfficesRetailIndustrialHotelOthersTotal
blank,
table_row,"December 31, 2023"
blank,
table_row,Past Due Status:
blank,
table_row,"In good standing610$15,129 $9,679 $4,263 $6,367 $2,053 $446 $37,937 100 %"
blank,
table_row,90 days or less delinquent1— 29 — — — — 29 — 
blank,
table_row,>90 days delinquent or in process of foreclosure(a)
blank,
table_row,1— — 43 — — — 43 — 
blank,
table_row,Total(b)
blank,
table_row,"612$15,129 $9,708 $4,306 $6,367 $2,053 $446 $38,009 100 %"
blank,
table_row,Allowance for credit losses$94 $415 $109 $90 $38 $6 $752 2 %
blank,
footer,178
blank,
footer,AIG | 2023 Form 10-K
blank,
blank,
footer,ITEM 8 | Notes to Consolidated Financial Statements | 7. Lending Activities
blank,
table_row,NumberofLoansClassPercentofTotal
blank,
table_row,(dollars in millions)ApartmentsOfficesRetailIndustrialHotelOthersTotal
blank,
table_row,"December 31, 2022"
blank,
table_row,Past Due Status:
blank,
table_row,"In good standing625$14,597 $10,102 $3,774 $6,006 $2,027 $407 $36,913 99 %"
blank,
table_row,90 days or less delinquent—— — — — — — — — 
blank,
table_row,>90 days delinquent or in process of foreclosure(a)
blank,
table_row,4— 173 42 — — — 215 1 
blank,
table_row,Total(b)
blank,
table_row,"629$14,597 $10,275 $3,816 $6,006 $2,027 $407 $37,128 100 %"
blank,
table_row,Allowance for credit losses$100 $351 $81 $71 $29 $8 $640 2 %
blank,
narrative,"(a)Includes $156 million of Office loans supporting the Fortitude Re funds withheld arrangements, greater than 90 days delinquent or in process of foreclosure, at December 31, 2022. Office loans supporting the Fortitude Re funds have been foreclosed and are reported in Other invested assets in the Consolidated Balance Sheets at December 31, 2023.  "
blank,
narrative,(b)Does not reflect allowance for credit losses.
blank,
narrative,The following table presents credit quality performance indicators for residential mortgages by year of vintage:
blank,
table_row,"December 31, 202320232022202120202019PriorTotal"
blank,
table_row,(in millions)
blank,
table_row,FICO*:
blank,
table_row,"780 and greater$514 $589 $2,283 $622 $240 $608 $4,856 "
blank,
table_row,"720 - 7791,121 625 560 169 99 243 2,817 "
blank,
table_row,660 - 719313 257 113 40 37 128 888 
blank,
table_row,600 - 6592 20 11 8 9 53 103 
blank,
table_row,Less than 600— 1 2 2 4 16 25 
blank,
table_row,"Total residential mortgages$1,950 $1,492 $2,969 $841 $389 $1,048 $8,689 "
blank,
table_row,"December 31, 202220222021202020192018PriorTotal"
blank,
table_row,(in millions)
blank,
table_row,FICO*:
blank,
table_row,"780 and greater$296 $2,204 $654 $232 $77 $567 $4,030 "
blank,
table_row,"720 - 779536 728 168 76 32 169 1,709 "
blank,
table_row,660 - 719163 80 28 16 9 62 358 
blank,
table_row,600 - 6592 4 2 2 2 14 26 
blank,
table_row,Less than 600— — — 1 — 6 7 
blank,
table_row,"Total residential mortgages$997 $3,016 $852 $327 $120 $818 $6,130 "
blank,
narrative,*Fair Isaac Corporation (FICO) is the credit quality indicator used to evaluate consumer credit risk for residential mortgage loan borrowers and have been updated within the last twelve months.
blank,
narrative,METHODOLOGY USED TO ESTIMATE THE ALLOWANCE FOR CREDIT LOSSES
blank,
narrative,"At the time of origination or purchase, an allowance for credit losses is established for mortgage and other loan receivables and is updated each reporting period. Changes in the allowance for credit losses are recorded in realized losses. This allowance reflects the risk of loss, even when that risk is remote, that is expected over the remaining contractual life of the loan. The allowance for credit losses considers available relevant information about the collectability of cash flows, including information about past events, current conditions, and reasonable and supportable forecasts of future economic conditions. We revert to historical information when we determine that we can no longer reliably forecast future economic assumptions. "
blank,
narrative,"The allowances for the commercial mortgage loans and residential mortgage loans are estimated utilizing a probability of default and loss given default model. Loss rate factors are determined based on historical data and adjusted for current and forecasted information. The loss rates are applied based on individual loan attributes and considering such data points as loan-to-value ratios, FICO scores, and debt service coverage."
blank,
narrative,"The estimate of credit losses also reflects management’s assumptions on certain macroeconomic factors that include, but are not limited to, gross domestic product growth, employment, inflation, housing price index, interest rates and credit spreads.  "
blank,
narrative,Accrued interest is excluded from the measurement of the allowance for credit losses and accrued interest is reversed through interest income once a loan is placed on nonaccrual. 
blank,
narrative,"When all or a portion of a loan is deemed uncollectible, the uncollectible portion of the carrying amount of the loan is charged off against the allowance. "
blank,
narrative,"We also have off-balance sheet commitments related to our commercial mortgage loans. The liability for expected credit losses related to these commercial mortgage loan commitments is reported in Other liabilities in the Consolidated Balance Sheets. When a commitment is funded, we record a loan receivable and reclassify the liability for expected credit losses related to the commitment into "
blank,
footer,AIG | 2023 Form 10-K
blank,
footer,179
blank,
blank,
footer,ITEM 8 | Notes to Consolidated Financial Statements | 7. Lending Activities
blank,
narrative,loan allowance for expected credit losses. Other changes in the liability for expected credit losses on loan commitments are recorded in Net realized gains (losses) in the Consolidated Statements of Income (Loss).
blank,
narrative,The following table presents a rollforward of the changes in the allowance for credit losses on Mortgage and other loans receivable(a):
blank,
table_row,"Years Ended December 31,2023(b)"
blank,
table_row,20222021
blank,
table_row,(in millions)CommercialMortgagesOtherLoansTotalCommercialMortgagesOtherLoansTotalCommercialMortgagesOtherLoansTotal
blank,
table_row,"Allowance, beginning of year$640 $76 $716 $545 $84 $629 $685 $129 $814 "
blank,
table_row,Loans charged off(109)— (109)(17)— (17)(2)— (2)
blank,
table_row,Net charge-offs(109)— (109)(17)— (17)(2)— (2)
blank,
table_row,Addition to (release of) allowance for loan losses221 10 231 112 (8)104 (138)(26)(164)
blank,
table_row,Divestitures— — — — — — — (19)(19)
blank,
table_row,"Allowance, end of year"
blank,
table_row,$752 $86 $838 $640 $76 $716 $545 $84 $629 
blank,
narrative,"(a)Does not include allowance for credit losses of $67 million, $69 million and $71 million, respectively, at December 31, 2023, 2022 and 2021 in relation to off-balance-sheet commitments to fund commercial mortgage loans, which is recorded in Other liabilities."
blank,
narrative,"(b)Excludes $37.6 billion at both December 31, 2023 and 2022, of loan receivable from AIGFP, which has a full allowance for credit losses, recognized upon the deconsolidation of AIGFP. For additional information, see Note 1."
blank,
narrative,Our expectations and models used to estimate the allowance for losses on commercial and residential mortgage loans are regularly updated to reflect the current economic environment.
blank,
narrative,LOAN MODIFICATIONS
blank,
narrative,"The allowance for credit losses incorporates an estimate of lifetime expected credit losses and is recorded on each asset upon asset origination or acquisition. The starting point for the estimate of the allowance for credit losses is historical loss information, which includes losses from modifications of receivables to borrowers experiencing financial difficulty. We use a probability of default/loss given default model to determine the allowance for credit losses for our commercial and residential mortgage loans.  An assessment of whether a borrower is experiencing financial difficulty is made on the date of a modification. "
blank,
narrative,"Because the effect of most modifications made to borrowers experiencing financial difficulty is already included in the allowance for credit losses utilizing the measurement methodologies used to estimate the allowance, a change to the allowance for credit losses is generally not recorded upon modification. "
blank,
narrative,"When modifications are executed, they often will be in the form of principal forgiveness, term extensions, interest rate reductions, or some combination of any of these concessions. When principal is forgiven, the amortized cost basis of the asset is written off against the allowance for credit losses. The amount of the principal forgiveness is deemed to be uncollectible; therefore, that portion of the loan is written off, resulting in a reduction of the amortized cost basis and a corresponding adjustment to the allowance for credit losses. "
blank,
narrative,"We assess whether a borrower is experiencing financial difficulty based on a variety of factors, including the borrower’s current default on any of its outstanding debt, the probability of a default on any of its debt in the foreseeable future without the modification, the insufficiency of the borrower’s forecasted cash flows to service any of its outstanding debt (including both principal and interest), and the borrower’s inability to access alternative third party financing at an interest rate that would be reflective of current market conditions for a non-troubled debtor.  "
blank,
narrative,"During the year ended December 31, 2023, commercial mortgage loans with an amortized cost of $87 million (including $56 million supporting the funds withheld arrangements with Fortitude Re) and commercial loans, other loans and notes receivable with an amortized cost of $168 million (none of which were supporting the funds withheld arrangements with Fortitude Re) were granted term extensions. The modified loans represent less than 1 percent of each of these two portfolio segments. These modifications added less than one year to the weighted average life of loans in each of these two portfolio segments."
blank,
narrative,"There were no loans that had defaulted during the year ended December 31, 2023, that had been previously modified with borrowers experiencing financial difficulties."
blank,
narrative,"Prior to January 1, 2023, we were required to assess loan modifications to determine if they were a troubled debt restructuring. A troubled debt restructuring was a modification of a loan with a borrower that was experiencing financial difficulty and the modification involved us granting a concession to the troubled borrower. Concessions previously granted included extended maturity dates, interest rate changes, principal or interest forgiveness, payment deferrals and easing of loan covenants. "
blank,
narrative,"During the year ended December 31, 2022, loans with a carrying value of $219 million were modified as troubled debt restructurings. Effective January 1, 2023, we are no longer required to assess whether loan modifications are troubled debt restructurings. "
blank,
footer,180
blank,
footer,AIG | 2023 Form 10-K
blank,
blank,
footer,ITEM 8 | Notes to Consolidated Financial Statements | 8. Reinsurance
blank,
narrative,8. Reinsurance
blank,
narrative,"In the ordinary course of business, our insurance companies purchase both treaty and facultative reinsurance to limit potential losses, provide additional capacity for growth, minimize exposure to significant risks or to facilitate greater diversification of our businesses. In addition, certain of our General Insurance subsidiaries sell reinsurance to other insurance companies. We determine the portion of our ultimate net loss that will be recoverable under our reinsurance contracts by reference to the terms of the reinsurance protection purchased. This determination involves an estimate of incurred but not reported (IBNR) loss. Reinsurance recoverables for contracts which are accounted for as deposits are subject to similar judgments and uncertainties and reported in Other assets. "
blank,
narrative,"Reinsurance assets include the balances due for paid losses and expenses, reserves for losses and expenses reported and outstanding, reserves for IBNR, ceded unearned premiums and ceded future policy benefits for life and accident and health insurance contracts and benefits paid and unpaid. Amounts related to paid and reserved losses and expenses and benefits with respect to these reinsurance agreements are sometimes collateralized. We remain liable to our policyholders regardless of whether our reinsurers meet their obligations under the reinsurance contracts, and as such, we regularly evaluate the financial condition of our reinsurers and monitor concentration of our credit risk. The estimation of the allowance for unrecoverable reinsurance from reinsurers who are unwilling and/or unable to pay amounts due to us requires judgment for which key inputs typically include historical collection rates when amounts due are in dispute or where the reinsurer has suffered a credit event as well as specific reviews of balances in dispute or subject to credit impairment. The allowance for credit losses and disputes on reinsurance assets was $236 million and $295 million at December 31, 2023 and 2022, respectively. Changes in the allowance for credit losses and disputes on reinsurance assets are reflected in Policyholder benefits and losses incurred within the Consolidated Statements of Income (Loss)."
blank,
narrative,Reinsurance recoverables are recognized in a manner consistent with the liabilities relating to the underlying reinsured contracts.
blank,
narrative,"The reinsurance recoverables for coinsurance and modco contracts, along with amounts recoverable on YRT treaties are determined based on updated net premium ratios, reflecting updated actuarial assumptions using locked-in upper-medium investment instrument yield discount rates with changes recognized as remeasurement gains and losses reported in income. In addition, reinsurance recoverables are remeasured at the balance sheet date using current upper-medium grade discount rates with changes reported in OCI. For reinsurance agreements that reinsure existing, or non-contemporaneous (in-force) traditional and limited payment long-duration insurance contracts, the reinsurance recoverable is measured using the upper-medium grade fixed-income instrument yield discount rate assumption related to the effective date of the reinsurance contract. Therefore, for non-contemporaneous reinsurance agreements executed after January 1, 2021, the locked-in rate to accrete interest into the income statement related to the reinsurance recoverable would be different from the locked-in rate used for accreting interest on the direct reserve for future policy benefits. Certain reinsured guaranteed benefits previously reported as reinsurance recoverables are classified as Market risk benefit assets in the Consolidated Balance Sheets and are measured at fair value."
blank,
narrative,The following tables present the transition rollforward for Reinsurance assets:
blank,
table_row,(in millions)IndividualRetirementLifeInsuranceInstitutionalMarketsTotal
blank,
table_row,"Reinsurance assets - other, net of allowance for credit losses and disputes(a)"
blank,
table_row,"Pre-adoption, December 31, 2020$309 $2,370 $28 $2,707 "
blank,
table_row,Reclassification of Cost of Reinsurance(b)
blank,
table_row,— 416 — 416 
blank,
table_row,Reclassification to Market risk benefits(35)— — (35)
blank,
table_row,Change in cash flow assumptions and effect of net premiums exceeding gross premiums— 9 — 9 
blank,
table_row,Change due to the current upper-medium grade discount rate— 74 5 79 
blank,
table_row,"Post-adoption January 1, 2021$274 $2,869 $33 $3,176 "
blank,
table_row,(in millions)Total
blank,
table_row,"Reinsurance assets - Fortitude Re, net of allowance for credit losses and disputes(c)"
blank,
table_row,"Pre-adoption, December 31, 2020$29,135 "
blank,
table_row,Change in cash flow assumptions and effect of net premiums exceeding gross premiums55 
blank,
table_row,"Change due to the current upper-medium grade discount rate7,611 "
blank,
table_row,"Post-adoption January 1, 2021$36,801 "
blank,
narrative,"(a)Excludes $36.3 billion of Reinsurance assets - other, net of allowance for credit losses and disputes in General Insurance and Other Operations. "
blank,
narrative,(b)Cost of reinsurance is reported in Other liabilities in the Consolidated Balance sheets.
blank,
narrative,"(c)Represents Life and Retirement legacy insurance lines ceded to Fortitude Re. Excludes $5.4 billion of Reinsurance assets - Fortitude Re, net of allowance for credit losses and disputes in General Insurance and Other Operations. "
blank,
narrative,The remeasurement of the reinsurance assets using the current upper-medium grade discount rate is offset in AOCI.
blank,
footer,AIG | 2023 Form 10-K
blank,
footer,181
blank,
blank,
footer,ITEM 8 | Notes to Consolidated Financial Statements | 8. Reinsurance
blank,
narrative,"The following table provides supplemental information for loss and benefit reserves, gross and net of ceded reinsurance:"
blank,
table_row,"At December 31,20232022"
blank,
table_row,(in millions)AsReportedNet ofReinsuranceAsReportedNet ofReinsurance
blank,
table_row,"Liability for unpaid losses and loss adjustment expenses$(70,393)$(39,994)$(75,167)$(42,955)"
blank,
table_row,"Future policy benefits for life and accident and health insurance contracts(58,576)(35,005)(51,914)(27,836)"
blank,
table_row,"Policyholder contract deposits(161,979)(158,171)(155,984)(152,375)"
blank,
table_row,"Reserve for unearned premiums(17,387)(13,117)(18,338)(13,992)"
blank,
table_row,"Other policyholder funds(3,356)(2,817)(3,463)(2,898)"
blank,
table_row,Reinsurance assets*
blank,
narrative,"62,58764,810"
blank,
narrative,"*Reinsurance assets excludes (i) allowance for credit losses and disputes of $236 million and $295 million (of which $110 million and $110 million pertains to CECL reserve for Liability for unpaid losses and loss adjustment expenses) for the years ended December 31, 2023 and 2022, respectively, (ii) paid loss recoveries of $4,879 million and $4,662 million for the years ended December 31, 2023 and 2022, respectively, and (iii) policy and contract claims recoverable of $296 million and $545 million for the years ended December 31, 2023 and 2022, respectively."
blank,
narrative,SHORT-DURATION REINSURANCE
blank,
narrative,"Short-duration reinsurance is effected under reinsurance treaties and by negotiation on individual risks. Certain of these reinsurance arrangements consist of excess of loss contracts that protect us against losses above stipulated amounts. Ceded premiums are considered prepaid reinsurance premiums and are recognized as a reduction of premiums earned over the contract period in proportion to the protection received. Amounts recoverable from reinsurers on short-duration contracts are estimated in a manner consistent with the claims liabilities associated with the reinsurance and presented as a component of Reinsurance assets. Reinsurance premiums for assumed business are estimated based on information received from brokers, ceding companies and reinsurers. Any subsequent differences arising on such estimates are recorded in the periods in which they are determined. Assumed reinsurance premiums are earned primarily on a pro-rata basis over the terms of the reinsurance contracts and the portion of premiums relating to the unexpired terms of coverage is included in the reserve for unearned premiums. Reinsurance premiums for assumed business are estimated based on information received from brokers, ceding companies and reinsureds. Any subsequent differences arising on such estimates are recorded in the periods in which they are determined. For both ceded and assumed reinsurance, risk transfer requirements must be met for reinsurance accounting to apply. If risk transfer requirements are not met, the contract is accounted for as a deposit, resulting in the recognition of cash flows under the contract through a deposit asset or liability and not as revenue or expense. To meet risk transfer requirements, a reinsurance contract must include both insurance risk, consisting of both underwriting and timing risk, and a reasonable possibility of a significant loss for the assuming entity. Similar risk transfer criteria are used to determine whether directly written insurance contracts should be accounted for as insurance or as a deposit."
blank,
narrative,The following table presents short-duration insurance premiums written and earned:
blank,
table_row,"Years Ended December 31,"
blank,
table_row,(in millions)202320222021
blank,
table_row,Premiums written:
blank,
table_row,"Direct$31,445 $32,025 $30,910 "
blank,
table_row,"Assumed7,951 7,385 7,209 "
blank,
table_row,"Ceded(12,190)(12,650)(11,702)"
blank,
table_row,"Net$27,206 $26,760 $26,417 "
blank,
table_row,Premiums earned:
blank,
table_row,"Direct$30,781 $32,053 $30,279 "
blank,
table_row,"Assumed7,050 7,137 6,640 "
blank,
table_row,"Ceded(12,268)(12,425)(11,301)"
blank,
table_row,"Net$25,563 $26,765 $25,618 "
blank,
narrative,"For the years ended December 31, 2023, 2022 and 2021, reinsurance recoveries, which reduced losses and loss adjustment expenses incurred, amounted to $8.1 billion, $7.1 billion and $7.2 billion, respectively."
blank,
footer,182
blank,
footer,AIG | 2023 Form 10-K
blank,
blank,
footer,ITEM 8 | Notes to Consolidated Financial Statements | 8. Reinsurance
blank,
narrative,"Retroactive reinsurance agreements are reinsurance agreements under which our reinsurer agrees to reimburse us as a result of past insurable events. For these agreements, the excess of the amounts ultimately collectible under the agreement over the consideration paid is recognized as a deferred gain liability and amortized into income over the settlement period of the ceded reserves. The amount of the deferral is recalculated each period based on loss payments and updated estimates. If the consideration paid exceeds the ultimate losses collectible under the agreement, the net loss on the agreement is recognized in income immediately. Ceded loss reserves under retroactive agreements were $12.4 billion and $14.3 billion, and the deferred gain liability was $585 million and $661 million, as of December 31, 2023 and 2022, respectively. The effect on income from amortization of the deferred gain was $82 million, $252 million and $191 million for the years ended December 31, 2023, 2022 and 2021, respectively."
blank,
narrative,"In the first quarter of 2017, we entered into an adverse development reinsurance agreement with National Indemnity Company (NICO), a subsidiary of Berkshire Hathaway Inc., under which we transferred to NICO 80 percent of the reserve risk on substantially all of our U.S. Commercial long-tail exposures for accident years 2015 and prior. Under this agreement, we ceded to NICO 80 percent of the losses on subject business paid on or after January 1, 2016 in excess of $25 billion of net paid losses, up to an aggregate limit of $25 billion. We account for this transaction as retroactive reinsurance. This transaction resulted in a gain, which under U.S. GAAP retroactive reinsurance accounting is deferred and amortized into income over the settlement period. NICO created a collateral trust account as security for their claim payment obligations to us, into which they deposited the consideration paid under the agreement, and Berkshire Hathaway Inc. has provided a parental guarantee to secure NICO’s obligations under the agreement."
blank,
narrative,LONG-DURATION REINSURANCE
blank,
narrative,"Long-duration reinsurance is principally under YRT treaties, along with a large modco treaty reinsuring the majority of our legacy business to a former affiliate, Fortitude Re. Reinsurance premiums ceded are recognized when due, along with corresponding benefits. Amounts recoverable from reinsurers are presented as a component of Reinsurance assets. "
blank,
narrative,The following table presents premiums earned and policy fees for our long-duration life insurance and annuity operations:
blank,
table_row,"Years Ended December 31,"
blank,
table_row,(in millions)202320222021
blank,
table_row,Premiums earned:
blank,
table_row,"Direct$4,706 $4,739 $4,604 "
blank,
table_row,"Assumed4,111 1,318 2,265 "
blank,
table_row,"Ceded(1,126)(966)(1,202)"
blank,
table_row,"Net$7,691 $5,091 $5,667 "
blank,
table_row,Policy Fees:
blank,
table_row,"Direct$2,873 $2,991 $3,090 "
blank,
table_row,Assumed— — — 
blank,
table_row,Ceded(76)(78)(85)
blank,
table_row,"Net$2,797 $2,913 $3,005 "
blank,
narrative,"Long-duration reinsurance recoveries, which reduced Policyholder benefits and losses incurred, was approximately $1.1 billion, $0.9 billion and $1.3 billion for the years ended December 31, 2023, 2022 and 2021 respectively."
blank,
narrative,The following table presents long-duration insurance in-force ceded to other insurance companies:
blank,
table_row,"At December 31,"
blank,
table_row,(in millions)202320222021
blank,
table_row,"Long-duration insurance in force ceded$363,471 $346,879 $363,008"
blank,
narrative,"Long-duration insurance in-force assumed as a percentage of gross long-duration insurance in-force was 0.01 percent, 0.01 percent, and 0.01 percent at December 31, 2023, 2022 and 2021, respectively; and premiums assumed represented 46.6 percent, 21.8 percent and 33.0 percent of gross premiums for the years ended December 31, 2023, 2022 and 2021, respectively."
blank,
narrative,"The U.S. Life and Retirement companies manage the capital impact of their statutory reserve requirements for certain whole life and universal life policies through unaffiliated and affiliated reinsurance transactions. An evaluation is performed to determine whether these reinsurance transactions meet the requirements of risk transfer under U.S. GAAP. If risk transfer requirements are not met, deposit accounting is used for these reinsurance transactions with a reinsurance risk charge recorded in income. Under one affiliated reinsurance arrangement, one of the U.S. Life and Retirement subsidiaries had one bilateral letter of credit currently in the amount of $125 million, which was issued on May 9, 2022 and expires on February 7, 2027. As of May 12, 2022, this letter of credit is subject to reimbursement by Corebridge Parent in the event of a drawdown."
blank,
narrative,"For additional information on the use of reinsurance, see Note 20."
blank,
footer,AIG | 2023 Form 10-K
blank,
footer,183
blank,
blank,
footer,ITEM 8 | Notes to Consolidated Financial Statements | 8. Reinsurance
blank,
narrative,FORTITUDE RE
blank,
narrative,"Fortitude Re is the reinsurer of the majority of AIG’s run-off operations. The reinsurance transactions are structured as modco and loss portfolio transfer arrangements with funds withheld (funds withheld). In modco and funds withheld arrangements, the investments supporting the reinsurance agreements, and which reflect the majority of the consideration that would be paid to the reinsurer for entering into the transaction, are withheld by, and therefore continue to reside on the balance sheet of, the ceding company (i.e., AIG) thereby creating an obligation for the ceding company to pay the reinsurer (i.e., Fortitude Re) at a later date. Additionally, as AIG maintains ownership of these investments, AIG will maintain its existing accounting for these assets (e.g., the changes in fair value of available for sale securities will be recognized within OCI). AIG has established a funds withheld payable to Fortitude Re while simultaneously establishing a reinsurance asset representing reserves for the insurance coverage that Fortitude Re has assumed. The funds withheld payable contains an embedded derivative and changes in fair value of the embedded derivative related to the funds withheld payable are recognized in earnings through Net realized gains (losses). This embedded derivative is considered a total return swap with contractual returns that are attributable to various assets and liabilities associated with these reinsurance agreements."
blank,
narrative,"As of December 31, 2023, approximately $27.6 billion of reserves from our Life and Retirement Run-Off Lines and approximately $3.0 billion of reserves from our General Insurance Run-Off Lines related to business written by multiple wholly-owned AIG subsidiaries, had been ceded to Fortitude Re under these reinsurance transactions."
blank,
narrative,There is a diverse pool of assets supporting the funds withheld arrangements with Fortitude Re. The following summarizes the composition of the pool of assets:
blank,
table_row,"December 31, 2023December 31, 2022"
blank,
table_row,(in millions)CarryingValueFairValueCarryingValueFairValueCorresponding Accounting Policy
blank,
table_row,Fixed maturity securities - available for sale(a)
blank,
table_row,"$17,384 $17,384 $18,821 $18,821 Fair value through other comprehensive income (loss)"
blank,
table_row,"Fixed maturity securities - fair value option4,867 4,867 4,182 4,182 Fair value through net investment income"
blank,
table_row,"Commercial mortgage loans3,921 3,685 4,107 3,837 Amortized cost"
blank,
table_row,Real estate investments184 329 133 348 Amortized cost
blank,
table_row,"Private equity funds / hedge funds1,910 1,910 1,893 1,893 Fair value through net investment income"
blank,
table_row,Policy loans330 330 355 355 Amortized cost
blank,
table_row,Short-term investments176 176 75 75 Fair value through net investment income
blank,
table_row,"Funds withheld investment assets28,772 28,681 29,566 29,511 "
blank,
table_row,"Derivative assets, net(b)"
blank,
table_row,45 45 90 90 Fair value through net realized gains (losses)
blank,
table_row,Other(c)
blank,
table_row,758 758 782 782 Amortized cost
blank,
table_row,"Total$29,575 $29,484 $30,438 $30,383 "
blank,
narrative,"(a)The change in the net unrealized gains (losses) on available for sale securities related to the Fortitude Re funds withheld assets was $734 million ($580 million after-tax) and $(7.5) billion ($(5.9) billion after-tax), respectively for the years ended December 31, 2023 and 2022."
blank,
narrative,"(b)The derivative assets and liabilities have been presented net of cash collateral. The derivative assets and liabilities supporting the Fortitude Re funds withheld arrangements had a fair market value of $63 million and $34 million, respectively, as of December 31, 2023. The derivative assets and liabilities supporting the Fortitude Re funds withheld arrangements had a fair market value of $192 million and $28 million, respectively, as of December 31, 2022. These derivative assets and liabilities are fully collateralized either by cash or securities."
blank,
narrative,(c)Primarily comprised of Cash and Accrued investment income.
blank,
narrative,The impact of the funds withheld arrangements with Fortitude Re was as follows:
blank,
table_row,"Years Ended December 31,"
blank,
table_row,(in millions)202320222021
blank,
table_row,"Net investment income - Fortitude Re funds withheld assets$1,544 $943 $1,971 "
blank,
table_row,Net realized gains (losses) on Fortitude Re funds withheld assets:
blank,
table_row,"Net realized gains (losses) - Fortitude Re funds withheld assets(295)(486)1,003 "
blank,
table_row,"Net realized gains (losses) - Fortitude Re funds withheld embedded derivative(2,007)7,481 (603)"
blank,
table_row,"Net realized gains (losses) on Fortitude Re funds withheld assets(2,302)6,995 400 "
blank,
table_row,"Income (loss) from continuing operations before income tax expense (benefit)(758)7,938 2,371 "
blank,
table_row,Income tax expense (benefit)(a)
blank,
table_row,"(159)1,667 499 "
blank,
table_row,Net income (loss)
blank,
table_row,"(599)6,271 1,872 "
blank,
table_row,Change in unrealized appreciation (depreciation) of all other investments(a)
blank,
table_row,"580 (5,900)(1,760)"
blank,
table_row,Comprehensive income (loss)$(19)$371 $112 
blank,
narrative,(a)The income tax expense (benefit) and the tax impact in AOCI was computed using AIG’s U.S. statutory tax rate of 21 percent.
blank,
footer,184
blank,
footer,AIG | 2023 Form 10-K
blank,
blank,
footer,ITEM 8 | Notes to Consolidated Financial Statements | 8. Reinsurance
blank,
narrative,"Various assets supporting the Fortitude Re funds withheld arrangements are reported at amortized cost, and as such, changes in the fair value of these assets are not reflected in the financial statements. However, changes in the fair value of these assets are included in the embedded derivative in the Fortitude Re funds withheld arrangement and the appreciation (depreciation) of the asset is the primary driver of the comprehensive income (loss) reflected above."
blank,
narrative,Reinsurance Security
blank,
narrative,"Our third-party reinsurance arrangements do not relieve us from our direct obligations to our beneficiaries. Thus, a credit exposure exists with respect to both short-duration and long-duration reinsurance ceded to the extent that any reinsurer fails to meet the obligations assumed under any reinsurance agreement. We hold substantial collateral as security under related reinsurance agreements in the form of funds, securities, and/or letters of credit. A provision has been recorded for estimated unrecoverable reinsurance. In light of collateral held, we believe that no exposure to a single reinsurer represents an inappropriate concentration of credit risk to AIG. Gross reinsurance assets due from reinsurers exceeding 5 percent of our total reinsurance assets were approximately $46.3 billion and $48.4 billion at December 31, 2023 and 2022, respectively, of which approximately $3.2 billion and $3.6 billion at December 31, 2023 and 2022, respectively, was not secured by collateral."
blank,
narrative,REINSURANCE – CREDIT LOSSES
blank,
narrative,"The estimation of reinsurance recoverables involves a significant amount of judgment, particularly for latent exposures, such as asbestos, due to their long-tail nature. We assess the collectability of reinsurance recoverable balances in each reporting period, through either historical trends of disputes and credit events or financial analysis of the credit quality of the reinsurer. We record adjustments to reflect the results of these assessments through an allowance for credit losses and disputes on uncollectible reinsurance that reduces the carrying amount of reinsurance and other assets on the consolidated balance sheets (collectively, reinsurance recoverables). This estimate requires significant judgment for which key considerations include:"
blank,
narrative,•paid and unpaid amounts recoverable;
blank,
narrative,•whether the balance is in dispute or subject to legal collection;
blank,
narrative,"•the relative financial health of the reinsurer as classified by the Obligor Risk Ratings (ORRs) we assign to each reinsurer based upon our financial reviews; reinsurers that are financially troubled (i.e., in run-off, have voluntarily or involuntarily been placed in receivership, are insolvent, are in the process of liquidation or otherwise subject to formal or informal regulatory restriction) are assigned ORRs that will generate a significant allowance; and"
blank,
narrative,•whether collateral and collateral arrangements exist.
blank,
narrative,"An estimate of the reinsurance recoverable's lifetime expected credit losses is established utilizing a probability of default and loss given default method, which reflects the reinsurer’s ORR. The allowance for credit losses excludes disputed amounts. An allowance for disputes is established for a reinsurance recoverable using the losses incurred model for contingencies."
blank,
narrative,"The total reinsurance recoverables as of December 31, 2023 were $69.8 billion. As of that date, utilizing AIG’s ORRs, (i) approximately 90 percent of the reinsurance recoverables were investment grade, of which 51 percent related to General Insurance and 39 percent related to Life and Retirement; (ii) approximately 9 percent of the reinsurance recoverables were non-investment grade, the majority of which related to General Insurance and (iii) approximately one percent of the reinsurance recoverables related to entities that were not rated by AIG."
blank,
narrative,"The total reinsurance recoverables as of December 31, 2022 were $71.8 billion. As of that date, utilizing AIG’s ORRs, (i) approximately 92 percent of the reinsurance recoverables were investment grade, of which 53 percent related to General Insurance and 39 percent related to Life and Retirement; (ii) approximately 7 percent of the reinsurance recoverables were non-investment grade, the majority of which related to General Insurance; (iii) less than one percent of the non-investment grade reinsurance recoverables related to Life and Retirement and (iv) approximately one percent of the reinsurance recoverables related to entities that were not rated by AIG."
blank,
narrative,"As of December 31, 2023 and December 31, 2022, approximately 83 percent and 77 percent, respectively, of our non-investment grade reinsurance exposure related to captive insurers. These arrangements are typically collateralized by letters of credit, funds withheld or trust agreements."
blank,
footer,AIG | 2023 Form 10-K
blank,
footer,185
blank,
blank,
footer,ITEM 8 | Notes to Consolidated Financial Statements | 8. Reinsurance
blank,
narrative,Reinsurance Recoverable Allowance
blank,
narrative,The following table presents a rollforward of the reinsurance recoverable allowance:
blank,
table_row,"Years Ended December 31,202320222021"
blank,
table_row,(in millions)General InsuranceLife and RetirementTotalGeneral InsuranceLife and RetirementTotalGeneral InsuranceLife and RetirementTotal
blank,
table_row,"Balance, beginning of year$260 $84 $344 $281 $101 $382 $292 $83 $375 "
blank,
table_row,"Addition to (release of) allowance for expected credit losses and disputes, net(5)(5)(10)(22)(17)(39)6 18 24 "
blank,
table_row,Write-offs charged against the allowance for credit losses and disputes— (49)(49)(5)— (5)(17)— (17)
blank,
table_row,Recoveries of amounts previously written off— — — 2 — 2 — — — 
blank,
table_row,Other changes— — — 4 — 4 — — — 
blank,
table_row,"Balance, end of year$255 $30 $285 $260 $84 $344 $281 $101 $382 "
blank,
narrative,Past-Due Status
blank,
narrative,We consider a reinsurance asset to be past due when it is 90 days past due. The allowance for credit losses is estimated excluding disputed amounts. An allowance for disputes is established using the losses incurred method for contingencies. Past due balances on claims that are not in dispute were not material for any of the periods presented.
blank,
narrative,9. Deferred Policy Acquisition Costs
blank,
narrative,"DAC represent those costs that are incremental and directly related to the successful acquisition of new or renewal of existing insurance contracts. We defer incremental costs that result directly from, and are essential to, the acquisition or renewal of an insurance contract. Such DAC generally include agent or broker commissions and bonuses, premium taxes, and medical and inspection fees that would not have been incurred if the insurance contract had not been acquired or renewed. Each cost is analyzed to assess whether it is fully deferrable. We partially defer costs, including certain commissions, when we do not believe that the entire cost is directly related to the acquisition or renewal of insurance contracts. Commissions that are not deferred to DAC are recorded in General operating and other expenses in the Consolidated Statements of Income (Loss)."
blank,
narrative,"We also defer a portion of employee total compensation and payroll-related fringe benefits directly related to time spent performing specific acquisition or renewal activities, including costs associated with the time spent on underwriting, policy issuance and processing, and sales force contract selling. The amounts deferred are derived based on successful efforts for each distribution channel and/or cost center from which the cost originates."
blank,
narrative,"Short-duration insurance contracts: Policy acquisition costs are deferred and amortized over the period in which the related premiums written are earned, generally 12 months. DAC is grouped consistent with the manner in which the insurance contracts are acquired, serviced and measured for profitability and is reviewed for recoverability based on the profitability of the underlying insurance contracts. Investment income is anticipated in assessing the recoverability of DAC. We assess the recoverability of DAC on an annual basis or more frequently if circumstances indicate an impairment may have occurred. This assessment is performed by comparing recorded net unearned premiums and anticipated investment income on in-force business to the sum of expected losses and loss adjustment expenses incurred, unamortized DAC and maintenance costs. If the sum of these costs exceeds the amount of recorded net unearned premiums and anticipated investment income, the excess is recognized as an offset against the asset established for DAC. This offset is referred to as a premium deficiency charge. Increases in expected losses and loss adjustment expenses incurred can have a significant impact on the likelihood and amount of a premium deficiency charge."
blank,
narrative,"Long-duration insurance contracts: DAC for all long-duration contracts, except for those with limited to no exposure to policyholder behavior risk, (i.e., certain investment contracts), is grouped and amortized on a constant level basis (i.e., approximating straight line amortization with adjustments for expected terminations) over the expected term of the related contracts using assumptions consistent with those used in estimating the related liability for future policy benefits, or any other related balances, for those corresponding contracts, as applicable. Capitalized expenses are only included in DAC amortization as expenses are incurred. For amortization purposes, contracts are grouped into annual cohorts by issue year and product and to segregate reinsured and non-reinsured contracts. For life insurance contracts, amortization is based on insurance in-force, while initial deposits are used for deferred annuity contracts, structured settlements and pension risk transfer products. Changes in future assumptions (e.g., expected duration of contracts or amount of coverage expected to be in force) are applied by adjusting the amortization rate prospectively. The Company has elected to implicitly account for actual experience, whether favorable or unfavorable, in its amortization expense each period. DAC is capped at the amount of expenses capitalized as the DAC balance does not accrue interest. DAC is not subject to recoverability testing."
blank,
footer,186
blank,
footer,AIG | 2023 Form 10-K
blank,
blank,
footer,ITEM 8 | Notes to Consolidated Financial Statements | 9. Deferred Policy Acquisition Costs
blank,
narrative,"Value of Business Acquired (VOBA) is determined at the time of acquisition and is reported in the Consolidated Balance Sheets with DAC. This value is based on the present value of future pre-tax profits discounted at yields applicable at the time of purchase. VOBA is amortized, consistent with DAC, i.e., over the life of the business on a constant level basis. "
blank,
narrative,"Internal Replacements of Long-duration and Investment-oriented Products: For some products, policyholders can elect to modify product benefits, features, rights or coverages by exchanging a contract for a new contract or by amendment, endorsement, or rider to a contract, or by the election of a feature or coverage within a contract. These transactions are known as internal replacements. If the modification does not substantially change the contract, we do not change the accounting and amortization of existing DAC and related actuarial balances. If an internal replacement represents a substantial change, the original contract is considered to be extinguished and any related DAC or other policy balances are charged or credited to income, and any new deferrable costs associated with the replacement contract are deferred.  "
blank,
narrative,The following table presents the transition rollforward for DAC*:
blank,
table_row,IndividualRetirementGroupRetirementLifeInsuranceInstitutionalMarketsTotal
blank,
table_row,(in millions)
blank,
table_row,"Pre-adoption December 31, 2020 DAC balance$2,359 $560 $4,371 $26 $7,316 "
blank,
table_row,"Adjustments for the removal of related balances in Accumulated other comprehensive income (loss) originating from unrealized gains (losses)2,062 534 547 7 3,150 "
blank,
table_row,"Post-adoption January 1, 2021 DAC balance$4,421 $1,094 $4,918 $33 $10,466 "
blank,
narrative,*Excludes $2.5 billion of DAC in General Insurance.
blank,
narrative,"Prior to the adoption of LDTI, DAC for investment-oriented products included the effect of unrealized gains or losses on fixed maturity securities classified as available for sale. At the Transition Date, these adjustments were removed with a corresponding offset in AOCI. As the available for sale portfolio was in an unrealized gain position as of the Transition Date, the adjustment for removal of related balances in AOCI originating from unrealized gains (losses) balances reduced DAC."
blank,
narrative,The following table presents a rollforward of DAC:
blank,
table_row,"Years Ended December 31, 2023GeneralInsuranceIndividualRetirementGroupRetirementLifeInsuranceInstitutionalMarkets"
blank,
table_row,(in millions)Total
blank,
table_row,"Balance, beginning of year$2,310 $4,597 $1,060 $4,839 $51 $12,857 "
blank,
table_row,"Capitalization4,135 705 78 473 28 5,419 "
blank,
table_row,"Amortization expense(3,747)(567)(82)(403)(9)(4,808)"
blank,
table_row,"Other, including foreign exchange(45)— — 54 — 9 "
blank,
table_row,Dispositions*(578)— — — — (578)
blank,
table_row,Reclassified to held for sale— — — (814)— (814)
blank,
table_row,"Balance, end of year$2,075 $4,735 $1,056 $4,149 $70 $12,085 "
blank,
table_row,"Years Ended December 31, 2022"
blank,
table_row,"Balance, beginning of year$2,428 $4,553 $1,078 $4,904 $38 $13,001 "
blank,
table_row,"Capitalization3,648 562 62 429 21 4,722 "
blank,
table_row,"Amortization expense(3,536)(519)(80)(415)(7)(4,557)"
blank,
table_row,"Other, including foreign exchange(230)1 — (79)(1)(309)"
blank,
table_row,"Balance, end of year$2,310 $4,597 $1,060 $4,839 $51 $12,857 "
blank,
table_row,"Years Ended December 31, 2021"
blank,
table_row,"Balance, beginning of year$2,489 $4,421 $1,094 $4,918 $33 $12,955 "
blank,
table_row,"Capitalization3,658 579 62 420 10 4,729 "
blank,
table_row,"Amortization expense(3,566)(447)(78)(427)(6)(4,524)"
blank,
table_row,"Other, including foreign exchange(153)— — (7)1 (159)"
blank,
table_row,"Balance, end of year$2,428 $4,553 $1,078 $4,904 $38 $13,001 "
blank,
narrative,*Includes amounts related to the sale of Validus Re through the date of disposition.  
blank,
footer,AIG | 2023 Form 10-K
blank,
footer,187
blank,
blank,
footer,ITEM 8 | Notes to Consolidated Financial Statements | 9. Deferred Policy Acquisition Costs
blank,
narrative,DEFERRED SALES INDUCEMENTS
blank,
narrative,"We offer DSI which include enhanced crediting rates or bonus payments to contract holders (bonus interest) on certain annuity and investment contract products. To qualify for such accounting treatment as an asset, the bonus interest must be explicitly identified in the contract at inception. We must also demonstrate that such amounts are incremental to amounts we credit on similar contracts without bonus interest and are higher than the contracts’ expected ongoing crediting rates for periods after the bonus period. DSI is reported in Other assets, while amortization related to DSI is recorded in Interest credited to policyholder account balances."
blank,
narrative,"DSI amounts are deferred and amortized on a constant level basis over the life of the contract consistent with DAC. Changes in future assumptions (e.g., expected duration of contracts) are applied by adjusting the amortization rate prospectively rather than through a retrospective catch up adjustment. The Company has elected to implicitly account for actual experience, whether favorable or unfavorable, in its amortization expense each period, consistent with DAC.  "
blank,
narrative,The following table presents the transition rollforward for DSI*:
blank,
table_row,(in millions)Individual RetirementGroup RetirementTotal
blank,
table_row,"Pre-adoption December 31, 2020 DSI balance$190 $91 $281 "
blank,
table_row,Adjustments for the removal of related balances in Accumulated other comprehensive income (loss) originating from unrealized gains (losses)284 114 398 
blank,
table_row,"Post-adoption January 1, 2021 DSI balance$474 $205 $679 "
blank,
narrative,"*Other assets, excluding DSI, totaled $12.8 billion. "
blank,
narrative,"Prior to the adoption of LDTI, deferred sales inducements for investment-oriented products included the effect of unrealized gains or losses on fixed maturity securities classified as available-for-sale. At the Transition Date, these adjustments were removed with a corresponding offset in AOCI. As the available for sale portfolio was in an unrealized gain position as of the Transition Date, the adjustment for removal of related balances in AOCI originating from unrealized gains (losses) balances reduced DSI. "
blank,
narrative,The following table presents a rollforward of DSI: 
blank,
table_row,"Years Ended December 31,202320222021"
blank,
table_row,(in millions)IndividualRetirementGroupRetirementTotalIndividualRetirementGroupRetirementTotalIndividualRetirementGroupRetirementTotal
blank,
table_row,"Balance, beginning of year$381 $177 $558 $428 $191 $619 $474 $205 $679 "
blank,
table_row,Capitalization7 1 8 9 — 9 10 — 10 
blank,
table_row,Amortization expense(55)(14)(69)(56)(14)(70)(56)(14)(70)
blank,
table_row,"Balance, end of year*$333 $164 $497 $381 $177 $558 $428 $191 $619 "
blank,
narrative,"*At December 31, 2023, 2022 and 2021, Other assets, excluding DSI, totaled $12.6 billion, $11.8 billion and $14.0 billion, respectively."
blank,
narrative,10. Variable Interest Entities
blank,
narrative,"A variable interest entity (VIE) is a legal entity that does not have sufficient equity at risk to finance its activities without additional subordinated financial support or is structured such that equity investors lack the ability to make significant decisions relating to the entity’s operations through voting rights or do not substantively participate in the gains and losses of the entity. Consolidation of a VIE by its primary beneficiary is not based on majority voting interest, but is based on other criteria discussed below."
blank,
narrative,"We enter into various arrangements with VIEs in the normal course of business and consolidate the VIEs when we determine we are the primary beneficiary. This analysis includes a review of the VIE’s capital structure, related contractual relationships and terms, nature of the VIE’s operations and purpose, nature of the VIE’s interests issued and our involvement with the entity. When assessing the need to consolidate a VIE, we evaluate the design of the VIE as well as the related risks to which the entity was designed to expose the variable interest holders."
blank,
narrative,"The primary beneficiary is the entity that has both (i) the power to direct the activities of the VIE that most significantly affect the entity’s economic performance and (ii) the obligation to absorb losses or the right to receive benefits that could be potentially significant to the VIE. While also considering these factors, the consolidation conclusion depends on the breadth of our decision-making ability and our ability to influence activities that significantly affect the economic performance of the VIE."
blank,
footer,188
blank,
footer,AIG | 2023 Form 10-K
blank,
blank,
footer,ITEM 8 | Notes to Consolidated Financial Statements | 10. Variable Interest Entities
blank,
narrative,BALANCE SHEET CLASSIFICATION AND EXPOSURE TO LOSS
blank,
narrative,"Creditors or beneficial interest holders of VIEs for which AIG is the primary beneficiary generally have recourse only to the assets and cash flows of the VIEs and do not have recourse to AIG, except in limited circumstances when AIG has provided a guarantee to the VIE’s interest holders. The following table presents the total assets and total liabilities associated with our variable interests in consolidated VIEs, as classified in the Consolidated Balance Sheets:"
blank,
table_row,(in millions)Real Estate and
blank,
table_row,Investment Entities(d)
blank,
table_row,Securitization
blank,
table_row,Vehicles(e)
blank,
table_row,Total
blank,
table_row,"December 31, 2023"
blank,
table_row,Assets:
blank,
table_row,Bonds available for sale$36 $148 $184 
blank,
table_row,Other bond securities45 — 45 
blank,
table_row,Equity securities8 — 8 
blank,
table_row,Mortgage and other loans receivable
blank,
table_row,"— 2,063 2,063 "
blank,
table_row,Other invested assets
blank,
table_row,Alternative investments(a)
blank,
table_row,"2,695 — 2,695 "
blank,
table_row,"Investment real estate1,488 — 1,488 "
blank,
table_row,Short-term investments125 10 135 
blank,
table_row,Cash61 — 61 
blank,
table_row,Accrued investment income2 7 9 
blank,
table_row,Other assets
blank,
table_row,94 2 96 
blank,
table_row,Total(b)
blank,
table_row,"$4,554 $2,230 $6,784 "
blank,
table_row,Liabilities:
blank,
table_row,"Debt of consolidated investment entities$1,094 $1,106 $2,200 "
blank,
table_row,Other(c)
blank,
table_row,82 1 83 
blank,
table_row,"Total$1,176 $1,107 $2,283 "
blank,
table_row,(in millions)Real Estate and
blank,
table_row,Investment Entities(d)
blank,
table_row,Securitization
blank,
table_row,Vehicles(e)
blank,
table_row,Total
blank,
table_row,"December 31, 2022"
blank,
table_row,Assets:
blank,
table_row,"Bonds available for sale$— $3,672 $3,672 "
blank,
table_row,Equity securities51 — 51 
blank,
table_row,"Mortgage and other loans receivable— 2,221 2,221 "
blank,
table_row,Other invested assets
blank,
table_row,Alternative investments(a)
blank,
table_row,"2,842 — 2,842 "
blank,
table_row,"Investment real estate1,731 — 1,731 "
blank,
table_row,Short-term investments191 281 472 
blank,
table_row,Cash71 — 71 
blank,
table_row,Accrued investment income— 9 9 
blank,
table_row,Other assets102 70 172 
blank,
table_row,Total(b)
blank,
table_row,"$4,988 $6,253 $11,241 "
blank,
table_row,Liabilities:
blank,
table_row,"Debt of consolidated investment entities$1,358 $4,336 $5,694 "
blank,
table_row,Other(c)
blank,
table_row,85 47 132 
blank,
table_row,"Total$1,443 $4,383 $5,826 "
blank,
narrative,"(a)Comprised primarily of investments in real estate joint ventures at December 31, 2023 and 2022."
blank,
narrative,(b)The assets of each VIE can be used only to settle specific obligations of that VIE.
blank,
table_row,"(c)Comprised primarily of Other liabilities at December 31, 2023 and 2022."
blank,
narrative,"(d)At December 31, 2023 and 2022, off-balance sheet exposure primarily consisting of our insurance companies’ commitments to real estate and investment entities were $1.9 billion and $2.1 billion, respectively, of which commitments to external parties were $0.4 billion and $0.6 billion, respectively."
blank,
narrative,"(e)During the year ended December 31, 2023, as part of the sale of AIG Credit Management, LLC, certain consolidated investment entities were deconsolidated. The impact of the deconsolidation was a decrease of $3.6 billion in assets and $3.1 billion in liabilities, resulting in a pre-tax loss of $14 million.  "
blank,
narrative,"We calculate our maximum exposure to loss to be (i) the amount invested in the debt or equity of the VIE, (ii) the notional amount of VIE assets or liabilities where we have also provided credit protection to the VIE with the VIE as the referenced obligation, and (iii) other commitments and guarantees to the VIE."
blank,
footer,AIG | 2023 Form 10-K
blank,
footer,189
blank,
blank,
footer,ITEM 8 | Notes to Consolidated Financial Statements | 10. Variable Interest Entities
blank,
narrative,"The following table presents total assets of unconsolidated VIEs in which we hold a variable interest, as well as our maximum exposure to loss associated with these VIEs:"
blank,
table_row,Maximum Exposure to Loss
blank,
table_row,(in millions)Total VIEAssetsOn-BalanceSheet(c)
blank,
table_row,Off-BalanceSheetTotal
blank,
table_row,"December 31, 2023"
blank,
table_row,Real estate and investment entities(a)
blank,
table_row,"$528,053 $9,125 $3,720 (d)"
blank,
table_row,"$12,845 "
blank,
table_row,Other(b)
blank,
table_row,"1,027 58 748 (e)"
blank,
table_row,806
blank,
table_row,"Total$529,080 $9,183 $4,468 $13,651 "
blank,
table_row,"December 31, 2022"
blank,
table_row,Real estate and investment entities(a)
blank,
table_row,"$504,219 $9,145 $3,938 (d)"
blank,
table_row,"$13,083 "
blank,
table_row,Other(b)
blank,
table_row,"1,302 247 747 (e)"
blank,
table_row,994
blank,
table_row,"Total$505,521 $9,392 $4,685 $14,077 "
blank,
narrative,(a)Comprised primarily of hedge funds and private equity funds.
blank,
narrative,"(b)At December 31, 2023 and 2022, excludes approximately $1,971 million and $2,057 million, respectively, of VIE assets related to AIGFP and its consolidated subsidiaries, with maximum off-balance sheet exposure to loss of $1,941 million and $2,033 million, respectively. For additional information, see Note 1."
blank,
table_row,"(c)At December 31, 2023 and 2022, $9.1 billion and $9.3 billion, respectively, of our total unconsolidated VIE assets were recorded as Other invested assets."
blank,
narrative,(d)These amounts represent our unfunded commitments to invest in private equity funds and hedge funds.
blank,
narrative,(e)These amounts represent our estimate of the maximum exposure to loss under certain insurance policies issued to VIEs if a hypothetical loss occurred to the extent of the full amount of the insured value. Our insurance policies cover defined risks and our estimate of liability is included in our insurance reserves on the balance sheet.
blank,
narrative,REAL ESTATE AND INVESTMENT ENTITIES
blank,
narrative,"Through our insurance operations and AIG Global Real Estate Investment Corp., we are an investor in various real estate investment entities, some of which are VIEs. These investments are typically with unaffiliated third-party developers via a partnership or limited liability company structure. The VIEs’ activities consist of the development or redevelopment of commercial, industrial and residential real estate. Our involvement varies from being a passive equity investor or finance provider to actively managing the activities of the VIEs."
blank,
narrative,"Our insurance operations participate as passive investors in the equity issued by certain third-party-managed hedge and private equity funds that are VIEs. Our insurance operations typically are not involved in the design or establishment of these VIEs, nor do they actively participate in the management of the VIEs."
blank,
narrative,SECURITIZATION AND REPACKAGING VEHICLES
blank,
narrative,"We created certain VIEs that hold investments, primarily in investment-grade debt securities and loans, and issued beneficial interests in these investments. Some of these VIEs were created to facilitate our purchase of asset-backed securities. In these situations, all of the beneficial interests are owned by our insurance operations and are consolidated by AIG. In other instances, we have created VIEs that are securitizations of residential mortgage loans or other forms of collateralized loan obligations or repackage loan and other assets into pass-through securities. Our insurance subsidiaries own some of the beneficial interests of these VIEs, and we maintain the power to direct the activities of the VIEs that most significantly impact their economic performance. Accordingly, we consolidate these entities and those beneficial interests issued to third parties are reported as debt of consolidated investment entities. This debt is non-recourse to AIG."
blank,
narrative,"RMBS, CMBS, OTHER ABS AND CLOS"
blank,
narrative,"Primarily through our insurance operations, we are a passive investor in RMBS, CMBS, other ABS and CLOs, the majority of which are issued by domestic special purpose entities. We generally do not sponsor or transfer assets to, or act as the servicer to these asset-backed structures, and were not involved in the design of these entities."
blank,
narrative,"Our maximum exposure in these types of structures is limited to our investment in securities issued by these entities and, where applicable, any unfunded commitments to these entities. Conditional unfunded commitments for these unconsolidated entities are $435 million at December 31, 2023. Based on the nature of our investments and our passive involvement in these types of structures, we have determined that we are not the primary beneficiary of these entities. We have not included these entities in the above tables; however, the fair values of our investments in these structures are reported in Notes 5 and 6."
blank,
narrative,"Additionally from time to time, AIG participates in the design of certain VIEs which we do not consolidate. The notes issued by these VIEs are recognized at fair value and included in available for sale securities in our financial statements. As of December 31, 2023, the total VIE assets from these securitizations are $3 billion, of which AIG’s maximum exposure to loss is $2.4 billion."
blank,
footer,190
blank,
footer,AIG | 2023 Form 10-K
blank,
blank,
footer,ITEM 8 | Notes to Consolidated Financial Statements | 11. Derivatives and Hedge Accounting
blank,
narrative,11. Derivatives and Hedge Accounting
blank,
narrative,"We use derivatives and other financial instruments as part of our financial risk management programs and as part of our investment operations. Interest rate derivatives (such as interest rate swaps) are used to manage interest rate risk associated with embedded derivatives contained in insurance contract liabilities, fixed maturity securities, outstanding medium- and long-term notes as well as other interest rate sensitive assets and liabilities. Foreign exchange derivatives (principally foreign exchange forwards and swaps) are used to economically mitigate risk associated with non-U.S. dollar denominated debt, net capital exposures, foreign currency transactions, and foreign denominated investments. Equity derivatives are used to economically mitigate financial risk associated with embedded derivatives and MRBs in certain insurance liabilities. We use credit derivatives to manage our credit exposures. Commodity derivatives are used to hedge exposures within reinsurance contracts. The derivatives are effective economic hedges of the exposures that they are meant to offset. In addition to hedging activities, we also enter into derivative contracts with respect to investment operations, which may include, among other things, CDSs, total return swaps and purchases of investments with embedded derivatives, such as equity-linked notes and convertible bonds."
blank,
narrative,"Interest rate, currency, equity and commodity swaps, credit contracts, swaptions, options and forward transactions are accounted for as derivatives, recorded on a trade-date basis and carried at fair value. Unrealized gains and losses are reflected in income, when appropriate. Aggregate asset or liability positions are netted on the Consolidated Balance Sheets only to the extent permitted by qualifying master netting arrangements in place with each respective counterparty. Cash collateral posted with counterparties in conjunction with transactions supported by qualifying master netting arrangements is reported as a reduction of the corresponding net derivative liability, while cash collateral received in conjunction with transactions supported by qualifying master netting arrangements is reported as a reduction of the corresponding net derivative asset."
blank,
narrative,"Derivatives, with the exception of embedded derivatives, are reported at fair value in the Consolidated Balance Sheets in Other assets and Other liabilities. Embedded derivatives are generally presented with the host contract in the Consolidated Balance Sheets. A bifurcated embedded derivative is measured at fair value and accounted for in the same manner as a free standing derivative contract. The corresponding host contract is accounted for according to the accounting guidance applicable for that instrument. "
blank,
narrative,"For additional information on embedded derivatives, see Notes 5, 13 and 14."
blank,
narrative,The following table presents the notional amounts of our derivatives and the fair value of derivative assets and liabilities in the Consolidated Balance Sheets:
blank,
table_row,"December 31, 2023December 31, 2022"
blank,
table_row,Gross Derivative AssetsGross Derivative LiabilitiesGross Derivative AssetsGross Derivative Liabilities
blank,
table_row,(in millions)NotionalAmountFairValueNotionalAmountFairValueNotionalAmountFairValueNotionalAmountFairValue
blank,
table_row,Derivatives designated as hedging instruments:(a)
blank,
table_row,"Interest rate contracts$1,863 $230 $752 $17 $251 $355 $1,688 $66 "
blank,
table_row,"Foreign exchange contracts3,847 416 6,402 336 4,543 642 4,899 317 "
blank,
table_row,Derivatives not designated as hedging instruments:(a)
blank,
table_row,"Interest rate contracts42,549 3,056 42,466 3,614 39,833 3,367 34,128 4,772 "
blank,
table_row,"Foreign exchange contracts8,803 820 9,900 558 8,626 1,202 10,397 821 "
blank,
table_row,"Equity contracts81,110 2,019 9,595 745 31,264 428 4,740 26 "
blank,
table_row,Commodity contracts— — — — 212 9 20 — 
blank,
table_row,Credit contracts(b)
blank,
table_row,"2,109 41 509 37 1,808 32 933 41 "
blank,
table_row,Other contracts(c)
blank,
table_row,"44,640 13 48 2 47,184 14 — — "
blank,
table_row,"Total derivatives, gross$184,921 $6,595 $69,672 $5,309 $133,721 $6,049 $56,805 $6,043 "
blank,
table_row,Counterparty netting(d)
blank,
table_row,"(3,864)(3,864)(3,895)(3,895)"
blank,
table_row,Cash collateral(e)
blank,
table_row,"(2,220)(1,050)(1,640)(1,917)"
blank,
table_row,Total derivatives on Consolidated Balance Sheets(f)
blank,
table_row,$511 $395 $514 $231 
blank,
narrative,(a)Fair value amounts are shown before the effects of counterparty netting adjustments and offsetting cash collateral.
blank,
narrative,"(b)As of December 31, 2023 and 2022, included CDSs on super senior multi-sector CLO with a net notional amount of $50 million and $79 million (fair value liability of $32 million and $32 million, respectively). The net notional amount represents the maximum exposure to loss on the portfolio."
blank,
narrative,(c)Consists primarily of stable value wraps and contracts with multiple underlying exposures.
blank,
narrative,(d)Represents netting of derivative exposures covered by a qualifying master netting agreement.
blank,
footer,AIG | 2023 Form 10-K
blank,
footer,191
blank,
blank,
footer,ITEM 8 | Notes to Consolidated Financial Statements | 11. Derivatives and Hedge Accounting
blank,
narrative,(e)Represents cash collateral posted and received that is eligible for netting.
blank,
narrative,"(f)Freestanding derivatives only, excludes embedded derivatives. Derivative instrument assets and liabilities are recorded in Other assets and Other liabilities, respectively. Fair value of assets related to bifurcated embedded derivatives was $1.2 billion at December 31, 2023 and $2.2 billion at December 31, 2022. Fair value of liabilities related to bifurcated embedded derivatives was $8.0 billion and $5.4 billion, respectively, at December 31, 2023 and 2022. A bifurcated embedded derivative is generally presented with the host contract in the Consolidated Balance Sheets. Embedded derivatives are primarily related to guarantee features in fixed index annuities and index universal life products, which include equity and interest rate components, and the funds withheld arrangement with Fortitude Re. For additional information, see Note 8."
blank,
narrative,COLLATERAL
blank,
narrative,"We engage in derivative transactions that are not subject to a clearing requirement directly with unaffiliated third parties, in most cases, under International Swaps and Derivatives Association, Inc. (ISDA) Master Agreements. Many of the ISDA Master Agreements also include Credit Support Annex provisions, which provide for collateral postings that may vary at various ratings and threshold levels. We attempt to reduce our risk with certain counterparties by entering into agreements that enable collateral to be obtained from a counterparty on an upfront or contingent basis. We minimize the risk that counterparties might be unable to fulfill their contractual obligations by monitoring counterparty credit exposure and collateral value and generally requiring additional collateral to be posted upon the occurrence of certain events or circumstances. In addition, certain derivative transactions have provisions that require collateral to be posted by us upon a downgrade of our long-term debt ratings or give the counterparty the right to terminate the transaction. In the case of some of the derivative transactions, upon a downgrade of our long-term debt ratings, as an alternative to posting collateral and subject to certain conditions, we may assign the transaction to an obligor with higher debt ratings or arrange for a substitute guarantee of our obligations by an obligor with higher debt ratings or take other similar action. The actual amount of collateral required to be posted to counterparties in the event of such downgrades, or the aggregate amount of payments that we could be required to make, depends on market conditions, the fair value of outstanding affected transactions and other factors prevailing at and after the time of the downgrade."
blank,
narrative,"Collateral posted by us to third parties for derivative transactions was $1.9 billion and $2.9 billion at December 31, 2023 and 2022, respectively. In the case of collateral posted under derivative transactions that are not subject to clearing, this collateral can generally be repledged or resold by the counterparties. Collateral provided to us from third parties for derivative transactions was $2.8 billion and $2.0 billion at December 31, 2023 and 2022, respectively. In the case of collateral provided to us under derivative transactions that are not subject to clearing, we generally can repledge or resell collateral."
blank,
narrative,OFFSETTING
blank,
narrative,"We have elected to present all derivative receivables and derivative payables, and the related cash collateral received and paid, on a net basis on our Consolidated Balance Sheets when a legally enforceable ISDA Master Agreement exists between us and our derivative counterparty. An ISDA Master Agreement is an agreement governing multiple derivative transactions between two counterparties. The ISDA Master Agreement generally provides for the net settlement of all, or a specified group, of these derivative transactions, as well as transferred collateral, through a single payment, and in a single currency, as applicable. The net settlement provisions apply in the event of a default on, or affecting any, one derivative transaction or a termination event affecting all, or a specified group of, derivative transactions governed by the ISDA Master Agreement."
blank,
narrative,HEDGE ACCOUNTING
blank,
narrative,We designated certain derivatives entered into with third parties as fair value hedges of available for sale investment securities held by our insurance subsidiaries. The fair value hedges include foreign currency forwards and cross currency swaps designated as hedges of the change in fair value of foreign currency denominated available for sale securities attributable to changes in foreign exchange rates. We also designated certain interest rate swaps entered into with third parties as fair value hedges of fixed rate GICs attributable to changes in benchmark interest rates.
blank,
narrative,"We use foreign currency denominated debt and cross-currency swaps as hedging instruments in net investment hedge relationships to mitigate the foreign exchange risk associated with our non-U.S. dollar functional currency foreign subsidiaries. For net investment hedge relationships where issued debt is used as a hedging instrument, we assess the hedge effectiveness and measure the amount of ineffectiveness based on changes in spot rates. For net investment hedge relationships that use derivatives as hedging instruments, we assess hedge effectiveness and measure hedge ineffectiveness using changes in forward rates. For the years ended December 31, 2023, 2022 and 2021, we recognized gains (losses) of $(44) million, $312 million and $201 million, respectively, included in Change in foreign currency translation adjustments in Other comprehensive income (loss) related to the net investment hedge relationships."
blank,
narrative,"A qualitative methodology is utilized to assess hedge effectiveness for net investment hedges, while regression analysis is employed for all other hedges."
blank,
footer,192
blank,
footer,AIG | 2023 Form 10-K
blank,
blank,
footer,ITEM 8 | Notes to Consolidated Financial Statements | 11. Derivatives and Hedge Accounting
blank,
narrative,The following table presents the gain (loss) recognized in income on our derivative instruments in fair value hedging relationships in the Consolidated Statements of Income (Loss):
blank,
table_row,Gains/(Losses) Recognized in Income for:
blank,
table_row,(in millions)Hedging
blank,
table_row,Derivatives(a)
blank,
table_row,Excluded
blank,
table_row,Components(b)
blank,
table_row,HedgedItemsNet Impact
blank,
table_row,"Year Ended December 31, 2023"
blank,
table_row,Interest rate contracts:
blank,
table_row,Interest credited to policyholder account balances$79 $— $(99)$(20)
blank,
table_row,Foreign exchange contracts:
blank,
table_row,Net realized gains/(losses)(422)(11)422 (11)
blank,
table_row,"Year Ended December 31, 2022"
blank,
table_row,Interest rate contracts:
blank,
table_row,Interest credited to policyholder account balances$(81)$— $83 $2 
blank,
table_row,Net investment income11 — (12)(1)
blank,
table_row,Foreign exchange contracts:
blank,
table_row,Net realized gains/(losses)382 244 (382)244 
blank,
table_row,"Year Ended December 31, 2021"
blank,
table_row,Interest rate contracts:
blank,
table_row,Interest credited to policyholder account balances$(19)$— $17 $(2)
blank,
table_row,Net investment income9 — (11)(2)
blank,
table_row,Foreign exchange contracts:
blank,
table_row,Net realized gains/(losses)210 139 (210)139 
blank,
narrative,(a)Gains and losses on derivative instruments designated and qualifying in fair value hedges that are included in the assessment of hedge effectiveness.
blank,
narrative,(b)Gains and losses on derivative instruments designated and qualifying in fair value hedges that are excluded from the assessment of hedge effectiveness and recognized in income on a mark-to-market basis.
blank,
narrative,DERIVATIVES NOT DESIGNATED AS HEDGING INSTRUMENTS
blank,
narrative,The following table presents the effect of derivative instruments not designated as hedging instruments in the Consolidated Statements of Income (Loss):
blank,
table_row,"Years Ended December 31,Gains (Losses) Recognized in Income"
blank,
table_row,(in millions)202320222021
blank,
table_row,By Derivative Type:
blank,
table_row,"Interest rate contracts$(404)$(2,190)$(573)"
blank,
table_row,"Foreign exchange contracts(384)1,149 278 "
blank,
table_row,Equity contracts(142)(497)(736)
blank,
table_row,Commodity contracts9 (13)(9)
blank,
table_row,Credit contracts(2)(4)(12)
blank,
table_row,Other contracts64 100 64 
blank,
table_row,"Embedded derivatives(3,485)8,566 (1,079)"
blank,
table_row,"Total$(4,344)$7,111 $(2,067)"
blank,
table_row,By Classification:
blank,
table_row,Policy fees$64 $63 $61 
blank,
table_row,Net investment income - excluding Fortitude Re funds withheld assets— 2 5 
blank,
table_row,Net investment income - Fortitude Re funds withheld assets(11)(10)— 
blank,
table_row,Net realized gains (losses) - excluding Fortitude Re funds withheld assets(a)
blank,
table_row,"(1,158)1,111 263 "
blank,
table_row,Net realized gains (losses) on Fortitude Re funds withheld assets(b)
blank,
table_row,"(2,112)7,347 (575)"
blank,
table_row,Policyholder benefits and claims incurred— (19)(4)
blank,
table_row,"Change in the fair value of market risk benefits, net(c)"
blank,
table_row,"(1,127)(1,383)(1,817)"
blank,
table_row,"Total$(4,344)$7,111 $(2,067)"
blank,
narrative,"(a)Includes $13 million gain related to the sale of Laya and AIG Life. For further details on these transactions, see Notes 1 and 4."
blank,
narrative,(b)Includes over-the-counter derivatives supporting the funds withheld arrangements with Fortitude Re and the embedded derivative contained within the funds withheld payable with Fortitude Re.
blank,
narrative,(c)This represents activity related to derivatives that economically hedged changes in the fair value of certain market risk benefits. 
blank,
footer,AIG | 2023 Form 10-K
blank,
footer,193
blank,
blank,
footer,ITEM 8 | Notes to Consolidated Financial Statements | 11. Derivatives and Hedge Accounting
blank,
narrative,CREDIT RISK-RELATED CONTINGENT FEATURES
blank,
narrative,"We estimate that at December 31, 2023, based on our outstanding financial derivative transactions, a downgrade of our long-term senior debt ratings to BBB or BBB– by Standard & Poor’s Financial Services LLC, a subsidiary of S&P Global Inc., and/or a downgrade to Baa2 or Baa3 by Moody’s Investors’ Service, Inc. would permit counterparties to make additional collateral calls and permit certain counterparties to elect early termination of contracts, resulting in corresponding collateral postings and termination payments in the total amount of up to approximately $6 million. The aggregate fair value of our derivatives that were in a net liability position and that contain such credit risk-related contingencies which can be triggered below our long-term senior debt ratings of BBB+ or Baa1 was approximately $32 million and $32 million at December 31, 2023 and 2022, respectively. The aggregate fair value of assets posted as collateral under these contracts at December 31, 2023 and 2022, was approximately $34 million and $34 million, respectively."
blank,
narrative,HYBRID SECURITIES WITH EMBEDDED CREDIT DERIVATIVES
blank,
narrative,"We invest in hybrid securities (such as credit-linked notes) with the intent of generating income and not specifically to acquire exposure to embedded derivative risk. As is the case with our other investments in RMBS, CMBS, CLO and ABS, our investments in these hybrid securities are exposed to losses only up to the amount of our initial investment in the hybrid security. Other than our initial investment in the hybrid securities, we have no further obligation to make payments on the embedded credit derivatives in the related hybrid securities. "
blank,
narrative,"We elect to account for our investments in these hybrid securities with embedded written credit derivatives at fair value, with changes in fair value recognized in Net investment income. Our investments in these hybrid securities are reported as Other bond securities in the Consolidated Balance Sheets. The fair value of these hybrid securities was under $1 million at both December 31, 2023 and 2022, respectively. These securities have par amounts of $42 million and $42 million at December 31, 2023 and 2022, respectively, and have remaining stated maturity dates that extend to 2052."
blank,
narrative,12. Goodwill and Other Intangible Assets
blank,
narrative,"Goodwill represents the future economic benefits arising from assets acquired in a business combination that are not individually identified and separately recognized. Goodwill is tested for impairment at the reporting unit level, which is defined as an operating segment or one level below, and the test is performed annually, or more frequently if circumstances indicate an impairment may have occurred. At December 31, 2023, goodwill is reported within our General Insurance business – North America and International operating segments, our Life and Retirement business – Life Insurance operating segment and our Other Operations segment. When a business is transferred from one reporting unit to another, goodwill from the original reporting unit is allocated among reporting units based on the fair value of business transferred, relative to business retained by a reporting unit."
blank,
narrative,"The impairment assessment involves an option to first assess qualitative factors to determine whether events or circumstances exist that lead to a determination that it is more likely than not that the fair value of a reporting unit is less than its carrying amount. If the qualitative assessment is not performed, or after assessing the totality of the events or circumstances, we determine it is more likely than not that the fair value of a reporting unit is less than its carrying amount, a quantitative assessment for potential impairment is performed."
blank,
narrative,"If the qualitative test is not performed or if the test indicates a potential impairment is present, we estimate the fair value of each reporting unit and compare the estimated fair value with the carrying amount of the reporting unit, including allocated goodwill. The estimate of a reporting unit’s fair value involves management judgment and is based on one or a combination of approaches including discounted expected future cash flows, market-based earnings multiples of the unit’s peer companies, external appraisals or, in the case of reporting units being considered for sale, third-party indications of fair value, if available. We consider one or more of these estimates when determining the fair value of a reporting unit to be used in the impairment test."
blank,
narrative,"If the estimated fair value of a reporting unit exceeds its carrying amount, goodwill is not impaired. If the carrying value of a reporting unit exceeds its estimated fair value, goodwill associated with that reporting unit potentially is impaired. The amount of impairment, if any, is measured as the excess of a reporting unit’s carrying amount over its fair value not to exceed the total amount of goodwill allocated to that reporting unit and recognized in income."
blank,
footer,194
blank,
footer,AIG | 2023 Form 10-K
blank,
blank,
footer,ITEM 8 | Notes to Consolidated Financial Statements | 12. Goodwill and Other Intangible Assets
blank,
narrative,The following table presents the changes in goodwill by operating segment:
blank,
table_row,General Insurance
blank,
table_row,(in millions)NorthAmericaInternationalLifeInsuranceOtherOperationsTotal
blank,
table_row,"Balance at January 1, 2022:"
blank,
table_row,"Goodwill - gross$3,791 $3,443 $239 $60 $7,533 "
blank,
table_row,"Accumulated impairments(1,145)(2,255)(67)(10)(3,477)"
blank,
table_row,"Net goodwill2,646 1,188 172 50 4,056 "
blank,
table_row,Increase (decrease) due to:
blank,
table_row,Other— (92)(16)(21)(129)
blank,
table_row,"Balance at December 31, 2022:"
blank,
table_row,"Goodwill - gross3,791 3,351 223 39 7,404 "
blank,
table_row,"Accumulated impairments(1,145)(2,255)(67)(10)(3,477)"
blank,
table_row,"Net goodwill2,646 1,096 156 29 3,927 "
blank,
table_row,Increase (decrease) due to:
blank,
table_row,Dispositions*(369)— (30)(9)(408)
blank,
table_row,Reclassified to held for sale— — (23)— (23)
blank,
table_row,Other— 42 — 1 43 
blank,
table_row,"Balance at December 31, 2023:"
blank,
table_row,"Goodwill - gross3,422 3,393 170 31 7,016 "
blank,
table_row,"Accumulated impairments(1,145)(2,255)(67)(10)(3,477)"
blank,
table_row,"Net goodwill$2,277 $1,138 $103 $21 $3,539 "
blank,
narrative,*Primarily represents amounts related to the sale of Validus Re through the date of disposition.  
blank,
narrative,"Indefinite lived intangible assets are not subject to amortization. Indefinite lived intangible assets primarily include Lloyd’s syndicate capacity and brand names. Finite lived intangible assets are amortized over their useful lives. Finite lived intangible assets primarily include distribution networks and are recorded net of accumulated amortization. The Company tests indefinite lived intangible assets for impairment on an annual basis or whenever events or circumstances suggest that the carrying value of an intangible asset may exceed the sum of the undiscounted cash flows expected to result from its use and eventual disposition. If this condition exists and the carrying value of an intangible asset exceeds its fair value, the excess is recognized as an impairment and is recorded as a charge against net income (loss)."
blank,
narrative,"The Other intangible assets and Value of distribution network acquired (VODA) were $394 million and $704 million at December 31, 2023 and 2022, respectively. "
blank,
narrative,13. Insurance Liabilities
blank,
narrative,LIABILITY FOR UNPAID LOSSES AND LOSS ADJUSTMENT EXPENSES (LOSS RESERVES)
blank,
narrative,"Loss reserves represent the accumulation of estimates of unpaid claims, including estimates for claims incurred but not reported and loss adjustment expenses, less applicable discount. We regularly review and update the methods used to determine loss reserve estimates. Any adjustments resulting from this review are reflected currently in pre-tax income, except to the extent such adjustment impacts a deferred gain under a retroactive reinsurance agreement, in which case the ceded portion would be amortized into pre-tax income in subsequent periods. Because these estimates are subject to the outcome of future events, changes in estimates are common given that loss trends vary and time is often required for changes in trends to be recognized and confirmed. Reserve changes that increase previous estimates of ultimate cost are referred to as unfavorable or adverse development or reserve strengthening. Reserve changes that decrease previous estimates of ultimate cost are referred to as favorable development or reserve releases."
blank,
narrative,"Our gross loss reserves before reinsurance and discount are net of contractual deductible recoverable amounts due from policyholders of approximately $12.1 billion at both December 31, 2023 and 2022, respectively. These recoverable amounts are related to certain policies with high deductibles (in excess of high dollar amounts retained by the insured through self-insured retentions, deductibles, retrospective programs, or captive arrangements, each referred to generically as “deductibles”), primarily for U.S. Commercial casualty business. With respect to the deductible portion of the claim, we manage and pay the entire claim on behalf of the insured and are reimbursed by the insured for the deductible portion of the claim. Thus, these recoverable amounts represent a credit exposure to us. At December 31, 2023 and 2022 we held collateral of approximately $8.7 billion and $8.6 billion, respectively, for these deductible recoverable amounts, consisting primarily of letters of credit and funded trust agreements. Allowance for credit losses for the unsecured portion of these recoverable amounts was $14 million at both December 31, 2023 and 2022."
blank,
footer,AIG | 2023 Form 10-K
blank,
footer,195
blank,
blank,
footer,ITEM 8 | Notes to Consolidated Financial Statements | 13. Insurance Liabilities
blank,
narrative,The following table presents the rollforward of activity in loss reserves:
blank,
table_row,"Years Ended December 31,"
blank,
table_row,(in millions)202320222021
blank,
table_row,"Liability for unpaid loss and loss adjustment expenses, beginning of year$75,167 $79,026 $77,720 "
blank,
table_row,"Reinsurance recoverable(32,102)(35,213)(34,431)"
blank,
table_row,"Net Liability for unpaid loss and loss adjustment expenses, beginning of year43,065 43,813 43,289 "
blank,
table_row,Losses and loss adjustment expenses incurred:
blank,
table_row,"Current year15,100 16,434 16,434 "
blank,
table_row,"Prior years, excluding discount and amortization of deferred gain(392)(530)(171)"
blank,
table_row,"Prior years, discount charge (benefit)307 (605)(131)"
blank,
table_row,"Prior years, amortization of deferred gain on retroactive reinsurance(a)"
blank,
table_row,(81)(252)(190)
blank,
table_row,"Total losses and loss adjustment expenses incurred14,934 15,047 15,942 "
blank,
table_row,Losses and loss adjustment expenses paid:
blank,
table_row,"Current year(3,836)(4,011)(3,868)"
blank,
table_row,"Prior years(11,868)(11,066)(11,503)"
blank,
table_row,"Total losses and loss adjustment expenses paid(15,704)(15,077)(15,371)"
blank,
table_row,Other changes:
blank,
table_row,"Foreign exchange effect606 (1,463)(593)"
blank,
table_row,Losses and loss adjustment expenses recognized within gain on divestitures569 — — 
blank,
table_row,Retroactive reinsurance adjustment (net of discount)(b)
blank,
table_row,158 745 546 
blank,
table_row,Dispositions(c)
blank,
table_row,"(3,505)— — "
blank,
table_row,"Reclassified to held for sale, net of reinsurance recoverables(19)— — "
blank,
table_row,"Total other changes(2,191)(718)(47)"
blank,
table_row,"Liability for unpaid loss and loss adjustment expenses, end of year:"
blank,
table_row,"Net liability for unpaid losses and loss adjustment expenses40,104 43,065 43,813 "
blank,
table_row,Reinsurance recoverable
blank,
table_row,"30,289 32,102 35,213 "
blank,
table_row,"Total$70,393 $75,167 $79,026 "
blank,
narrative,"(a)Includes $33 million, $63 million and $53 million for the retroactive reinsurance agreement with NICO covering U.S. asbestos exposures for the years ended December 31, 2023, 2022 and 2021, respectively."
blank,
narrative,"(b)Includes benefit (charge) from change in discount on retroactive reinsurance in the amount of $150 million, $(301) million and $(42) million for the years ended December 31, 2023, 2022 and 2021, respectively."
blank,
narrative,(c)Includes amounts related to the sale of Validus Re through the date of disposition.
blank,
narrative,"The following table presents the reconciliation of the net liability for unpaid losses and loss adjustment expenses in the following tables to Loss Reserves in the Consolidated Balance Sheets for the year ended December 31, 2023:"
blank,
table_row,(in millions)Net liability for unpaidlosses and loss adjustmentexpenses as presented in thedisaggregated tables belowReinsurance recoverable onunpaid losses and lossadjustment expenses included inthe disaggregated tables belowGross liabilityfor unpaidlosses and lossadjustment expenses
blank,
table_row,"U.S. Workers' Compensation (before discount)$3,888$5,203$9,091"
blank,
table_row,"U.S. Excess Casualty3,3213,2726,593"
blank,
table_row,"U.S. Other Casualty4,1123,6767,788"
blank,
table_row,"U.S. Financial Lines5,6721,6227,294"
blank,
table_row,"U.S. Property and Special Risks4,4031,4945,897"
blank,
table_row,"U.S. Personal Insurance7672,1632,930"
blank,
table_row,"UK/Europe Casualty and Financial lines7,4471,9519,398"
blank,
table_row,"UK/Europe Property and Special Risks2,9131,6654,578"
blank,
table_row,"UK/Europe and Japan Personal Insurance1,4836712,154"
blank,
table_row,"Total$34,006$21,717$55,723"
blank,
table_row,Reconciling Items
blank,
table_row,"Discount on workers' compensation lines(2,337)"
blank,
table_row,"Other product lines*14,739"
blank,
table_row,"Unallocated loss adjustment expenses2,268"
blank,
table_row,"Total Loss Reserves$70,393"
blank,
narrative,"*Reinsurance recoverable for other product lines of $8.7 billion resulted in a net liability for unpaid losses and loss adjustment expenses of $6.0 billion for the year ended December 31, 2023."
blank,
footer,196
blank,
footer,AIG | 2023 Form 10-K
blank,
blank,
footer,ITEM 8 | Notes to Consolidated Financial Statements | 13. Insurance Liabilities
blank,
narrative,Prior Year Development
blank,
narrative,"In the sections below, we provide details by coverage group regarding incurred losses, reserve balances and prior year development. The first table below shows prior year development by coverage group, the first two columns of which will again be presented in the coverage group sections that follow. After this table we describe historical drivers of prior year development as well as actuarial methods and relevant terminology. The following coverage group sections present the undiscounted incurred losses and allocated loss adjustment expenses by accident year on a net basis after reinsurance, with separate presentation of the adverse development cover where applicable, excluding related amortization of the deferred gain. Each section also contains a description of the business included in that section. Finally, we show a table of claims payout patterns by coverage."
blank,
narrative,"In 2017, we entered into adverse development reinsurance agreement (ADC) cessions with NICO under which we transferred to NICO 80 percent of the reserve risk on substantially all of our U.S. Commercial long-tail exposures for accident years 2015 and prior."
blank,
narrative,"The following table presents the reconciliation of net prior year development before the ADC cessions from the tables below to the net prior year development after ADC cessions and amortization of deferred gain for the year ended December 31, 2023:"
blank,
table_row,(in millions)Prior YearDevelopmentNet of ExternalReinsuranceBefore ADCCessionsPrior YearDevelopmentNet of ExternalReinsuranceAfter ADCCessions(a)
blank,
table_row,Re-Attributionof ADCRecovery(b)
blank,
table_row,Amortizationof DeferredGain atInceptionPrior YearDevelopmentAfterAmortizationandRe-attribution
blank,
table_row,U.S. Workers' Compensation$(267)$(114)$(24)$(52)$(190)
blank,
table_row,U.S. Excess Casualty(32)18 (27)(39)(48)
blank,
table_row,U.S. Other Casualty(133)(133)36 (37)(134)
blank,
table_row,U.S. Financial Lines94 50 13 (26)37 
blank,
table_row,U.S. Property and Special Risks(10)— 2 (9)(7)
blank,
table_row,U.S. Personal Insurance(64)(65)— (1)(66)
blank,
table_row,UK/Europe Casualty and Financial lines165 165 — — 165 
blank,
table_row,UK/Europe Property and Special Risks81 81 — — 81 
blank,
table_row,UK/Europe and Japan Personal Insurance(57)(57)— — (57)
blank,
table_row,Other Operations Run-Off(7)(7)— — (7)
blank,
table_row,Other product lines(162)(172)— — (172)
blank,
table_row,"Subtotal, adjusted pre-tax basis$(392)$(234)$— $(164)$(398)"
blank,
table_row,Remove impact of Retroactive Reinsurance
blank,
table_row,Amortization of deferred gain at inception164 
blank,
table_row,Prior year development ceded under the Asbestos LPT— 
blank,
table_row,Prior year development ceded under the ADC(158)
blank,
table_row,"Total, prior years, excluding discount and amortization of deferred gain$(392)"
blank,
narrative,"(a)Change in net ultimate loss and loss adjustment expenses excludes the portion of prior year development we have ceded under the Asbestos Loss Portfolio Transfer (LPT) and the ADC, both of which are provided by NICO and are considered retroactive reinsurance under U.S. GAAP."
blank,
narrative,(b)Reattribution of the ADC recovery takes place annually as we model the future payments on the subject reserves covered by the ADC to determine when the aggregate payments will exceed the attachment. ADC recoverables are then reallocated by line based on payments expected to be made after attachment point is exceeded.
blank,
narrative,"During 2023, we recognized favorable prior year loss reserve development of $392 million excluding discount and amortization of deferred gain. The development was primarily driven by:"
blank,
narrative,"•Favorable development on U.S. Workers’ Compensation of $267 million, net of external reinsurance but before ADC cessions due to a continuation of favorable loss cost trends in guaranteed cost and excess segments across most accident years;"
blank,
narrative,"•Favorable development on U.S. Excess Casualty of $32 million, net of external reinsurance but before ADC cessions, driven by favorable development on the Excess Construction Runoff Portfolio;"
blank,
narrative,"•Favorable development on U.S Other Casualty of $133 million, net of external reinsurance but before ADC cessions, largely driven by favorable experience in construction defect and construction wraps as well as guaranteed cost auto and general liability;"
blank,
narrative,"•Unfavorable development in U.S. Financial Lines of $94 million, net of external reinsurance but before ADC cessions, due to unfavorable development on High Attaching Excess D&O, M&A, Primary National D&O, Cyber data privacy claims, and Architects & Engineers, partially offset by favorable development on Primary Private Not for Profit D&O and Financial Institutions D&O;"
blank,
narrative,"•Favorable development on U.S Property and Special Risks of $10 million, net of external reinsurance but before ADC cessions, reflecting favorable development on prior year catastrophes in the 2017-2021 accident years, offset by adverse development on prior year catastrophes in the 2022 accident year;"
blank,
narrative,•Favorable development in U.S. Personal Insurance of $64 million driven by favorable development on prior year catastrophes across several events primarily in the 2017-2020 accident years;
blank,
footer,AIG | 2023 Form 10-K
blank,
footer,197
blank,
blank,
footer,ITEM 8 | Notes to Consolidated Financial Statements | 13. Insurance Liabilities
blank,
narrative,"•Unfavorable development in UK/Europe Casualty and Financial Lines of $165 million due to unfavorable development in auto liability in Europe and UK and in UK D&O and Commercial Professional Indemnity business, partially offset by favorable development in Financial Institutions Professional Indemnity and D&O in Europe and UK and Cyber and Commercial Professional Indemnity in Europe;"
blank,
narrative,•Unfavorable development on UK/Europe Property and Special Risks of $81 million driven by unfavorable development on prior year catastrophes;
blank,
narrative,•Favorable development on UK/Europe and Japan Personal Insurance of $57 million driven by favorable development in Japan personal auto and A&H business; and
blank,
narrative,"•Favorable development of $162 million in total on other product lines, net of external reinsurance but before ADC cessions, driven by favorable development in global specialty and financial lines in Canada and other International regions."
blank,
narrative,"During 2022, we recognized favorable prior year loss reserve development of $530 million excluding discount and amortization of deferred gain. The development was primarily driven by:"
blank,
narrative,"•Favorable development on U.S. Workers’ Compensation of $644 million, net of external reinsurance but before ADC cessions due to continued favorable frequency and severity trends across most accident years particularly for excess and guaranteed cost US Workers Compensation segments;"
blank,
narrative,"•Favorable development on U.S. Excess Casualty of $116 million, net of external reinsurance but before ADC cessions, driven by lead and mid-excess Retail Excess Casualty;"
blank,
narrative,"•Favorable development on U.S Other Casualty of $149 million, net of external reinsurance but before ADC cessions, largely driven by favorable experience in Commercial Auto, General Liability and Construction Wraps;"
blank,
narrative,"•Unfavorable development in U.S. Financial Lines of $939 million, net of external reinsurance but before ADC cessions, due to higher severity trends particularly in Excess & Primary D&O and Excess & Financial Institutions E&O. This was partially offset by favorable development in EPLI;"
blank,
narrative,•Favorable development  in U.S. Property and Special Risks of $81 million driven by more favorable crop experience than anticipated;
blank,
narrative,"•Unfavorable development in UK/Europe Casualty and Financial Lines of $82 million due to unfavorable experience in UK Financial Lines in M&A, Commercial PI and Commercial D&O as well as unfavorable Casualty experience due to large loss activity in the UK, European Excess Casualty, and French Auto experience;"
blank,
narrative,"•Favorable development on UK/Europe Property and Special Risks of $153 million driven by Global Specialty, primarily from accident years 2020 and 2021. This favorable experience was seen in each product line and in every region;"
blank,
narrative,•Favorable development on UK/Europe and Japan Personal Insurance of $111 million driven by Japan Auto and A&H business with additional favorable experience in UK and Europe; and
blank,
narrative,"•Favorable development of $264 million in total on other product lines, net of external reinsurance but before ADC cessions, driven by runoff construction business and favorable results from our Canadian business across most products."
blank,
narrative,"During 2021, we recognized favorable prior year loss reserve development of $171 million excluding discount and amortization of deferred gain. The development was primarily driven by:"
blank,
narrative,"•Favorable development on U.S. Workers’ Compensation of $617 million, net of external reinsurance but before ADC cessions due to continued favorable frequency and severity trends seen across the diagonals for many subsets of U.S. Workers Compensation especially for recent accident years;"
blank,
narrative,"•Favorable development in U.S. Personal Lines of $412 million, net of external reinsurance but before ADC cessions, mainly due to favorable development and subrogation recoveries from the 2017 and 2018 catastrophe years;"
blank,
narrative,•Favorable development on UK/Europe and Japan Personal Insurance of $173 million due to favorable loss trends in personal auto in Japan and Europe and accident and health in all three regions;
blank,
narrative,•Favorable development on UK/Europe Property and Special Risks of $118 million driven by favorable emergence across several Specialty classes;
blank,
narrative,"•Unfavorable development in U.S. Financial Lines of $649 million, net of external reinsurance but before ADC cessions, due to adverse experience in D&O, Cyber and EPLI. This includes adverse experience in Fiduciary from emergence of Excessive Fee claims and Cyber ransomware losses;"
blank,
narrative,•Unfavorable development on UK/Europe Casualty and Financial Lines of $210 million driven by recognition of large loss activity in Financial PI in the UK and Commercial D&O in Europe; and
blank,
narrative,•Unfavorable development in U.S. Property and Special Risks of $172 million  driven largely by the impact of reductions in reinsurance recoveries driven by changes in catastrophe loss estimates.
blank,
narrative,Our analyses and conclusions about prior year reserves also help inform our judgments about the current accident year loss and loss adjustment expense ratios we selected.
blank,
footer,198
blank,
footer,AIG | 2023 Form 10-K
blank,
blank,
footer,ITEM 8 | Notes to Consolidated Financial Statements | 13. Insurance Liabilities
blank,
narrative,Loss Development Information
blank,
narrative,"The following is information about incurred and paid loss developments as of December 31, 2023, net of reinsurance. The cumulative number of reported claims, the total of IBNR liabilities and expected development on reported loss included within the net incurred loss amounts are presented in the following section."
blank,
narrative,Reserving Methodology
blank,
narrative,"We use a combination of methods to project ultimate losses for both long-tail and short-tail exposures, which include:"
blank,
narrative,"•Paid Development method: The Paid Development method estimates ultimate losses by reviewing paid loss patterns and selecting paid ultimate loss development factors. These factors are then applied to paid losses by applying them to accident years, with further expected changes in paid loss. Since the method does not rely on case reserves, it is not directly influenced by changes in the adequacy of case reserves."
blank,
narrative,"•Incurred Development method: The Incurred Development method is similar to the Paid Development method, but it uses case incurred losses instead of paid losses. Since this method uses more data (case reserves in addition to paid losses) than the Paid Development method, the incurred development patterns may be less variable than paid development patterns."
blank,
narrative,"•Expected Loss Ratio method: The Expected Loss Ratio method multiplies premiums by an expected loss ratio to produce ultimate loss estimates for each accident year. This method may be useful if loss development patterns are inconsistent, losses emerge very slowly, or there is relatively little loss history from which to estimate future losses. Expected loss ratio methods for business written in excess of a deductible may be given significant weight in the most recent five accident years. The expected loss ratios used for recent accident years are based on the projected ultimate loss ratios for older years adjusted for rate changes, loss trend including inflation, and where appropriate, changing market conditions."
blank,
narrative,•Bornhuetter-Ferguson method: The Bornhuetter-Ferguson method using premiums and paid losses is a combination of the Paid Development method and the Expected Loss Ratio method where the weight given to each method is the reciprocal of the loss development factor. This method normally determines expected loss ratios similar to the method used for the Expected Loss Ratio method. The Bornhuetter-Ferguson method using premiums and incurred losses is similar to the Bornhuetter-Ferguson method using premiums and paid losses except that it uses case-incurred losses.
blank,
narrative,•Cape Cod method: The Cape Cod method is mechanically similar to the Bornhuetter-Ferguson method with the difference being that the Expected Loss Ratio estimates are determined based on a weighting of the loss estimates that come from the Paid/Incurred Development Methods. This method may be more responsive to recent loss trends than the Bornhuetter-Ferguson method.
blank,
narrative,"•Average Loss method: The Average Loss method multiplies a projected number of ultimate claims by an estimated ultimate severity average loss for each accident year to produce ultimate loss estimates. Since projections of the ultimate number of claims are often less variable than projections of ultimate loss, this method can provide more reliable results for reserve categories where loss development patterns are inconsistent or too variable to be relied on exclusively."
blank,
narrative,"In updating our loss reserve estimates, we consider and evaluate inputs from many sources, including actual claims data, the performance of prior reserve estimates, observed industry trends, our internal peer review processes, including challenges and recommendations from our Enterprise Risk Management group, as well as the views of third-party actuarial firms. We use these inputs to improve our evaluation techniques, and to analyze and assess the change in estimated ultimate loss for each accident year by product line. Our analyses produce a range of indications from various methods, from which we select our best estimate."
blank,
narrative,"In determining the actual carried loss reserves, we consider both the internal actuarial best estimate and numerous other internal and external factors, including:"
blank,
narrative,"•an assessment of economic conditions, including real GDP growth, inflation, employment rates or unemployment duration, stock market volatility and changes in corporate bond spreads;"
blank,
narrative,"•changes in the legal, regulatory, judicial and social environment, including changes in road safety, public health and cleanup standards;"
blank,
narrative,"•changes in medical cost trends (inflation, intensity and utilization of medical services) and wage inflation trends;"
blank,
narrative,"•underlying policy pricing, terms and conditions including attachment points and policy limits;"
blank,
narrative,"•change in claims handling philosophy, operating model, processes, and related ongoing enhancements;"
blank,
narrative,"•third-party claims reviews that are periodically performed for key classes of claims such as toxic tort, environmental and other complex casualty claims;"
blank,
narrative,•third-party actuarial reviews that are periodically performed for key classes of business;
blank,
narrative,"•input from underwriters on pricing, terms, and conditions and market trends; and"
blank,
narrative,"•changes in our reinsurance program, pricing and commutations."
blank,
narrative,"Where appropriate and identifiable, adjustments have been made to standard projection techniques. Changes in Claims organization management, differing referral and review criteria and other factors may also be expected to alter loss emergence."
blank,
footer,AIG | 2023 Form 10-K
blank,
footer,199
blank,
blank,
footer,ITEM 8 | Notes to Consolidated Financial Statements | 13. Insurance Liabilities
blank,
narrative,The following factors are relevant to the loss development information included in the tables below:
blank,
narrative,"•Table organization: The tables are organized by accident year and include policies written on an occurrence and claims- made basis. We note that for certain categories of claims (e.g., construction defect claims and environmental claims) and for reinsurance recoverable, losses may sometimes be reclassified to an earlier or later accident year as more information about the date of occurrence becomes available to us. These reclassifications are shown as development in the respective years in the tables below. Financial Lines business is primarily written on a claims-made basis, while the majority of the workers’ compensation, excess casualty, other casualty, and run-off property and casualty lines of business are written on an occurrence basis. Primarily, all short-tail lines in Property and Special Risks and Personal Insurance are written on an occurrence basis."
blank,
narrative,•Groupings: We believe our groupings have homogenous risk characteristics with similar development patterns and would generally be subject to similar trends and reflect our reportable segments. The incurred losses and loss adjustment expenses and paid losses in the following tables for the current reporting year are allocated to the line of business and accident years based on how the business is coded by profit center and line of business.
blank,
narrative,"•Reinsurance: Our reinsurance program varies by exposure type. Historically we have leveraged facultative and treaty reinsurance, both on a pro-rata and excess of loss basis. Our reinsurance program may change from year to year, which may affect the comparability of the data presented in our tables."
blank,
narrative,"•Adverse development reinsurance agreement: We have provided the impact of the ADC in an additional table below our Incurred Losses and Allocated Loss Adjustment Expenses tables. The impact of the ADC is shown beginning in 2016 given the retroactive date of the contract and coincides with the effective date of the contract. For the lines of business covered by the agreement (U.S. Workers' Compensation, U.S. Excess Casualty, U.S. Other Casualty, U.S. Financial Lines, U.S. Property and Special Risks and U.S. Personal Insurance or collectively, the Covered Lines), an attribution of the loss recoveries to the line of business by calendar year and accident year is performed based on the underlying distribution of the losses subject to the agreement. Specifically, the future claim payments for all subject incurred losses were projected into future years based on the same actuarial assumptions underlying the related reserves. The additional table presented after discussion of prior year development by line of business reconciles the changes in net ultimates to our overall prior year development and provides the reattribution of loss recoveries for the Covered Lines. The reinsurance terms of the ADC were then used to identify the future claims payments for which 80% will be reimbursed by NICO. At each reporting period, the attribution of the ADC recoveries is performed. The factors that could cause the attribution to lines of business and accident year to change include changes in underlying actuarial assumptions as to timing and amount of future claim payments."
blank,
narrative,•Incurred but not reported liabilities (IBNR): We include development from past reported losses in IBNR.
blank,
narrative,•Data excluded from tables: Information with respect to accident years older than ten years is excluded from the development tables. Unallocated loss adjustment expenses are also excluded.
blank,
narrative,"•Foreign exchange: The loss development for operations outside of the U.S. is presented for all accident years using the current exchange rate at December 31, 2023. Although this approach requires restating all prior accident year information, the changes in exchange rates do not impact incurred and paid loss development trends."
blank,
narrative,"•Acquisitions: We include acquisitions from all accident years presented in the tables. For purposes of this disclosure, we have applied the retrospective method for the acquired reserves, including incurred and paid claim development histories throughout the relevant tables. It should be noted that historical reserves for the acquired businesses were established by the acquired companies using methods, assumptions and procedures then in effect which may differ from our current reserving bases. Accordingly, it may not be appropriate to extrapolate future redundancies or deficiencies based on the aggregated historical results shown in the triangles."
blank,
narrative,•Dispositions: We exclude dispositions from all accident years presented in the tables.
blank,
narrative,•Claim counts: We consider a reported claim to be one claim for each claimant or feature for each loss occurrence. Claims relating to losses that are 100 percent reinsured are excluded from the reported claims in the tables below. Reported claims for losses from assumed reinsurance contracts are not available and hence not included in the reported claims.
blank,
narrative,"There are limitations that should be considered on the reported claim count data in the tables below, including:"
blank,
narrative,–Claim counts are presented only on a reported (not an ultimate) basis;
blank,
narrative,"–The tables below include lines of business and geographies at a certain aggregated level which may indicate different frequency and severity trends and characteristics, and may not be as meaningful as the claim count information related to the individual products within those lines of business and geographies;"
blank,
narrative,"–Certain lines of business are more likely to be subject to occurrences involving multiple claimants and features, which can distort measures based on the reported claim counts in the table below; and"
blank,
narrative,"–Reported claim counts are not adjusted for ceded reinsurance, which may distort the measure of frequency or severity."
blank,
footer,200
blank,
footer,AIG | 2023 Form 10-K
blank,
blank,
footer,ITEM 8 | Notes to Consolidated Financial Statements | 13. Insurance Liabilities
blank,
narrative,"Supplemental Information: The information about incurred and paid loss development for all periods preceding the year ended December 31, 2023 and the related historical claims payout percentage disclosure is unaudited and is presented as supplementary information."
blank,
narrative,"The following tables present undiscounted, incurred and paid losses and allocated loss adjustment expenses by accident year, on a net basis after reinsurance, with a separate presentation of the ADC excluding the related amortization of the deferred gain:"
blank,
narrative,U.S. Workers' Compensation
blank,
narrative,"U.S. Workers’ Compensation is an extremely long-tail line of business, with loss emergence extending for decades. We generally use a combination of loss development, frequency/severity and expected loss ratio methods for workers’ compensation. "
blank,
narrative,"Many of our workers compensation policies contain risk-sharing features, including high deductibles, self-insured retentions or retrospective rating features, in addition to a traditional insurance component. These risk-sharing programs generally are large and complex, comprising multiple products, years and structures, and are subject to amendment over time. We group guaranteed cost and excess of deductible business separately and then further by state and industry subset to the extent that meaningful differences are determined to exist. We also separately analyze certain subsets of the portfolio that have unique characteristics (e.g., U.S. government sub-contractor accounts and construction wrap-up business). For excess of deductible business, we also segment by size of deductible and whether the claim is handled by AIG or an outside third-party administrator. The proportion of large deductible business has increased over time, which has slowed the reporting pattern of claims."
blank,
narrative,"Incurred Losses and Allocated Loss Adjustment Expenses, Undiscounted and Net of Reinsurance"
blank,
table_row,"Years Ended December 31, (in millions)"
blank,
table_row,"December 31, 2023"
blank,
table_row,AccidentYear20142015201620172018201920202021202220232023Prior YearDevelopmentExcludingthe Impactof ADCTotal of IBNRLiabilitiesPlus ExpectedDevelopmenton ReportedLossesCumulativeNumber ofReportedClaimsIncurredImpactof ADCIBNRImpactof ADC2023(Net ofImpactof ADC)Total ofIBNRLiabilitiesNet of Impactof ADC
blank,
table_row,Unaudited
blank,
table_row,"2014$1,729 $1,764 $1,866 $1,862 $1,794 $1,709 $1,679 $1,637 $1,614 $1,589 $(25)$172 41,529 $(349)$(143)$1,240 $29 "
blank,
table_row,"20151,708 1,864 1,866 1,814 1,722 1,675 1,634 1,612 1,592 (20)355 37,109 (438)(228)1,154 127 "
blank,
table_row,"20161,299 1,346 1,318 1,140 1,090 1,075 1,036 1,025 (11)224 31,868 — — 1,025 224 "
blank,
table_row,"2017789 850 776 763 731 712 705 (7)218 27,695 — — 705 218 "
blank,
table_row,"2018998 1,021 961 911 896 875 (21)385 22,222 — — 875 385 "
blank,
table_row,"2019887 873 812 801 788 (13)285 17,000 — — 788 285 "
blank,
table_row,"2020597 573 521 477 (44)106 13,839 — — 477 106 "
blank,
table_row,"2021597 570 545 (25)274 10,982 — — 545 274 "
blank,
table_row,"2022523 493 (30)296 9,339 — — 493 296 "
blank,
table_row,"2023500 397 7,359 — — 500 397 "
blank,
table_row,"Total$8,589 $(196)$(787)$7,802 "
blank,
table_row,"Cumulative Paid Losses and Allocated Loss Adjustment Expenses, Net of Reinsurance from the table below(4,727)— 118 (4,609)"
blank,
table_row,"Liabilities for losses and loss adjustment expenses and prior year development before accident year 2014, net of reinsurance4,327 (65)(3,632)695 "
blank,
table_row,Unallocated loss adjustment expense prior year development(6)
blank,
table_row,"Liabilities for losses and loss adjustment expenses and prior year loss development, net of reinsurance$8,189 $(267)$(4,301)$3,888 "
blank,
footer,AIG | 2023 Form 10-K
blank,
footer,201
blank,
blank,
footer,ITEM 8 | Notes to Consolidated Financial Statements | 13. Insurance Liabilities
blank,
narrative,"Incurred Losses and Loss Adjustment Expenses, Undiscounted, Net of Reinsurance (including impact of ADC)"
blank,
table_row,"Calendar Years Ended December 31, (in millions)"
blank,
table_row,AccidentYear20162017201820192020202120222023Prior YearDevelopment
blank,
table_row,Unaudited
blank,
table_row,"2014$1,311$1,310$1,309$1,329$1,223$1,171$1,243$1,240 $(3)"
blank,
table_row,"20151,2791,2791,3181,1341,1051,0411,0921,154 62 "
blank,
table_row,"20161,2991,3461,3181,1401,0901,0751,0361,025 (11)"
blank,
table_row,2017789850776763731712705 (7)
blank,
table_row,"20189981,021961911896875 (21)"
blank,
table_row,2019887873812801788 (13)
blank,
table_row,2020597573521477 (44)
blank,
table_row,2021597570545 (25)
blank,
table_row,2022523493 (30)
blank,
table_row,2023500
blank,
table_row,"Total$3,889 $4,724 $5,793 $6,287 $6,612 $6,911 $7,394 $7,802 $(92)"
blank,
table_row,"Cumulative Paid Losses and Allocated Loss Adjustment Expenses, Net of Reinsurance from the table below(4,609)"
blank,
table_row,"Liabilities for losses and allocated loss adjustment expenses and prior year development before 2014, net of reinsurance695 (48)"
blank,
table_row,Unallocated loss adjustment expense prior year adjustment26 
blank,
table_row,"Liabilities for losses and loss adjustment expenses and prior year loss development, net of reinsurance$3,888 $(114)"
blank,
table_row,The following table provides our attribution of our reinsurance recoverable for the ADC only (included in the table above):
blank,
table_row,"Calendar Years Ended December 31, (in millions)"
blank,
table_row,AccidentYear20162017201820192020202120222023Prior YearDevelopment
blank,
table_row,Unaudited
blank,
table_row,2014$(555)$(552)$(485)$(380)$(456)$(466)$(371)$(349)$22 
blank,
table_row,2015(585)(587)(496)(588)(570)(593)(520)(438)82 
blank,
table_row,2016— — — — — — — — — 
blank,
table_row,2017— — — — — — — — — 
blank,
table_row,2018— — — — — — — — — 
blank,
table_row,2019— — — — — — — — — 
blank,
table_row,2020— — — — — — — — — 
blank,
table_row,2021— — — — — — — — — 
blank,
table_row,2022— — — — — — — — — 
blank,
table_row,2023— — — — — — — — — 
blank,
table_row,"Total$(1,140)$(1,139)$(981)$(968)$(1,026)$(1,059)$(891)$(787)$104 "
blank,
narrative,"Cumulative Paid Losses and Allocated Loss Adjustment Expenses, Net of Reinsurance from the table below118 "
blank,
table_row,"Liabilities for losses and allocated loss adjustment expenses and prior year development before 2014, net of reinsurance(3,632)17 "
blank,
table_row,Unallocated loss adjustment expense prior year development32 
blank,
table_row,"Liabilities for losses and loss adjustment expenses and prior year loss development, net of reinsurance$(4,301)$153 "
blank,
table_row,"Cumulative Paid Losses and Allocated Loss Adjustment Expenses, Net of Reinsurance"
blank,
table_row,"Years Ended December 31, (in millions)"
blank,
table_row,Paid Impact
blank,
table_row,of ADC
blank,
table_row,Accident Year2014201520162017201820192020202120222023
blank,
table_row,Unaudited
blank,
table_row,"2014$231 $558 $786 $930 $1,030 $1,096 $1,137 $1,180 $1,207 $1,226 $(64)"
blank,
table_row,"2015234 524 725 854 925 979 1,013 1,038 1,058 (54)"
blank,
table_row,2016147 378 521 584 630 662 686 694 — 
blank,
table_row,201793 224 294 333 367 389 395 — 
blank,
table_row,201885 215 296 359 388 409 — 
blank,
table_row,201993 219 301 347 389 — 
blank,
table_row,202064 159 205 245 — 
blank,
table_row,202160 128 171 — 
blank,
table_row,202245 102 — 
blank,
table_row,202338 — 
blank,
table_row,"Total$4,727 $(118)"
blank,
footer,202
blank,
footer,AIG | 2023 Form 10-K
blank,
blank,
footer,ITEM 8 | Notes to Consolidated Financial Statements | 13. Insurance Liabilities
blank,
narrative,U.S. Excess Casualty
blank,
narrative,"U.S. Excess Casualty policies tend to attach at a high layer above underlying policies, which causes the loss development pattern to lag significantly. Many of the claims notified to the excess layers are closed without payment because the claims never reach our layer as a result of high deductibles and other underlying coverages, while the claims that reach our layer can have large case reserves or settlements and be highly variable in terms of reported timing and amount. For a portion of this business, the underlying primary policies are issued by other insurance companies, which can limit our access to relevant information to help inform our judgments as the loss events evolve and mature. Furthermore, this coverage is often significantly impacted by the underwriting cycle and external judicial trends."
blank,
narrative,Recent accident years reflect a strategy towards having higher attachment points on the portfolio through changing participations in various layers within an insured’s program.
blank,
narrative,"Incurred Losses and Allocated Loss Adjustment Expenses, Undiscounted and Net of Reinsurance"
blank,
narrative,"Years Ended December 31, (in millions)"
blank,
table_row,"December 31, 2023"
blank,
narrative,AccidentYear20142015201620172018201920202021202220232023Prior YearDevelopmentExcludingthe Impactof ADCTotal of IBNRLiabilitiesPlus ExpectedDevelopmenton ReportedLossesCumulativeNumber ofReportedClaimsIncurredImpactof ADCIBNRImpactof ADC2023(Net ofImpactof ADC)Total ofIBNRLiabilitiesNet of Impactof ADC
blank,
narrative,Unaudited
blank,
table_row,"2014$938 $1,069 $1,275 $1,260 $1,339 $1,283 $1,248 $1,269 $1,259 $1,245 $(14)$277 2,985 $(384)$(144)$861 $133 "
blank,
table_row,"2015989 1,463 1,440 1,603 1,656 1,694 1,721 1,686 1,658 (28)258 3,142 (462)(116)1,196 142 "
blank,
table_row,"2016898 1,146 1,162 1,171 1,274 1,250 1,263 1,276 13 314 2,813 — — 1,276 314 "
blank,
table_row,"2017856 1,002 1,097 1,153 1,157 1,200 1,182 (18)264 2,079 — — 1,182 264 "
blank,
table_row,"2018648 646 721 769 769 779 10 155 1,461 — — 779 155 "
blank,
table_row,"2019577 583 597 612 600 (12)301 1,347 — — 600 301 "
blank,
table_row,"2020406 413 410 420 10 238 1,284 — — 420 238 "
blank,
table_row,2021278 277 274 (3)100 855 — — 274 100 
blank,
table_row,2022305 305 — 189 490 — — 305 189 
blank,
table_row,2023345 326 303 — — 345 326 
blank,
table_row,"Total$8,084 $(42)$(846)$7,238 "
blank,
table_row,"Cumulative Paid Losses and Allocated Loss Adjustment Expenses, Net of Reinsurance from the table below(4,724)— 251 (4,473)"
blank,
table_row,"Liabilities for losses and loss adjustment expenses and prior year development before accident year 2014, net of reinsurance2,044 (75)(1,488)556 "
blank,
table_row,Unallocated loss adjustment expense prior year development85 
blank,
table_row,"Liabilities for losses and loss adjustment expenses and prior year loss development, net of reinsurance$5,404 $(32)$(2,083)$3,321 "
blank,
narrative,"Incurred Losses and Loss Adjustment Expenses, Undiscounted, Net of Reinsurance (including impact of ADC)"
blank,
table_row,"Calendar Years Ended December 31, (in millions)"
blank,
table_row,AccidentYear20162017201820192020202120222023Prior YearDevelopment
blank,
table_row,Unaudited
blank,
table_row,2014$902$905$915$844$912$949$869$861 $(8)
blank,
table_row,"20151,0271,0151,1391,1631,2111,2311,1741,196 22 "
blank,
table_row,"20168981,1461,1621,1711,2741,2501,2631,276 13 "
blank,
table_row,"20178561,0021,0971,1531,1571,2001,182 (18)"
blank,
table_row,2018648646721769769779 10 
blank,
table_row,2019577583597612600 (12)
blank,
table_row,2020406413410420 10 
blank,
table_row,2021278277274 (3)
blank,
table_row,2022305305 — 
blank,
table_row,2023345
blank,
table_row,"Total$2,827 $3,922 $4,866 $5,498 $6,260 $6,644 $6,879 $7,238 $14 "
blank,
table_row,"Cumulative Paid Losses and Allocated Loss Adjustment Expenses, Net of Reinsurance from the table below(4,473)"
blank,
table_row,"Liabilities for losses and allocated loss adjustment expenses and prior year development before 2014, net of reinsurance556 (111)"
blank,
table_row,Unallocated loss adjustment expense prior year adjustment115 
blank,
table_row,"Liabilities for losses and loss adjustment expenses and prior year loss development, net of reinsurance$3,321 $18 "
blank,
footer,AIG | 2023 Form 10-K
blank,
footer,203
blank,
blank,
footer,ITEM 8 | Notes to Consolidated Financial Statements | 13. Insurance Liabilities
blank,
narrative,The following table provides our attribution of our reinsurance recoverable for the ADC only (included in the table above):
blank,
table_row,"Calendar Years Ended December 31, (in millions)"
blank,
table_row,AccidentYear20162017201820192020202120222023Prior YearDevelopment
blank,
table_row,Unaudited
blank,
table_row,2014$(373)$(355)$(424)$(439)$(336)$(320)$(390)$(384)$6 
blank,
table_row,2015(436)(425)(464)(493)(483)(490)(512)(462)50 
blank,
table_row,2016— — — — — — — — — 
blank,
table_row,2017— — — — — — — — — 
blank,
table_row,2018— — — — — — — — — 
blank,
table_row,2019— — — — — — — — — 
blank,
table_row,2020— — — — — — — — — 
blank,
table_row,2021— — — — — — — — — 
blank,
table_row,2022— — — — — — — — — 
blank,
table_row,2023— — — — — — — — — 
blank,
table_row,Total$(809)$(780)$(888)$(932)$(819)$(810)$(902)$(846)$56 
blank,
table_row,"Cumulative Paid Losses and Allocated Loss Adjustment Expenses, Net of Reinsurance from the table below251 "
blank,
table_row,"Liabilities for losses and allocated loss adjustment expenses and prior year development before 2014, net of reinsurance(1,488)(36)"
blank,
table_row,Unallocated loss adjustment expense prior year development30 
blank,
table_row,"Liabilities for losses and loss adjustment expenses and prior year loss development, net of reinsurance$(2,083)$50 "
blank,
narrative,"Cumulative Paid Losses and Allocated Loss Adjustment Expenses, Net of Reinsurance"
blank,
table_row,"Years Ended December 31, (in millions)"
blank,
table_row,Paid Impact
blank,
table_row,of ADC
blank,
table_row,Accident Year2014201520162017201820192020202120222023
blank,
table_row,Unaudited
blank,
table_row,2014$3 $77 $240 $444 $590 $703 $815 $839 $878 $902 $(80)
blank,
table_row,"20159 210 391 718 935 1,061 1,124 1,253 1,291 (171)"
blank,
table_row,201628 80 204 388 502 566 670 798 — 
blank,
table_row,20171 45 156 505 585 676 781 — 
blank,
table_row,20181 125 227 315 414 494 — 
blank,
table_row,20197 43 79 157 216 — 
blank,
table_row,20204 15 33 128 — 
blank,
table_row,20214 43 62 — 
blank,
table_row,202214 51 — 
blank,
table_row,20231 — 
blank,
table_row,"Total$4,724 $(251)"
blank,
footer,204
blank,
footer,AIG | 2023 Form 10-K
blank,
blank,
footer,ITEM 8 | Notes to Consolidated Financial Statements | 13. Insurance Liabilities
blank,
narrative,U.S. Other Casualty
blank,
narrative,"U.S. Other Casualty includes general liability, automobile liability, environmental, medical malpractice, and other casualty lines of business. These lines of business are all long-tail in nature and while somewhat diverse in terms of exposures, these lines are often subject to similar trends. These lines are often significantly impacted by the underwriting cycle and external judicial trends. Many of our policies contain risk-sharing features, including high deductibles, self-insured retentions or retrospective rating features, in addition to a traditional insurance component. These risk-sharing programs generally are large and complex, comprising multiple products, years and structures, and are subject to amendment over time."
blank,
narrative,"Incurred Losses and Allocated Loss Adjustment Expenses, Undiscounted and Net of Reinsurance"
blank,
table_row,"Years Ended December 31, (in millions)"
blank,
table_row,"December 31, 2023"
blank,
table_row,AccidentYear20142015201620172018201920202021202220232023Prior YearDevelopmentExcludingthe Impactof ADCTotal of IBNRLiabilitiesPlus ExpectedDevelopmenton ReportedLossesCumulativeNumber ofReportedClaimsIncurredImpactof ADCIBNRImpactof ADC2023(Net ofImpactof ADC)Total ofIBNRLiabilitiesNet of Impactof ADC
blank,
table_row,Unaudited
blank,
table_row,"2014$1,751 $1,721 $1,963 $2,009 $1,910 $1,916 $1,946 $1,935 $1,944 $1,905 $(39)$46 38,546 $(214)$(29)$1,691 $17 "
blank,
table_row,"20151,329 1,762 1,829 1,736 1,794 1,834 1,824 1,815 1,796 (19)23 35,754 (282)(8)1,514 15 "
blank,
table_row,"20161,339 1,343 1,321 1,391 1,340 1,323 1,293 1,297 4 162 29,191 — — 1,297 162 "
blank,
table_row,"2017602 629 738 674 668 643 654 11 21 21,266 — — 654 21 "
blank,
table_row,"2018802 845 837 870 824 810 (14)148 16,967 — — 810 148 "
blank,
table_row,"20191,059 1,058 1,053 1,062 1,039 (23)526 21,036 — — 1,039 526 "
blank,
table_row,"2020524 576 538 540 2 277 11,318 — — 540 277 "
blank,
table_row,"2021795 793 790 (3)519 10,572 — — 790 519 "
blank,
table_row,"2022793 819 26 617 12,457 — — 819 617 "
blank,
table_row,"2023933 848 10,401 — — 933 848 "
blank,
table_row,"Total$10,583 $(55)$(496)$10,087 "
blank,
table_row,"Cumulative Paid Losses and Allocated Loss Adjustment Expenses, Net of Reinsurance from the table below(6,668)— 298 (6,370)"
blank,
table_row,"Liabilities for losses and loss adjustment expenses and prior year development before accident year 2014, net of reinsurance1,448 (67)(1,053)395 "
blank,
table_row,Unallocated loss adjustment expense prior year development(11)
blank,
table_row,"Liabilities for losses and loss adjustment expenses and prior year loss development, net of reinsurance$5,363 $(133)$(1,251)$4,112 "
blank,
narrative,"Incurred Losses and Loss Adjustment Expenses, Undiscounted, Net of Reinsurance (including impact of ADC)"
blank,
table_row,"Calendar Years Ended December 31, (in millions)"
blank,
table_row,AccidentYear20162017201820192020202120222023Prior YearDevelopment
blank,
table_row,Unaudited
blank,
table_row,"2014$1,667$1,678$1,634$1,694$1,701$1,722$1,718$1,691 $(27)"
blank,
table_row,"20151,3611,3731,4231,4931,5531,5621,5631,514 (49)"
blank,
table_row,"20161,3391,3431,3211,3911,3401,3231,2931,297 4 "
blank,
table_row,2017602629738674668643654 11 
blank,
table_row,2018802845837870824810 (14)
blank,
table_row,"20191,0591,0581,0531,0621,039 (23)"
blank,
table_row,2020524576538540 2 
blank,
table_row,2021795793790 (3)
blank,
table_row,2022793819 26 
blank,
table_row,2023933
blank,
table_row,"Total$4,367 $4,996 $5,809 $7,220 $7,687 $8,569 $9,227 $10,087 $(73)"
blank,
table_row,"Cumulative Paid Losses and Allocated Loss Adjustment Expenses, Net of Reinsurance from the table below(6,370)"
blank,
table_row,"Liabilities for losses and allocated loss adjustment expenses and prior year development before 2014, net of reinsurance395 (73)"
blank,
table_row,Unallocated loss adjustment expense prior year adjustment13 
blank,
table_row,"Liabilities for losses and loss adjustment expenses and prior year loss development, net of reinsurance$4,112 $(133)"
blank,
footer,AIG | 2023 Form 10-K
blank,
footer,205
blank,
blank,
footer,ITEM 8 | Notes to Consolidated Financial Statements | 13. Insurance Liabilities
blank,
narrative,The following table provides our attribution of our reinsurance recoverable for the ADC only (included in the table above):
blank,
table_row,"Calendar Years Ended December 31, (in millions)"
blank,
table_row,AccidentYear20162017201820192020202120222023Prior YearDevelopment
blank,
table_row,Unaudited
blank,
table_row,2014$(296)$(331)$(276)$(222)$(245)$(213)$(226)$(214)$12 
blank,
table_row,2015(401)(456)(313)(301)(281)(262)(252)(282)(30)
blank,
table_row,2016— — — — — — — — — 
blank,
table_row,2017— — — — — — — — — 
blank,
table_row,2018— — — — — — — — — 
blank,
table_row,2019— — — — — — — — — 
blank,
table_row,2020— — — — — — — — — 
blank,
table_row,2021— — — — — — — — — 
blank,
table_row,2022— — — — — — — — — 
blank,
table_row,2023— — — — — — — — — 
blank,
table_row,Total$(697)$(787)$(589)$(523)$(526)$(475)$(478)$(496)$(18)
blank,
table_row,"Cumulative Paid Losses and Allocated Loss Adjustment Expenses, Net of Reinsurance from the table below298 "
blank,
table_row,"Liabilities for losses and allocated loss adjustment expenses and prior year development before 2014, net of reinsurance(1,053)(6)"
blank,
table_row,Unallocated loss adjustment expense prior year development24 
blank,
table_row,"Liabilities for losses and loss adjustment expenses and prior year loss development, net of reinsurance$(1,251)$— "
blank,
narrative,"Cumulative Paid Losses and Allocated Loss Adjustment Expenses, Net of Reinsurance"
blank,
table_row,"Years Ended December 31, (in millions)"
blank,
table_row,Paid Impact
blank,
table_row,of ADC
blank,
table_row,Accident Year2014201520162017201820192020202120222023
blank,
table_row,Unaudited
blank,
table_row,"2014$210 $620 $868 $1,150 $1,392 $1,572 $1,653 $1,719 $1,795 $1,805 $(122)"
blank,
table_row,"2015105 309 769 1,087 1,351 1,485 1,603 1,680 1,707 (176)"
blank,
table_row,"201677 298 489 703 846 938 1,018 1,074 — "
blank,
table_row,201751 111 216 314 455 527 592 — 
blank,
table_row,201843 122 227 360 470 565 — 
blank,
table_row,201953 138 226 321 410 — 
blank,
table_row,202026 73 139 198 — 
blank,
table_row,202132 87 169 — 
blank,
table_row,202238 112 — 
blank,
table_row,202336 — 
blank,
table_row,"Total$6,668 $(298)"
blank,
footer,206
blank,
footer,AIG | 2023 Form 10-K
blank,
blank,
footer,ITEM 8 | Notes to Consolidated Financial Statements | 13. Insurance Liabilities
blank,
narrative,U.S. Financial Lines
blank,
narrative,"U.S. Financial Lines business includes D&O, E&O, EPLI policies and various professional liability subsets of business, as well as the fidelity book of business. This includes cyber coverage and mergers and acquisitions coverage, which have been a growing and evolving portion of this portfolio. These product lines are predominantly claims-made in nature, losses are characterized by low frequency and high severity, and results are often significantly impacted by external economic conditions."
blank,
narrative,"Our analysis is segmented by major coverages, such as D&O, E&O, etc. and then further segmented by major industry groups (e.g. corporate accounts, national accounts, financial institutions, private/not-for-profit, etc.). We also separately review primary business from excess business for certain product lines."
blank,
table_row,"Incurred Losses and Allocated Loss Adjustment Expenses, Undiscounted and Net of Reinsurance"
blank,
table_row,"Years Ended December 31, (in millions)"
blank,
table_row,"December 31, 2023"
blank,
table_row,AccidentYear20142015201620172018201920202021202220232023Prior YearDevelopmentExcludingthe Impactof ADCTotal of IBNRLiabilitiesPlus ExpectedDevelopmenton ReportedLossesCumulativeNumber ofReportedClaimsIncurredImpactof ADCIBNRImpactof ADC2023(Net ofImpactof ADC)Total ofIBNRLiabilitiesNet of Impactof ADC
blank,
table_row,Unaudited
blank,
table_row,"2014$1,812 $1,777 $1,892 $1,927 $1,960 $1,981 $2,000 $2,057 $2,014 $2,017 $3 $91 17,650 $(297)$(68)$1,720 $23 "
blank,
table_row,"20151,737 1,762 1,743 1,788 1,830 1,874 1,959 2,044 2,048 4 78 16,253 (495)(63)1,553 15 "
blank,
table_row,"20161,605 1,855 1,993 2,064 2,139 2,281 2,325 2,308 (17)133 16,127 — — 2,308 133 "
blank,
table_row,"20171,564 1,675 1,756 1,846 1,898 1,987 1,957 (30)130 15,269 — — 1,957 130 "
blank,
table_row,"20181,640 1,766 1,882 2,063 2,225 2,322 97 498 14,833 — — 2,322 498 "
blank,
table_row,"20191,503 1,536 1,627 1,926 1,912 (14)513 13,319 — — 1,912 513 "
blank,
table_row,"20201,213 1,252 1,408 1,457 49 331 10,390 — — 1,457 331 "
blank,
table_row,"20211,430 1,408 1,388 (20)894 7,117 — — 1,388 894 "
blank,
table_row,"20221,130 1,108 (22)948 5,809 — — 1,108 948 "
blank,
table_row,"20231,043 950 6,467 — — 1,043 950 "
blank,
table_row,"Total$17,560 $50 $(792)$16,768 "
blank,
table_row,"Cumulative Paid Losses and Allocated Loss Adjustment Expenses, Net of Reinsurance from the table below(11,645)— 501 (11,144)"
blank,
table_row,"Liabilities for losses and loss adjustment expenses and prior year development before accident year 2014, net of reinsurance271 27 (223)48 "
blank,
table_row,Unallocated loss adjustment expense prior year development17 
blank,
table_row,"Liabilities for losses and loss adjustment expenses and prior year loss development, net of reinsurance$6,186 $94 $(514)$5,672 "
blank,
narrative,"Incurred Losses and Loss Adjustment Expenses, Undiscounted, Net of Reinsurance (including impact of ADC)"
blank,
table_row,"Calendar Years Ended December 31, (in millions)"
blank,
table_row,AccidentYear20162017201820192020202120222023Prior YearDevelopment
blank,
table_row,Unaudited
blank,
table_row,"2014$1,733$1,729$1,753$1,741$1,759$1,761$1,738$1,720 $(18)"
blank,
table_row,"20151,4291,4301,4621,5521,5501,5951,6051,553 (52)"
blank,
table_row,"20161,6051,8551,9932,0642,1392,2812,3252,308 (17)"
blank,
table_row,"20171,5641,6751,7561,8461,8981,9871,957 (30)"
blank,
table_row,"20181,6401,7661,8822,0632,2252,322 97 "
blank,
table_row,"20191,5031,5361,6271,9261,912 (14)"
blank,
table_row,"20201,2131,2521,4081,457 49 "
blank,
table_row,"20211,4301,4081,388 (20)"
blank,
table_row,"20221,1301,108 (22)"
blank,
table_row,20231043
blank,
table_row,"Total$4,767 $6,578 $8,523 $10,382 $11,925 $13,907 $15,752 $16,768 $(27)"
blank,
table_row,"Cumulative Paid Losses and Allocated Loss Adjustment Expenses, Net of Reinsurance from the table below(11,144)"
blank,
table_row,"Liabilities for losses and allocated loss adjustment expenses and prior year development before 2014, net of reinsurance48 56 "
blank,
table_row,Unallocated loss adjustment expense prior year adjustment21 
blank,
table_row,"Liabilities for losses and loss adjustment expenses and prior year loss development, net of reinsurance$5,672 $50 "
blank,
footer,AIG | 2023 Form 10-K
blank,
footer,207
blank,
blank,
footer,ITEM 8 | Notes to Consolidated Financial Statements | 13. Insurance Liabilities
blank,
narrative,The following table provides our attribution of our reinsurance recoverable for the ADC only (included in the table above):
blank,
table_row,"Calendar Years Ended December 31, (in millions)"
blank,
table_row,AccidentYear20162017201820192020202120222023Prior YearDevelopment
blank,
table_row,Unaudited
blank,
table_row,2014$(159)$(198)$(207)$(240)$(241)$(296)$(276)$(297)$(21)
blank,
table_row,2015(333)(313)(326)(278)(324)(364)(439)(495)(56)
blank,
table_row,2016— — — — — — — — — 
blank,
table_row,2017— — — — — — — — — 
blank,
table_row,2018— — — — — — — — — 
blank,
table_row,2019— — — — — — — — — 
blank,
table_row,2020— — — — — — — — — 
blank,
table_row,2021— — — — — — — — — 
blank,
table_row,2022— — — — — — — — — 
blank,
table_row,2023— — — — — — — — — 
blank,
table_row,Total$(492)$(511)$(533)$(518)$(565)$(660)$(715)$(792)$(77)
blank,
table_row,"Cumulative Paid Losses and Allocated Loss Adjustment Expenses, Net of Reinsurance from the table below501 "
blank,
table_row,"Liabilities for losses and allocated loss adjustment expenses and prior year development before 2014, net of reinsurance(223)29 "
blank,
table_row,Unallocated loss adjustment expense prior year development4 
blank,
table_row,"Liabilities for losses and loss adjustment expenses and prior year loss development, net of reinsurance$(514)$(44)"
blank,
narrative,"Cumulative Paid Losses and Allocated Loss Adjustment Expenses, Net of Reinsurance"
blank,
table_row,"Years Ended December 31, (in millions)"
blank,
table_row,Paid Impact
blank,
table_row,of ADC
blank,
table_row,Accident Year2014201520162017201820192020202120222023
blank,
table_row,Unaudited
blank,
table_row,"2014$66 $366 $849 $1,158 $1,387 $1,573 $1,658 $1,758 $1,820 $1,849 $(147)"
blank,
table_row,"201563 390 791 1,055 1,282 1,488 1,686 1,818 1,914 (354)"
blank,
table_row,"201673 499 1,002 1,358 1,659 1,826 1,903 2,039 — "
blank,
table_row,"201764 391 761 1,118 1,396 1,515 1,653 — "
blank,
table_row,"201886 486 835 1,126 1,415 1,601 — "
blank,
table_row,"201994 367 642 953 1,204 — "
blank,
table_row,202084 356 648 915 — 
blank,
table_row,202143 151 315 — 
blank,
table_row,202230 109 — 
blank,
table_row,202346 — 
blank,
table_row,"Total$11,645 $(501)"
blank,
footer,208
blank,
footer,AIG | 2023 Form 10-K
blank,
blank,
footer,ITEM 8 | Notes to Consolidated Financial Statements | 13. Insurance Liabilities
blank,
narrative,U.S. Property and Special Risks
blank,
narrative,"U.S. Property products include commercial, industrial and energy-related property insurance products and services that cover exposures to manmade and natural disasters, including business interruption. U.S. Special Risk products include aerospace, environmental, political risk, trade credit, surety and marine insurance, and program business for various small and medium sized enterprises insurance lines. The program segments include both property and casualty exposures. Recent years have seen an increasing proportion of non-admitted coverages which has altered the underlying customer profile to be less severe in the aggregate."
blank,
narrative,"Incurred Losses and Allocated Loss Adjustment Expenses, Undiscounted and Net of Reinsurance"
blank,
table_row,"Years Ended December 31, (in millions)"
blank,
table_row,"December 31, 2023"
blank,
table_row,AccidentYear20142015201620172018201920202021202220232023Prior YearDevelopmentExcludingthe Impactof ADCTotal of IBNRLiabilitiesPlus ExpectedDevelopmenton ReportedLossesCumulativeNumber ofReportedClaimsIncurredImpactof ADCIBNRImpactof ADC2023(Net ofImpactof ADC)Total ofIBNRLiabilitiesNet of Impactof ADC
blank,
table_row,Unaudited
blank,
table_row,"2014$2,600 $2,396 $2,490 $2,480 $2,494 $2,477 $2,460 $2,446 $2,440 $2,437 $(3)$4 60,766 $(52)$(2)$2,385 $2 "
blank,
table_row,"20152,567 2,506 2,489 2,492 2,466 2,471 2,479 2,490 2,493 3 4 59,513 (100)(1)2,393 3 "
blank,
table_row,"20162,674 2,748 2,690 2,697 2,707 2,694 2,700 2,713 13 8 54,821 — — 2,713 8 "
blank,
table_row,"20174,673 4,239 4,127 4,153 4,173 4,212 4,175 (37)15 79,764 — — 4,175 15 "
blank,
table_row,"20182,978 2,993 2,992 3,229 3,201 3,210 9 112 69,922 — — 3,210 112 "
blank,
table_row,"20192,177 2,146 2,211 2,222 2,177 (45)25 78,848 — — 2,177 25 "
blank,
table_row,"20203,391 3,320 3,280 3,238 (42)761 68,644 — — 3,238 761 "
blank,
table_row,"20212,339 2,213 2,160 (53)101 81,795 — — 2,160 101 "
blank,
table_row,"20223,171 3,281 110 690 85,477 — — 3,281 690 "
blank,
table_row,"20232,528 777 88,129 — — 2,528 777 "
blank,
table_row,"Total$28,412 $(45)$(152)$28,260 "
blank,
table_row,"Cumulative Paid Losses and Allocated Loss Adjustment Expenses, Net of Reinsurance from the table below(24,207)— 87 (24,120)"
blank,
table_row,"Liabilities for losses and loss adjustment expenses and prior year development before accident year 2014, net of reinsurance409 39 (146)263 "
blank,
table_row,Unallocated loss adjustment expense prior year development(4)
blank,
table_row,"Liabilities for losses and loss adjustment expenses and prior year loss development, net of reinsurance$4,614 $(10)$(211)$4,403 "
blank,
narrative,"Incurred Losses and Loss Adjustment Expenses, Undiscounted, Net of Reinsurance (including impact of ADC)"
blank,
table_row,"Calendar Years Ended December 31, (in millions)"
blank,
table_row,AccidentYear20162017201820192020202120222023Prior YearDevelopment
blank,
table_row,Unaudited
blank,
table_row,"2014$2,423$2,419$2,430$2,401$2,382$2,376$2,364$2,385 $21 "
blank,
table_row,"20152,3652,3912,4052,3722,3722,3722,3752,393 18 "
blank,
table_row,"20162,6742,7482,6902,6972,7072,6942,7002,713 13 "
blank,
table_row,"20174,6734,2394,1274,1534,1734,2124,175 (37)"
blank,
table_row,"20182,9782,9932,9923,2293,2013,210 9 "
blank,
table_row,"20192,1772,1462,2112,2222,177 (45)"
blank,
table_row,"20203,3913,3203,2803,238 (42)"
blank,
table_row,"20212,3392,2132,160 (53)"
blank,
table_row,"20223,1713,281 110 "
blank,
table_row,20232528
blank,
table_row,"Total$7,462 $12,231 $14,742 $16,767 $20,143 $22,714 $25,738 $28,260 $(6)"
blank,
table_row,"Cumulative Paid Losses and Allocated Loss Adjustment Expenses, Net of Reinsurance from the table below(24,120)"
blank,
table_row,"Liabilities for losses and allocated loss adjustment expenses and prior year development before 2014, net of reinsurance263 9 "
blank,
table_row,Unallocated loss adjustment expense prior year adjustment(3)
blank,
table_row,"Liabilities for losses and loss adjustment expenses and prior year loss development, net of reinsurance$4,403 $— "
blank,
footer,AIG | 2023 Form 10-K
blank,
footer,209
blank,
blank,
footer,ITEM 8 | Notes to Consolidated Financial Statements | 13. Insurance Liabilities
blank,
narrative,The following table provides our attribution of our reinsurance recoverable for the ADC only (included in the table above):
blank,
table_row,"Calendar Years Ended December 31, (in millions)"
blank,
table_row,AccidentYear20162017201820192020202120222023Prior YearDevelopment
blank,
table_row,Unaudited
blank,
table_row,2014$(67)$(61)$(64)$(76)$(78)$(70)$(76)$(52)$24 
blank,
table_row,2015(141)(98)(87)(94)(99)(107)(115)(100)15 
blank,
table_row,2016— — — — — — — — — 
blank,
table_row,2017— — — — — — — — — 
blank,
table_row,2018— — — — — — — — — 
blank,
table_row,2019— — — — — — — — — 
blank,
table_row,2020— — — — — — — — — 
blank,
table_row,2021— — — — — — — — — 
blank,
table_row,2022— — — — — — — — — 
blank,
table_row,2023— — — — — — — — — 
blank,
table_row,Total$(208)$(159)$(151)$(170)$(177)$(177)$(191)$(152)$39 
blank,
table_row,"Cumulative Paid Losses and Allocated Loss Adjustment Expenses, Net of Reinsurance from the table below87 "
blank,
table_row,"Liabilities for losses and allocated loss adjustment expenses and prior year development before 2014, net of reinsurance(146)(30)"
blank,
table_row,Unallocated loss adjustment expense prior year development1 
blank,
table_row,"Liabilities for losses and loss adjustment expenses and prior year loss development, net of reinsurance$(211)$10 "
blank,
narrative,"Cumulative Paid Losses and Allocated Loss Adjustment Expenses, Net of Reinsurance"
blank,
table_row,"Years Ended December 31, (in millions)"
blank,
table_row,Paid Impact
blank,
table_row,of ADC
blank,
table_row,Accident Year2014201520162017201820192020202120222023
blank,
table_row,Unaudited
blank,
table_row,"2014$795 $1,545 $1,869 $2,073 $2,207 $2,293 $2,329 $2,352 $2,362 $2,418 $(20)"
blank,
table_row,"2015844 1,572 1,878 2,121 2,240 2,308 2,344 2,391 2,457 (67)"
blank,
table_row,"2016821 1,747 2,076 2,296 2,464 2,539 2,616 2,647 — "
blank,
table_row,"20171,137 2,625 3,281 3,638 3,897 3,999 4,055 — "
blank,
table_row,"2018977 2,162 2,509 2,715 2,863 2,994 — "
blank,
table_row,"20191,039 1,673 1,906 2,037 2,083 — "
blank,
table_row,"2020844 1,613 1,874 2,190 — "
blank,
table_row,"2021878 1,743 1,983 — "
blank,
table_row,"20221,208 2,207 — "
blank,
table_row,"20231,173 — "
blank,
table_row,"Total$24,207 $(87)"
blank,
footer,210
blank,
footer,AIG | 2023 Form 10-K
blank,
blank,
footer,ITEM 8 | Notes to Consolidated Financial Statements | 13. Insurance Liabilities
blank,
narrative,U.S. Personal Insurance
blank,
narrative,"U.S. Personal Insurance consists of accident and health and personal lines. Accident and health products include voluntary and sponsor-paid personal accident and supplemental health products for individuals, employees, associations and other organizations as well as a broad range of travel insurance products and services for leisure and business travelers. Personal lines include automobile and homeowners’ insurance, extended warranty, and consumer specialty products, such as identity theft and credit card protection. Personal lines also provides insurance for high net worth individuals offered through AIG Private Client Group, including auto, homeowners, umbrella, yacht, fine art and collections insurance. Personal lines are generally short-tail in nature and can reflect significant salvage and subrogation recoveries."
blank,
narrative,"Incurred Losses and Allocated Loss Adjustment Expenses, Undiscounted and Net of Reinsurance"
blank,
table_row,"Years Ended December 31, (in millions)"
blank,
table_row,"December 31, 2023"
blank,
table_row,AccidentYear20142015201620172018201920202021202220232023Prior YearDevelopmentExcludingthe Impactof ADCTotal of IBNRLiabilitiesPlus ExpectedDevelopmenton ReportedLossesCumulativeNumber ofReportedClaimsIncurredImpactof ADCIBNRImpactof ADC2023(Net ofImpactof ADC)Total ofIBNRLiabilitiesNet of Impactof ADC
blank,
table_row,Unaudited
blank,
table_row,"2014$1,552 $1,562 $1,572 $1,572 $1,583 $1,584 $1,588 $1,587 $1,592 $1,592 $— $5 275,132 $(8)$— $1,584 $5 "
blank,
table_row,"20151,511 1,498 1,494 1,483 1,482 1,485 1,487 1,488 1,487 (1)8 261,176 (8)— 1,479 8 "
blank,
table_row,"20161,536 1,533 1,533 1,540 1,542 1,544 1,544 1,541 (3)12 247,479 — — 1,541 12 "
blank,
table_row,"20171,878 2,137 2,011 2,057 1,924 1,916 1,896 (20)15 220,038 — — 1,896 15 "
blank,
table_row,"20182,188 2,193 2,154 1,937 1,936 1,920 (16)33 102,256 — — 1,920 33 "
blank,
table_row,"20191,593 1,664 1,646 1,596 1,578 (18)43 93,428 — — 1,578 43 "
blank,
table_row,"2020954 906 913 894 (19)51 55,101 — — 894 51 "
blank,
table_row,"2021748 765 762 (3)70 56,234 — — 762 70 "
blank,
table_row,"2022517 529 12 93 51,983 — — 529 93 "
blank,
table_row,"2023677 248 32,022 — — 677 248 "
blank,
table_row,"Total$12,876 $(68)$(16)$12,860 "
blank,
table_row,"Cumulative Paid Losses and Allocated Loss Adjustment Expenses, Net of Reinsurance from the table below(12,060)— 16 (12,044)"
blank,
table_row,"Liabilities for losses and loss adjustment expenses and prior year development before accident year 2014, net of reinsurance(48)4 (1)(49)"
blank,
table_row,Unallocated loss adjustment expense prior year development— 
blank,
table_row,"Liabilities for losses and loss adjustment expenses and prior year loss development, net of reinsurance$768 $(64)$(1)$767 "
blank,
narrative,"Incurred Losses and Loss Adjustment Expenses, Undiscounted, Net of Reinsurance (including impact of ADC)"
blank,
table_row,"Calendar Years Ended December 31, (in millions)"
blank,
table_row,AccidentYear20162017201820192020202120222023Prior YearDevelopment
blank,
table_row,Unaudited
blank,
table_row,"2014$1,564$1,564$1,571$1,580$1,584$1,582$1,584$1,584 $— "
blank,
table_row,"20151,4761,4751,4721,4761,4801,4821,4811,479 (2)"
blank,
table_row,"20161,5361,5331,5331,5401,5421,5441,5441,541 (3)"
blank,
table_row,"20171,8782,1372,0112,0571,9241,9161,896 (20)"
blank,
table_row,"20182,1882,1932,1541,9371,9361,920 (16)"
blank,
table_row,"20191,5931,6641,6461,5961,578 (18)"
blank,
table_row,2020954906913894 (19)
blank,
table_row,2021748765762 (3)
blank,
table_row,2022517529 12 
blank,
table_row,2023677
blank,
table_row,"Total$4,576 $6,450 $8,901 $10,393 $11,435 $11,769 $12,252 $12,860 $(69)"
blank,
table_row,"Cumulative Paid Losses and Allocated Loss Adjustment Expenses, Net of Reinsurance from the table below(12,044)"
blank,
table_row,"Liabilities for losses and allocated loss adjustment expenses and prior year development before 2014, net of reinsurance(49)4 "
blank,
table_row,Unallocated loss adjustment expense prior year adjustment— 
blank,
table_row,"Liabilities for losses and loss adjustment expenses and prior year loss development, net of reinsurance$767 $(65)"
blank,
footer,AIG | 2023 Form 10-K
blank,
footer,211
blank,
blank,
footer,ITEM 8 | Notes to Consolidated Financial Statements | 13. Insurance Liabilities
blank,
narrative,The following table provides our attribution of our reinsurance recoverable for the ADC only (included in the table above):
blank,
table_row,"Calendar Years Ended December 31, (in millions)"
blank,
table_row,AccidentYear20162017201820192020202120222023Prior YearDevelopment
blank,
table_row,Unaudited
blank,
table_row,2014$(8)$(8)$(12)$(4)$(4)$(5)$(8)$(8)$— 
blank,
table_row,2015(22)(19)(11)(6)(5)(5)(7)(8)(1)
blank,
table_row,2016— — — — — — — — — 
blank,
table_row,2017— — — — — — — — — 
blank,
table_row,2018— — — — — — — — — 
blank,
table_row,2019— — — — — — — — — 
blank,
table_row,2020— — — — — — — — — 
blank,
table_row,2021— — — — — — — — — 
blank,
table_row,2022— — — — — — — — — 
blank,
table_row,2023— — — — — — — — — 
blank,
table_row,Total$(30)$(27)$(23)$(10)$(9)$(10)$(15)$(16)$(1)
blank,
table_row,"Cumulative Paid Losses and Allocated Loss Adjustment Expenses, Net of Reinsurance from the table below16 "
blank,
table_row,"Liabilities for losses and allocated loss adjustment expenses and prior year development before 2014, net of reinsurance(1)— "
blank,
table_row,Unallocated loss adjustment expense prior year development— 
blank,
table_row,"Liabilities for losses and loss adjustment expenses and prior year loss development, net of reinsurance$(1)$(1)"
blank,
narrative,"Cumulative Paid Losses and Allocated Loss Adjustment Expenses, Net of Reinsurance"
blank,
table_row,"Years Ended December 31, (in millions)"
blank,
table_row,Paid Impact
blank,
table_row,of ADC
blank,
table_row,Accident Year2014201520162017201820192020202120222023
blank,
table_row,Unaudited
blank,
table_row,"2014$959 $1,380 $1,463 $1,507 $1,536 $1,555 $1,568 $1,572 $1,579 $1,584 $(8)"
blank,
table_row,"2015931 1,320 1,411 1,439 1,455 1,461 1,463 1,468 1,471 (8)"
blank,
table_row,"2016857 1,344 1,422 1,460 1,501 1,512 1,518 1,521 — "
blank,
table_row,"2017941 1,672 1,896 1,789 1,826 1,852 1,861 — "
blank,
table_row,"20181,227 1,939 1,973 1,789 1,832 1,849 — "
blank,
table_row,"2019884 1,295 1,379 1,416 1,491 — "
blank,
table_row,2020667 679 725 824 — 
blank,
table_row,2021488 650 658 — 
blank,
table_row,2022372 401 — 
blank,
table_row,2023400 — 
blank,
table_row,"Total$12,060 $(16)"
blank,
footer,212
blank,
footer,AIG | 2023 Form 10-K
blank,
blank,
footer,ITEM 8 | Notes to Consolidated Financial Statements | 13. Insurance Liabilities
blank,
narrative,UK/Europe Casualty and Financial Lines
blank,
narrative,"UK/Europe is our largest non-U.S. region for Liability and Financial Lines. UK/Europe Casualty and Financial Lines is composed of third-party coverages including general liability, auto liability, D&O, professional liability and various other coverages throughout both the UK and Continental Europe. These areas are all long-tail in nature and while somewhat diverse in terms of exposures, these lines are often subject to similar trends. These lines are impacted by the underwriting cycle and external judicial trends. The largest share of business is in the UK, but significant business is also written in other European countries such as Germany, France, and Italy."
blank,
narrative,"Incurred Losses and Allocated Loss Adjustment Expenses, Undiscounted and Net of Reinsurance*"
blank,
table_row,"Years Ended December 31, (in millions)"
blank,
table_row,"December 31, 2023"
blank,
table_row,Accident Year20142015201620172018201920202021202220232023Prior YearDevelopmentTotal of IBNRLiabilitiesPlus ExpectedDevelopment onReported LossesCumulativeNumber ofReportedClaims
blank,
table_row,Unaudited
blank,
table_row,"2014$1,036 $1,009 $1,032 $1,039 $1,034 $1,122 $1,064 $1,106 $1,111 $1,117 $6 $75 102,063 "
blank,
table_row,"20151,092 1,233 1,262 1,170 1,244 1,234 1,238 1,258 1,266 8 74 113,865 "
blank,
table_row,"20161,314 1,453 1,497 1,498 1,601 1,597 1,610 1,613 3 100 142,721 "
blank,
table_row,"20171,343 1,323 1,252 1,321 1,381 1,366 1,408 42 177 149,665 "
blank,
table_row,"20181,343 1,415 1,482 1,521 1,619 1,664 45 245 151,467 "
blank,
table_row,"20191,005 1,262 1,334 1,351 1,345 (6)292 142,426 "
blank,
table_row,"20201,219 1,271 1,216 1,202 (14)474 85,762 "
blank,
table_row,"20211,375 1,335 1,347 12 723 76,503 "
blank,
table_row,"20221,300 1,261 (39)894 71,630 "
blank,
table_row,"20231,472 1,100 57,306 "
blank,
table_row,"Total$13,695 $57 "
blank,
table_row,"Cumulative Paid Losses and Allocated Loss Adjustment Expenses, Net of Reinsurance from the table below(7,109)— "
blank,
table_row,"Liabilities for losses and loss adjustment expenses and prior year development before accident year 2014, net of reinsurance861 108 "
blank,
table_row,Unallocated loss adjustment expense prior year development— 
blank,
table_row,"Liabilities for losses and loss adjustment expenses and prior year loss development, net of reinsurance$7,447 $165 "
blank,
narrative,*The losses reported in the table are not covered by the ADC.
blank,
narrative,"Cumulative Paid Losses and Allocated Loss Adjustment Expenses, Net of Reinsurance*"
blank,
table_row,"Years Ended December 31, (in millions)"
blank,
table_row,Accident Year2014201520162017201820192020202120222023
blank,
table_row,Unaudited
blank,
table_row,2014$72 $258 $409 $529 $629 $695 $757 $818 $859 $883 
blank,
table_row,"201571 240 433 568 683 859 949 994 1,041 "
blank,
table_row,"2016119 379 586 775 930 1,059 1,168 1,260 "
blank,
table_row,201796 280 447 602 753 896 964 
blank,
table_row,"2018113 374 572 742 903 1,128 "
blank,
table_row,201998 310 478 658 760 
blank,
table_row,202060 228 367 507 
blank,
table_row,202151 233 345 
blank,
table_row,202257 185 
blank,
table_row,202336
blank,
table_row,"Total$7,109 "
blank,
table_row,*The losses reported in the table are not covered by the ADC.
blank,
footer,AIG | 2023 Form 10-K
blank,
footer,213
blank,
blank,
footer,ITEM 8 | Notes to Consolidated Financial Statements | 13. Insurance Liabilities
blank,
narrative,UK/Europe Property and Special Risks
blank,
narrative,"UK/Europe Property products include commercial, industrial and energy-related property insurance products and services that cover exposures to manmade and natural disasters, including business interruption. UK/Europe Special Risk products include aerospace, environmental, political risk, trade credit, surety and marine insurance, and various small and medium sized enterprises insurance lines."
blank,
narrative,"Incurred Losses and Allocated Loss Adjustment Expenses, Undiscounted and Net of Reinsurance*"
blank,
table_row,"Years Ended December 31, (in millions)"
blank,
table_row,"December 31, 2023"
blank,
table_row,Accident Year20142015201620172018201920202021202220232023Prior YearDevelopmentTotal of IBNRLiabilitiesPlus ExpectedDevelopment onReported LossesCumulativeNumber ofReportedClaims
blank,
table_row,Unaudited
blank,
table_row,"2014$1,439 $1,470 $1,431 $1,460 $1,450 $1,426 $1,387 $1,382 $1,360 $1,349 $(11)$(2)48,030 "
blank,
table_row,"20151,552 1,469 1,531 1,463 1,444 1,434 1,421 1,455 1,442 (13)7 54,639 "
blank,
table_row,"20161,536 1,685 1,678 1,682 1,678 1,674 1,609 1,604 (5)10 57,287 "
blank,
table_row,"20171,649 1,614 1,609 1,616 1,600 1,566 1,565 (1)12 53,411 "
blank,
table_row,"20181,505 1,555 1,533 1,520 1,468 1,463 (5)8 44,183 "
blank,
table_row,"20191,138 1,100 1,101 1,090 1,086 (4)39 33,637 "
blank,
table_row,"20201,301 1,241 1,200 1,218 18 136 25,822 "
blank,
table_row,"20211,019 982 932 (50)64 22,306 "
blank,
table_row,"20221,123 1,288 165 220 23,295 "
blank,
table_row,"20231,359 539 15,946 "
blank,
table_row,"Total$13,306 $94 "
blank,
table_row,"Cumulative Paid Losses and Allocated Loss Adjustment Expenses, Net of Reinsurance from the table below(10,479)— "
blank,
table_row,"Liabilities for losses and loss adjustment expenses and prior year development before accident year 2014, net of reinsurance86 (13)"
blank,
table_row,Unallocated loss adjustment expense prior year development— 
blank,
table_row,"Liabilities for losses and loss adjustment expenses and prior year loss development, net of reinsurance$2,913 $81 "
blank,
narrative,*The losses reported in the table are not covered by the ADC.
blank,
narrative,"Cumulative Paid Losses and Allocated Loss Adjustment Expenses, Net of Reinsurance*"
blank,
table_row,"Years Ended December 31, (in millions)"
blank,
table_row,Accident Year2014201520162017201820192020202120222023
blank,
table_row,Unaudited
blank,
table_row,"2014$311 $912 $1,187 $1,255 $1,293 $1,320 $1,329 $1,342 $1,350 $1,354 "
blank,
table_row,"2015346 920 1,193 1,295 1,331 1,354 1,362 1,363 1,362 "
blank,
table_row,"2016456 1,114 1,367 1,500 1,545 1,574 1,591 1,585 "
blank,
table_row,"2017353 940 1,222 1,364 1,420 1,459 1,472 "
blank,
table_row,"2018316 978 1,161 1,289 1,303 1,339 "
blank,
table_row,2019264 649 820 907 944 
blank,
table_row,2020249 668 819 912 
blank,
table_row,2021189 504 691 
blank,
table_row,2022194 661 
blank,
table_row,2023159
blank,
table_row,"Total$10,479 "
blank,
narrative,*The losses reported in the table are not covered by the ADC.
blank,
narrative,UK/Europe and Japan Personal Insurance
blank,
narrative,"UK/Europe and Japan Personal Insurance lines consist of accident and health and personal lines. Accident and health products include voluntary and sponsor-paid personal accident and supplemental health products for individuals, employees, associations and other organizations as well as a broad range of travel insurance products and services for leisure and business travelers. Personal lines include automobile and homeowners’ insurance, extended warranty, and consumer specialty products, such as identity theft and credit card protection. Personal lines are generally short-tail in nature."
blank,
footer,214
blank,
footer,AIG | 2023 Form 10-K
blank,
blank,
footer,ITEM 8 | Notes to Consolidated Financial Statements | 13. Insurance Liabilities
blank,
table_row,"Incurred Losses and Allocated Loss Adjustment Expenses, Undiscounted and Net of Reinsurance*"
blank,
table_row,"Years Ended December 31, (in millions)"
blank,
table_row,"December 31, 2023"
blank,
table_row,Accident Year20142015201620172018201920202021202220232023Prior YearDevelopmentTotal of IBNRLiabilitiesPlus ExpectedDevelopment onReported LossesCumulativeNumber ofReportedClaims
blank,
table_row,Unaudited
blank,
table_row,"2014$2,210 $2,220 $2,207 $2,204 $2,197 $2,197 $2,199 $2,197 $2,220 $2,224 $4 $2 1,799,271 "
blank,
table_row,"20152,284 2,264 2,265 2,257 2,255 2,255 2,256 2,254 2,257 3 — 1,777,699 "
blank,
table_row,"20162,241 2,240 2,226 2,221 2,219 2,216 2,209 2,212 3 1 1,794,987 "
blank,
table_row,"20172,196 2,118 2,103 2,099 2,115 2,100 2,108 8 — 1,718,502 "
blank,
table_row,"20182,555 2,461 2,458 2,431 2,450 2,448 (2)4 1,915,683 "
blank,
table_row,"20192,085 2,050 2,015 2,000 2,002 2 3 1,673,976 "
blank,
table_row,"20201,909 1,771 1,713 1,701 (12)19 1,389,704 "
blank,
table_row,"20211,776 1,719 1,689 (30)32 1,387,230 "
blank,
table_row,"20221,889 1,854 (35)89 2,050,657 "
blank,
table_row,"20231,698 256 1,275,686 "
blank,
table_row,"Total$20,193 $(59)"
blank,
table_row,"Cumulative Paid Losses and Allocated Loss Adjustment Expenses, Net of Reinsurance from the table below(18,747)— "
blank,
table_row,"Liabilities for losses and loss adjustment expenses and prior year development before accident year 2014, net of reinsurance37 2 "
blank,
table_row,Unallocated loss adjustment expense prior year development— 
blank,
table_row,"Liabilities for losses and loss adjustment expenses and prior year loss development, net of reinsurance$1,483 $(57)"
blank,
narrative,*The losses reported in the table are not covered by the ADC.
blank,
narrative,"Cumulative Paid Losses and Allocated Loss Adjustment Expenses, Net of Reinsurance*"
blank,
table_row,"Years Ended December 31, (in millions)"
blank,
table_row,Accident Year2014201520162017201820192020202120222023
blank,
table_row,Unaudited
blank,
table_row,"2014$1,198 $1,817 $1,999 $2,090 $2,137 $2,158 $2,170 $2,179 $2,184 $2,189 "
blank,
table_row,"20151,228 1,861 2,046 2,146 2,183 2,209 2,226 2,234 2,244 "
blank,
table_row,"20161,225 1,830 2,013 2,102 2,147 2,173 2,187 2,195 "
blank,
table_row,"20171,200 1,791 1,950 2,020 2,056 2,078 2,077 "
blank,
table_row,"20181,520 2,063 2,225 2,309 2,352 2,404 "
blank,
table_row,"20191,219 1,726 1,854 1,916 1,950 "
blank,
table_row,"20201,020 1,470 1,576 1,619 "
blank,
table_row,"20211,003 1,423 1,533 "
blank,
table_row,"20221,100 1,572 "
blank,
table_row,2023964
blank,
table_row,"Total$18,747 "
blank,
table_row,*The losses reported in the table are not covered by the ADC.
blank,
table_row,Claims Payout Patterns
blank,
table_row,The following table presents the historical average annual percentage claims payout on an accident year basis at the same level of disaggregation as presented in the claims development table.
blank,
table_row,"Average Annual Percentage Payout of Incurred Losses by Age, Net of Reinsurance (Unaudited)"
blank,
table_row,Year1 2 3 4 5 6 7 8 9 10 
blank,
table_row,U.S. Workers' compensation11.9 %17.2 %11.0 %7.2 %4.8 %3.2 %2.0 %1.7 %1.5 %1.2 %
blank,
table_row,U.S. Excess casualty1.2 8.5 9.2 18.1 10.5 7.9 7.4 6.6 2.7 1.9 
blank,
table_row,U.S. Other casualty5.8 11.3 14.2 14.4 13.7 9.4 6.7 4.0 2.8 0.5 
blank,
table_row,U.S. Financial Lines3.7 14.6 18.2 15.6 12.5 8.1 6.1 5.8 3.9 1.4 
blank,
table_row,U.S. Property and Special Risks35.2 32.2 11.8 8.1 4.9 3.1 1.8 1.3 1.5 2.3 
blank,
table_row,U.S. Personal Insurance61.6 23.8 5.2 0.8 2.4 0.9 0.5 0.3 0.3 0.3 
blank,
table_row,UK/Europe Casualty and Financial Lines5.6 14.3 12.2 11.3 9.3 10.3 6.1 4.9 3.7 2.1 
blank,
table_row,UK/Europe Property and Special Risks21.1 38.7 16.7 7.7 2.7 2.1 0.8 0.2 0.3 0.3 
blank,
table_row,UK/Europe and Japan Personal Insurance57.9 26.2 7.2 3.6 1.8 1.3 0.5 0.4 0.3 0.2 
blank,
footer,AIG | 2023 Form 10-K
blank,
footer,215
blank,
blank,
footer,ITEM 8 | Notes to Consolidated Financial Statements | 13. Insurance Liabilities
blank,
narrative,DISCOUNTING OF LOSS RESERVES
blank,
narrative,"At December 31, 2023 and 2022, the loss reserves reflect a net loss reserve discount of $1.2 billion and $1.3 billion, respectively, including tabular and non-tabular calculations based upon the following assumptions:"
blank,
narrative,"•The non-tabular workers’ compensation discount is calculated separately for companies domiciled in New York, Pennsylvania and Delaware, and follows the statutory regulations (prescribed or permitted) for each state."
blank,
narrative,"–For New York companies, the discount is based on a 5 percent interest rate and the companies’ own payout patterns."
blank,
narrative,"–The Pennsylvania and Delaware regulators approved use of a consistent benchmark discount rate and spread (U.S. Treasury rate plus a liquidity premium) to all of our workers’ compensation reserves in our Pennsylvania domiciled and Delaware domiciled companies, as well as our use of updated payout patterns specific to our primary and excess workers compensation portfolios. In 2020, the regulators also approved that the discount rate will be updated on an annual basis."
blank,
narrative,"•The tabular workers’ compensation discount is calculated based on the mortality rate used in the 2007 U.S. Life table and interest rates prescribed or permitted by each state (i.e. New York is based on 5 percent interest rate and Pennsylvania and Delaware are based on U.S. Treasury rate plus a liquidity premium). In the case that applying this tabular discount factor to our nominal reserves produces a tabular discount that is greater than the indemnity portion of our case reserves, the tabular discount is capped at our estimate of the indemnity portion of our cases reserves (45 percent)."
blank,
narrative,The discount for asbestos reserves has been fully accreted.
blank,
narrative,"At December 31, 2023 and 2022, the discount consists of $294 million and $314 million of tabular discount, respectively, and $939 million and $964 million of non-tabular discount for workers’ compensation, respectively. During the years ended December 31, 2023, 2022 and 2021, the benefit / (charge) from changes in discount of $(195) million, $703 million and $193 million, respectively, were recorded as part of the policyholder benefits and losses incurred in the Consolidated Statements of Income (Loss)."
blank,
narrative,The following table presents the components of the loss reserve discount discussed above:
blank,
table_row,"(in millions)December 31, 2023December 31, 2022"
blank,
table_row,"U.S. workers' compensation$2,337 $2,532 "
blank,
table_row,"Retroactive reinsurance(1,104)(1,254)"
blank,
table_row,Total reserve discount(a)(b)
blank,
table_row,"$1,233 $1,278 "
blank,
narrative,"(a)Excludes $196 million and $135 million of discount related to certain long-tail liabilities in the UK at December 31, 2023 and 2022, respectively."
blank,
narrative,"(b)Includes gross discount of $687 million and $763 million, which was 100 percent ceded to Fortitude Re at December 31, 2023 and 2022, respectively. "
blank,
narrative,The following table presents the net loss reserve discount benefit (charge):
blank,
table_row,"Years Ended December 31,"
blank,
table_row,(in millions)202320222021
blank,
table_row,Current accident year$112 $98 $62 
blank,
table_row,Accretion and other adjustments to prior year discount(264)(239)(88)
blank,
table_row,Effect of interest rate changes(43)844 219 
blank,
table_row,Net reserve discount benefit (charge)(195)703 193 
blank,
table_row,Change in discount on loss reserves ceded under retroactive reinsurance150 (301)(42)
blank,
table_row,Net change in total reserve discount*$(45)$402 $151 
blank,
table_row,"*Excludes $61 million, $19 million and $(35) million of discount related to certain long-tail liabilities in the UK for the years ended December 31, 2023, 2022 and 2021, respectively."
blank,
narrative,"During 2023, net change in total reserve discount was impacted by updates to payout patterns, along with decreases in discount rates due to an increase in U.S. Treasury rates offset by a decrease in the discount spread."
blank,
narrative,"During 2022 and 2021, effective interest rates increased due to an increase in the forward yield curve component of the discount rates reflecting an increase in U.S. Treasury rates along with changes in payout pattern assumptions."
blank,
narrative,Amortization of Deferred Gain on Retroactive Reinsurance
blank,
narrative,"Amortization of the deferred gain on retroactive reinsurance includes $48 million, $189 million and $137 million related to the adverse development reinsurance cover with NICO for the years ended December 31, 2023, 2022 and 2021, respectively."
blank,
narrative,"Amounts recognized reflect the amortization of the initial deferred gain at inception, as amended for subsequent changes in the deferred gain due to changes in subject reserves."
blank,
footer,216
blank,
footer,AIG | 2023 Form 10-K
blank,
blank,
footer,ITEM 8 | Notes to Consolidated Financial Statements | 13. Insurance Liabilities
blank,
narrative,FUTURE POLICY BENEFITS
blank,
narrative,"Future policy benefits primarily include reserves for traditional life and annuity payout contracts, which represent an estimate of the present value of future benefits less the present value of future net premiums. Included in Future policy benefits are liabilities for annuities issued in structured settlement arrangements whereby a claimant receives life contingent payments over their lifetime. Also included are pension risk transfer arrangements whereby an upfront premium is received in exchange for guaranteed retirement benefits. All payments under these arrangements are fixed and determinable with respect to their amounts and dates. Structured settlement or other annuitization elections (e.g., certain single premium immediate annuities) that do not involve life contingent payments, but rather payments for a stated period are included in Policyholder contract deposits."
blank,
narrative,"For traditional and limited pay long-duration products, benefit reserves are accrued and benefit expense is recognized using a NPR methodology for each annual cohort of business. This NPR method incorporates periodic retrospective revisions to the NPR to reflect updated actuarial assumptions and variances in actual versus expected experience. The Future policy benefit liability is accrued by multiplying the gross premium recognized in each period by the net premium ratio. The net premium is equal to the portion of the gross premium required to provide for all benefits and certain expenses and may not exceed 100 percent. Benefits in excess of premiums are expensed immediately through Policyholder benefits. In addition, periodic revisions to the NPR below 100 percent may result in reclassification between the benefit reserves and deferred profit liability for limited pay contracts. "
blank,
narrative,"Insurance contracts are aggregated into annual cohorts for the purposes of determining the liability for future policy benefits (LFPB), but are not aggregated across segments. These annual cohorts may be further segregated based on product characteristics, or to distinguish business reinsured from non-reinsured business or products issued in different functional currencies. The assumptions used to calculate the future policy benefits include discount rates, persistency and recognized morbidity and mortality tables modified to reflect the Company's experience."
blank,
narrative,"The current discount rate assumption for the liability for future policy benefits is derived from market observable yields on upper-medium-grade fixed income instruments. The Company uses an external index as the source of the yields on these instruments for the first 30 years. For years 30 to 50, the yield is derived using market observable yields. Yields for years 50 to 100 are extrapolated using a flat forward approach, maintaining a constant forward spread through the period. The current discount rate assumption is updated quarterly and used to remeasure the liability at the reporting date, with the resulting change in the discount rate reflected in OCI."
blank,
narrative,"The method for constructing and applying the locked-in discount rate assumptions on newly issued business is determined based on factors such as product characteristics and the expected timing of cash flows. This discount rate assumption is derived from market observable yields on upper-medium-grade fixed income instruments. Similar to the current discount rate assumption, the Company may employ conversion and interpolation methodologies when necessary. The applicable interest accretion is reflected in Policyholder benefits and losses incurred in the Consolidated Statements of Income (Loss)."
blank,
narrative,The following table presents the transition rollforward of the liability for future policy benefits for nonparticipating contracts(a):
blank,
narrative,IndividualRetirementGroupRetirementLifeInsuranceInstitutionalMarketsOther(b)
blank,
narrative,Total
blank,
narrative,(in millions)
blank,
table_row,"Pre-adoption December 31, 2020 liability for future policy benefits balance$1,309 $282 $11,129 $11,029 $22,206 $45,955 "
blank,
table_row,"Adjustments for the reclassification to the deferred profit liability(65)(8)— (766)(859)(1,698)"
blank,
table_row,Change in cash flow assumptions and effect of net premiums exceeding gross premiums(14)2 15 4 55 62 
blank,
table_row,"Effect of the remeasurement of the liability at a current single A rate156 63 2,977 1,655 7,611 12,462 "
blank,
table_row,Adjustment for the removal of loss recognition balances related to unrealized gain or loss on securities(64)(60)4 (292)— (412)
blank,
table_row,"Post-adoption January 1, 2021 liability for future policy benefits balance$1,322 $279 $14,125 $11,630 $29,013 $56,369 "
blank,
narrative,"(a)Excludes future policy benefits for participating contracts, DPL, additional liabilities, Accident and Health, Group Benefits and Other Operations representing $11.0 billion of liability for future policy benefits. See transition tables below for DPL and additional liabilities. "
blank,
narrative,(b)Represents Life and Retirement legacy insurance lines ceded to Fortitude Re.
blank,
narrative,"Adjustments for the reclassification between the liability for future policy benefits and deferred profit liability represent changes in the net premium ratios that are less than 100 percent at transition for certain limited pay cohorts, resulting in a reclassification between the two liabilities, with no impact on Retained earnings."
blank,
narrative,"Adjustments for change in cash flow assumptions represents revised net premium ratios in excess of 100 percent for certain cohorts at transition, with an offset to Retained earnings."
blank,
narrative,"The effect of the remeasurement at the current single A rate is reported at the Transition Date and each subsequent balance sheet date, with an offset in AOCI."
blank,
footer,AIG | 2023 Form 10-K
blank,
footer,217
blank,
blank,
footer,ITEM 8 | Notes to Consolidated Financial Statements | 13. Insurance Liabilities
blank,
narrative,"Prior to adoption, loss recognition for traditional products was adjusted for the effect of unrealized gains on fixed maturity securities available for sale. At the Transition Date, these adjustments were removed with a corresponding offset in AOCI. "
blank,
narrative,The following tables present the balances and changes in the liability for future policy benefits and a reconciliation of the net liability for future policy benefits to the liability for future policy benefits in the Consolidated Balance Sheets:
blank,
table_row,"Year Ended December 31, 2023GeneralInsuranceIndividualRetirementGroupRetirementLifeInsuranceInstitutionalMarketsOther(f)"
blank,
table_row,Total
blank,
table_row,"(in millions, except for liability durations)"
blank,
table_row,Present value of expected net premiums
blank,
table_row,"Balance, beginning of year$1,929 $— $— $11,654 $— $991 $14,574 "
blank,
table_row,"Effect of changes in discount rate assumptions (AOCI)262 — — 1,872 — 66 2,200 "
blank,
table_row,"Beginning balance at original discount rate2,191 — — 13,526 — 1,057 16,774 "
blank,
table_row,Effect of changes in cash flow assumptions(2)— — 34 — 21 53 
blank,
table_row,Effect of actual variances from expected experience(16)— — 62 — 20 66 
blank,
table_row,"Adjusted beginning of year balance2,173 — — 13,622 — 1,098 16,893 "
blank,
table_row,"Issuances122 — — 1,277 — — 1,399 "
blank,
table_row,Interest accrual43 — — 437 — 46 526 
blank,
table_row,"Net premium collected(283)— — (1,464)— (118)(1,865)"
blank,
table_row,Foreign exchange impact(14)— — 265 — — 251 
blank,
table_row,Other— — — 11 — (9)2 
blank,
table_row,"Ending balance at original discount rate2,041 — — 14,148 — 1,017 17,206 "
blank,
table_row,"Effect of changes in discount rate assumptions (AOCI)(339)— — (1,482)— (44)(1,865)"
blank,
table_row,"Reclassified to Liabilities held for sale— — — (4,287)— — (4,287)"
blank,
table_row,"Balance, end of year$1,702 $— $— $8,379 $— $973 $11,054 "
blank,
table_row,Present value of expected future policy benefits
blank,
table_row,"Balance, beginning of year$2,380 $1,223 $211 $21,179 $12,464 $20,429 $57,886 "
blank,
table_row,"Effect of changes in discount rate assumptions (AOCI)362 167 2 3,424 2,634 1,083 7,672 "
blank,
table_row,"Beginning balance at original discount rate2,742 1,390 213 24,603 15,098 21,512 65,558 "
blank,
table_row,Effect of changes in cash flow assumptions(a)
blank,
table_row,(13)— — 62 — 76 125 
blank,
table_row,Effect of actual variances from expected experience(a)
blank,
table_row,(18)(5)(2)122 15 — 112 
blank,
table_row,"Adjusted beginning of year balance2,711 1,385 211 24,787 15,113 21,588 65,795 "
blank,
table_row,"Issuances130 173 18 1,266 5,339 4 6,930 "
blank,
table_row,"Interest accrual52 55 11 908 664 1,026 2,716 "
blank,
table_row,"Benefit payments(276)(128)(26)(1,921)(1,087)(1,503)(4,941)"
blank,
table_row,Foreign exchange impact(27)— — 345 359 — 677 
blank,
table_row,Other— — — 10 — (24)(14)
blank,
table_row,"Ending balance at original discount rate2,590 1,485 214 25,395 20,388 21,091 71,163 "
blank,
table_row,"Effect of changes in discount rate assumptions (AOCI)(441)(132)3 (2,745)(1,906)(437)(5,658)"
blank,
table_row,"Reclassified to Liabilities held for sale— — — (5,119)— — (5,119)"
blank,
table_row,"Balance, end of year$2,149 $1,353 $217 $17,531 $18,482 $20,654 $60,386 "
blank,
table_row,"Net liability for future policy benefits, end of year$447 $1,353 $217 $9,152 $18,482 $19,681 $49,332 "
blank,
table_row,"Liability for future policy benefits for certain participating contracts1,313 "
blank,
table_row,Liability for universal life policies with secondary guarantees and similar features(b)
blank,
table_row,3786
blank,
table_row,"Deferred profit liability2,512 "
blank,
table_row,Other reconciling items(c)
blank,
table_row,1633
blank,
table_row,Future policy benefits for life and accident and health insurance contracts
blank,
table_row,58576
blank,
table_row,"Less: Reinsurance recoverable(23,571)"
blank,
table_row,"Net liability for future policy benefits after reinsurance recoverable$35,005 "
blank,
table_row,Weighted average liability duration of the liability for future policy benefits(d)(e)
blank,
table_row,9.37.86.812.812.111.5
blank,
footer,218
blank,
footer,AIG | 2023 Form 10-K
blank,
blank,
footer,ITEM 8 | Notes to Consolidated Financial Statements | 13. Insurance Liabilities
blank,
table_row,"Year Ended December 31, 2022IndividualRetirementGroupRetirementLifeInsuranceInstitutionalMarketsOther(f)"
blank,
table_row,Total
blank,
table_row,"(in millions, except for liability durations)"
blank,
table_row,Present value of expected net premiums
blank,
table_row,"Balance, beginning of year$— $— $14,369 $— $1,274 $15,643 "
blank,
table_row,Effect of changes in discount rate assumptions (AOCI)— — (706)— (150)(856)
blank,
table_row,"Beginning balance at original discount rate— — 13,663 — 1,124 14,787 "
blank,
table_row,Effect of changes in cash flow assumptions— — 123 — — 123 
blank,
table_row,Effect of actual variances from expected experience— — (79)— 7 (72)
blank,
table_row,"Adjusted beginning of year balance— — 13,707 — 1,131 14,838 "
blank,
table_row,"Issuances— — 1,358 — — 1,358 "
blank,
table_row,Interest accrual— — 397 — 48 445 
blank,
table_row,"Net premium collected— — (1,418)— (123)(1,541)"
blank,
table_row,Foreign exchange impact— — (517)— — (517)
blank,
table_row,Other— — (1)— 1 — 
blank,
table_row,"Ending balance at original discount rate— — 13,526 — 1,057 14,583 "
blank,
table_row,"Effect of changes in discount rate assumptions (AOCI)— — (1,872)— (66)(1,938)"
blank,
table_row,"Balance, end of year$— $— $11,654 $— $991 $12,645 "
blank,
table_row,Present value of expected future policy benefits
blank,
table_row,"Balance, beginning of year$1,373 $264 $27,442 $13,890 $27,674 $70,643 "
blank,
table_row,"Effect of changes in discount rate assumptions (AOCI)(95)(46)(2,717)(870)(5,673)(9,401)"
blank,
table_row,"Beginning balance at original discount rate1,278 218 24,725 13,020 22,001 61,242 "
blank,
table_row,Effect of changes in cash flow assumptions(a)
blank,
table_row,— — 140 (6)— 134 
blank,
table_row,Effect of actual variances from expected experience(a)
blank,
table_row,(30)(2)(94)3 1 (122)
blank,
table_row,"Adjusted beginning of year balance1,248 216 24,771 13,017 22,002 61,254 "
blank,
table_row,"Issuances216 12 1,374 2,782 9 4,393 "
blank,
table_row,"Interest accrual42 10 876 459 1,233 2,620 "
blank,
table_row,"Benefit payments(116)(26)(1,757)(821)(1,483)(4,203)"
blank,
table_row,Foreign exchange impact— — (657)(339)— (996)
blank,
table_row,Other— 1 (4)— (249)(252)
blank,
table_row,"Ending balance at original discount rate1,390 213 24,603 15,098 21,512 62,816 "
blank,
table_row,"Effect of changes in discount rate assumptions (AOCI)(167)(2)(3,424)(2,634)(1,083)(7,310)"
blank,
table_row,"Balance, end of year$1,223 $211 $21,179 $12,464 $20,429 $55,506 "
blank,
table_row,"Net liability for future policy benefits, end of year$1,223 $211 $9,525 $12,464 $19,438 $42,861 "
blank,
table_row,"Liability for future policy benefits for certain participating contracts1,352 "
blank,
table_row,Liability for universal life policies with secondary guarantees and similar features(b)
blank,
table_row,3355
blank,
table_row,"Deferred profit liability2,303 "
blank,
table_row,Other reconciling items(c)
blank,
table_row,2043
blank,
table_row,"Future policy benefits for life and accident and health insurance contracts51,914 "
blank,
table_row,"Less: Reinsurance recoverable(24,078)"
blank,
table_row,"Net liability for future policy benefits after reinsurance recoverable$27,836 "
blank,
table_row,Weighted average liability duration of the liability for future policy benefits(d)
blank,
table_row,7.66.912.210.811.4
blank,
footer,AIG | 2023 Form 10-K
blank,
footer,219
blank,
blank,
footer,ITEM 8 | Notes to Consolidated Financial Statements | 13. Insurance Liabilities
blank,
table_row,"Year Ended December 31, 2021IndividualRetirementGroupRetirementLifeInsuranceInstitutionalMarketsOther(f)"
blank,
table_row,Total
blank,
table_row,"(in millions, except for liability durations)"
blank,
table_row,Present value of expected net premiums
blank,
table_row,"Balance, beginning of year$— $— $13,793 $— $1,506 $15,299 "
blank,
table_row,"Effect of changes in discount rate assumptions (AOCI)— — (1,374)— (249)(1,623)"
blank,
table_row,"Beginning balance at original discount rate— — 12,419 — 1,257 13,676 "
blank,
table_row,Effect of changes in cash flow assumptions— — 164 — (72)92 
blank,
table_row,Effect of actual variances from expected experience— — 371 — 14 385 
blank,
table_row,"Adjusted beginning of year balance— — 12,954 — 1,199 14,153 "
blank,
table_row,"Issuances— — 1,727 — — 1,727 "
blank,
table_row,Interest accrual— — 392 — 54 446 
blank,
table_row,"Net premium collected— — (1,364)— (129)(1,493)"
blank,
table_row,Foreign exchange impact— — (46)— — (46)
blank,
table_row,Other— — — — — — 
blank,
table_row,"Ending balance at original discount rate— — 13,663 — 1,124 14,787 "
blank,
table_row,Effect of changes in discount rate assumptions (AOCI)— — 706 — 150 856 
blank,
table_row,"Balance, end of year$— $— $14,369 $— $1,274 $15,643 "
blank,
table_row,Present value of expected future policy benefits
blank,
table_row,"Balance, beginning of year$1,322 $279 $27,918 $11,630 $30,519 $71,668 "
blank,
table_row,"Effect of changes in discount rate assumptions (AOCI)(156)(63)(4,351)(1,654)(7,862)(14,086)"
blank,
table_row,"Beginning balance at original discount rate1,166 216 23,567 9,976 22,657 57,582 "
blank,
table_row,Effect of changes in cash flow assumptions(a)
blank,
table_row,— — 193 — (83)110 
blank,
table_row,Effect of actual variances from expected experience(a)
blank,
table_row,1 (1)413 (3)(121)289 
blank,
table_row,"Adjusted beginning of year balance1,167 215 24,173 9,973 22,453 57,981 "
blank,
table_row,"Issuances172 21 1,713 3,366 15 5,287 "
blank,
table_row,"Interest accrual41 11 876 380 1,085 2,393 "
blank,
table_row,"Benefit payments(101)(28)(1,981)(696)(1,530)(4,336)"
blank,
table_row,Foreign exchange impact— — (60)(3)— (63)
blank,
table_row,Other(1)(1)4 — (22)(20)
blank,
table_row,"Ending balance at original discount rate1,278 218 24,725 13,020 22,001 61,242 "
blank,
table_row,"Effect of changes in discount rate assumptions (AOCI)95 46 2,717 870 5,673 9,401 "
blank,
table_row,"Balance, end of year$1,373 $264 $27,442 $13,890 $27,674 $70,643 "
blank,
table_row,"Net liability for future policy benefits, end of year$1,373 $264 $13,073 $13,890 $26,400 $55,000 "
blank,
table_row,"Liability for future policy benefits for certain participating contracts1,397 "
blank,
table_row,Liability for universal life policies with secondary guarantees and similar features(b)
blank,
table_row,5007
blank,
table_row,"Deferred profit liability2,236 "
blank,
table_row,Other reconciling items(c)
blank,
table_row,2759
blank,
table_row,"Future policy benefits for life and accident and health insurance contracts66,399 "
blank,
table_row,"Less: Reinsurance recoverable(32,586)"
blank,
table_row,"Net liability for future policy benefits after reinsurance recoverable$33,813 "
blank,
table_row,Weighted average liability duration of the liability for future policy benefits(d)
blank,
table_row,8.67.814.413.013.7
blank,
narrative,(a)Effect of changes in cash flow assumptions and variances from actual experience are partially offset by changes in the deferred profit liability.
blank,
narrative,(b)Additional details can be found in the table that presents the balances and changes in the liability for universal life policies with secondary guarantees and similar features. 
blank,
narrative,(c)Other reconciling items primarily include the Accident and Health as well as Group Benefits (short-duration) contracts.
blank,
narrative,"(d)The weighted average liability durations are calculated as the modified duration using projected future net liability cash flows that are aggregated at the segment level, utilizing the segment level weighted average interest rates and current discount rate, which can be found in the table below."
blank,
narrative,"(e)Includes balances that were reclassified to Liabilities held for sale in the Consolidated Balance sheets. For additional information, see Note 4."
blank,
narrative,(f)Represents Life and Retirement legacy insurance lines ceded to Fortitude Re.
blank,
narrative,"For the years ended December 31, 2023, 2022 and 2021 in the traditional and term life insurance block, capping of net premium ratios at 100 percent caused a (credit)/charge to net income of $(1) million, $26 million and $15 million, respectively. The discount rate was updated based on market observable information. Relative to the prior period, the increase in upper-medium-grade fixed income yields resulted in a decrease in the liability for future policy benefits. "
blank,
footer,220
blank,
footer,AIG | 2023 Form 10-K
blank,
blank,
footer,ITEM 8 | Notes to Consolidated Financial Statements | 13. Insurance Liabilities
blank,
narrative,The following table presents the amount of undiscounted expected future benefit payments and undiscounted and discounted expected gross premiums for future policy benefits for nonparticipating contracts:
blank,
table_row,"Years Ended December 31,"
blank,
table_row,(in millions)202320222021
blank,
table_row,General Insurance(a)
blank,
table_row,"Undiscounted expected future benefits and expense$3,194 $3,325 $3,677 "
blank,
table_row,"Undiscounted expected future gross premiums4,403 4,558 4,899 "
blank,
table_row,"Individual RetirementUndiscounted expected future benefits and expense$2,131 $1,959 $1,747 "
blank,
table_row,Undiscounted expected future gross premiums— — — 
blank,
table_row,Group RetirementUndiscounted expected future benefits and expense$313 $321 $328 
blank,
table_row,Undiscounted expected future gross premiums— — — 
blank,
table_row,Life Insurance(b)
blank,
table_row,"Undiscounted expected future benefits and expense$40,489 $38,909 $38,869 "
blank,
table_row,"Undiscounted expected future gross premiums30,458 29,035 29,272 "
blank,
table_row,"Institutional MarketsUndiscounted expected future benefits and expense$38,253 $25,066 $20,839 "
blank,
table_row,Undiscounted expected future gross premiums— — — 
blank,
table_row,Other(c)
blank,
table_row,"Undiscounted expected future benefits and expense$43,071 $44,530 $46,038 "
blank,
table_row,"Undiscounted expected future gross premiums2,146 2,262 2,437 "
blank,
narrative,(a)General Insurance discounted expected future gross premiums (at current discount rate) for 2023 were $3.0 billion.
blank,
narrative,"(b)Includes balances reclassified to Liabilities held for sale at December 31, 2023. Life Insurance discounted expected future gross premiums (at current discount rate) for 2023 were $20.2 billion."
blank,
narrative,(c)Represents Life and Retirement legacy insurance lines ceded to Fortitude Re. Other discounted expected future gross premiums (at current discount rate) for 2023 were $1.4 billion. 
blank,
narrative,The following table presents the amount of revenue and interest recognized in the Consolidated Statements of Income (Loss) for future policy benefits for nonparticipating contracts:
blank,
table_row,"Years Ended December 31,Gross PremiumsInterest Accretion"
blank,
table_row,(in millions)202320222021202320222021
blank,
table_row,General Insurance$477 $487 $547 $9 $8 $7 
blank,
table_row,Individual Retirement202 224 186 55 42 41 
blank,
table_row,Group Retirement19 19 21 11 10 11 
blank,
table_row,"Life Insurance2,393 2,342 2,319 471 479 484 "
blank,
table_row,"Institutional Markets5,638 2,940 3,818 664 459 380 "
blank,
table_row,"Other*215 224 236 980 1,185 1,031 "
blank,
table_row,"Total$8,944 $6,236 $7,127 $2,190 $2,183 $1,954 "
blank,
narrative,*Represents Life and Retirement legacy insurance lines ceded to Fortitude Re.
blank,
narrative,The following table presents the weighted-average interest rate for future policy benefits for nonparticipating contracts:
blank,
table_row,"Year Ended December 31, 2023GeneralInsuranceIndividualRetirementGroupRetirementLifeInsuranceInstitutionalMarketsOther(b)"
blank,
table_row,"Weighted-average interest rate, original discount rate(a)"
blank,
table_row,1.82 %3.75 %5.15 %4.10 %4.14 %4.86 %
blank,
table_row,"Weighted-average interest rate, current discount rate(a)"
blank,
table_row,3.78 %5.04 %5.02 %5.04 %4.96 %5.08 %
blank,
table_row,"Year Ended December 31, 2022"
blank,
table_row,"Weighted-average interest rate, original discount rate1.77 %3.58 %5.17 %4.08 %3.56 %4.88 %"
blank,
table_row,"Weighted-average interest rate, current discount rate3.21 %5.32 %5.30 %5.33 %5.30 %5.36 %"
blank,
table_row,"Year Ended December 31, 2021"
blank,
table_row,"Weighted-average interest rate, original discount rate1.61 %3.23 %4.96 %4.11 %3.22 %4.83 %"
blank,
table_row,"Weighted-average interest rate, current discount rate3.27 %2.75 %2.68 %2.85 %2.71 %3.08 %"
blank,
narrative,"(a)Weighted-average interest rates for Life Insurance include balances that have been reclassified to Liabilities held-for-sale at December 31, 2023."
blank,
narrative,(b)Represents Life and Retirement legacy insurance lines ceded to Fortitude Re.
blank,
narrative,"The weighted average interest rates are calculated using projected future net liability cash flows that are aggregated to the segment level, and are represented as an annual rate."
blank,
footer,AIG | 2023 Form 10-K
blank,
footer,221
blank,
blank,
footer,ITEM 8 | Notes to Consolidated Financial Statements | 13. Insurance Liabilities
blank,
narrative,Actuarial Assumption Updates for Liability for Future Policy Benefits
blank,
narrative,"In 2023, the life insurance companies recognized an unfavorable impact to net income due to other refinements on life products offset in part by mortality assumption updates. In 2022, the life insurance companies recognized a favorable impact to net income (mostly offset by corresponding DPL adjustment) due to updates to mortality and retirement assumptions on certain pension risk transfer products. In 2021, the life insurance companies recognized an unfavorable impact to net income mainly due to updated mortality on traditional life products."
blank,
narrative,"Deferred Profit Liability: The Company issues certain annuity and life insurance contracts where premiums are paid up-front or for a shorter period than benefits will be paid (i.e., limited pay contracts). A DPL is required to be established to avoid recognition of gains when these contracts are issued. DPLs are amortized over the life of the contracts to align the revenue recognized with the related benefit expenses. The DPL is amortized in a constant relationship to the amount of discounted insurance in force for life insurance or expected future benefit payments for annuity contracts over the term of the contract. "
blank,
narrative,"The difference between the gross premium received and recorded as revenue and the net premium is deferred and recognized in policyholder benefits in a constant relationship to insurance in-force, or for annuities, the amount of expected future policy benefits. This deferred profit liability accretes interest and is recorded in the Consolidated Balance Sheets in Future policy benefits. Cash flow assumptions included in the measurement of the DPL are the same as those utilized in the respective LFPBs and are reviewed at least annually. The cash flow estimates for DPLs are updated on a retrospective catch-up basis at the same time as the cash flow estimates for the related LFPBs. The updated LFPB cash flows are used to recalculate the DPL at the inception of the applicable related LFPB cohort. The difference between the recalculated DPL at the beginning of the current reporting period and the carrying amount of the DPL at the current reporting period is recognized as a gain or loss in Policyholder benefits and losses incurred in the Consolidated Statements of Income (Loss)."
blank,
narrative,The following table presents the transition rollforward for deferred profit liability for long-duration contracts*:
blank,
table_row,IndividualRetirementGroupRetirementLifeInsuranceInstitutionalMarketsOther*Total
blank,
narrative,(in millions)
blank,
table_row,"Pre-adoption December 31, 2020 deferred profit liability balance$2 $— $5 $64 $— $71 "
blank,
table_row,"Adjustments for the reclassification from/(to) the liability for the future policy benefits65 8 — 766 859 1,698 "
blank,
table_row,"Post-adoption January 1, 2021 deferred profit liability balance$67 $8 $5 $830 $859 $1,769 "
blank,
narrative,*Represents Life and Retirement legacy insurance lines ceded to Fortitude Re.
blank,
narrative,"Adjustments for the reclassification between the liability for future policy benefits and deferred profit liability represent changes in the net premium ratios that are less than 100 percent at transition for certain limited pay cohorts, resulting in a reclassification between the two liabilities, with no impact on Retained earnings."
blank,
narrative,"Additional Liabilities: For universal-life type products, insurance benefits in excess of the account balance are generally recognized as expenses in the period incurred unless the design of the product is such that future charges are insufficient to cover the benefits, in which case an “additional liability” is accrued over the life of the contract. These additional liabilities are included in Future policy benefits for life and accident and health insurance contracts in the Consolidated Balance Sheets. Prior to the adoption of the standard, our additional liabilities consisted primarily of guaranteed minimum death benefits (GMDBs) on annuities, as well as universal-life contracts with secondary guarantees. Subsequent to the adoption of this standard, the GMDBs have been reclassified and reported as MRBs, while the universal-life contracts with secondary guarantees continue to be reported as additional liabilities."
blank,
narrative,The following table presents the transition rollforward of the additional liabilities:
blank,
table_row,IndividualRetirementGroupRetirementLifeInsuranceInstitutionalMarketsOther(c)
blank,
table_row,Total
blank,
table_row,(in millions)
blank,
table_row,"Pre-adoption December 31, 2020 additional liabilities$1,423 $221 $5,117 $— $55 $6,816 "
blank,
table_row,Adjustment for the reclassification of additional liabilities from Future policy benefits to Market risk benefits(a)
blank,
table_row,"(907)(132)— — — (1,039)"
blank,
table_row,Adjustment for removal of related balances in Accumulated other comprehensive income (loss) originating from unrealized gains (losses)(b)
blank,
table_row,(516)(89)— — — (605)
blank,
table_row,"Post-adoption January 1, 2021 additional liabilities$— $— $5,117 $— $55 $5,172 "
blank,
narrative,"(a)Adjustments for the reclassification of additional liabilities from Future policy benefits to MRBs represent contract guarantees (e.g., GMDBs) that were previously classified as insurance liabilities within Future policy benefits, but have been reclassified as MRBs as of January 1, 2021. For additional information on the transition impacts associated with LDTI, see Note 15."
blank,
narrative,(b)Adjustments for the removal of related balances in Accumulated other comprehensive income (loss) originating from unrealized gains (losses) relate to the additional liabilities reclassified from Future policy benefits in the line above.
blank,
narrative,(c)Represents Life and Retirement legacy insurance lines ceded to Fortitude Re.
blank,
footer,222
blank,
footer,AIG | 2023 Form 10-K
blank,
blank,
footer,ITEM 8 | Notes to Consolidated Financial Statements | 13. Insurance Liabilities
blank,
narrative,"Our additional liabilities primarily consist of universal life policies with secondary guarantees and these additional liabilities are recognized in addition to the Policyholder account balances. For universal life policies with secondary guarantees, as well as other universal life policies for which profits followed by losses are expected at contract inception, a liability is recognized based on a benefit ratio of (a) the present value of total expected payments, in excess of the account value, over the life of the contract, divided by (b) the present value of total expected assessments over the life of the contract. For universal life policies without secondary guarantees, for which profits followed by losses are first expected after contract inception, we establish a liability, in addition to policyholder account balances, so that expected future losses are recognized in proportion to the emergence of profits in the earlier (profitable) years. Universal life account balances are reported within Policyholder contract deposits, while these additional liabilities are reported within the liability for future policy benefits in the Consolidated Balance Sheets. These additional liabilities are also adjusted to reflect the effect of unrealized gains or losses on fixed maturity securities available for sale on accumulated assessments, with related changes recognized through OCI. The policyholder behavior assumptions for these liabilities include mortality, lapses and premium persistency. The capital market assumptions used for the liability for universal life secondary guarantees include discount rates and net earned rates."
blank,
narrative,The following table presents the balances and changes in the liability for universal life policies with secondary guarantees and similar features:
blank,
table_row,"Years Ended December 31,202320222021"
blank,
table_row,"(in millions, except duration of liability)LifeInsuranceOther(b)"
blank,
table_row,TotalLifeInsuranceOther(b)
blank,
table_row,TotalLifeInsuranceOther(b)
blank,
table_row,Total
blank,
table_row,"Balance, beginning of year$3,300 $55 $3,355 $4,952 $55 $5,007 $5,117 $55 $5,172 "
blank,
table_row,Effect of changes in assumptions(41)— (41)(24)— (24)(116)— (116)
blank,
table_row,Effect of changes in experience319 (4)315 303 (4)299 331 (4)327 
blank,
table_row,"Adjusted beginning balance3,578 51 3,629 5,231 51 5,282 5,332 51 5,383 "
blank,
table_row,Assessments671 2 673 687 2 689 669 2 671 
blank,
table_row,Excess benefits paid(943)— (943)(909)— (909)(859)— (859)
blank,
table_row,Interest accrual132 2 134 126 2 128 136 2 138 
blank,
table_row,Other(9)— (9)(11)— (11)24 — 24 
blank,
table_row,"Changes related to unrealized appreciation (depreciation) of investments302 — 302 (1,824)— (1,824)(350)— (350)"
blank,
table_row,"Balance, end of year3,731 55 3,786 3,300 55 3,355 4,952 55 5,007 "
blank,
table_row,Less: Reinsurance recoverable(164)— (164)(191)— (191)(200)— (200)
blank,
table_row,"Balance, end of year, net of Reinsurance recoverable$3,567 $55 $3,622 $3,109 $55 $3,164 $4,752 $55 $4,807 "
blank,
table_row,Weighted average duration of liability(a)
blank,
table_row,25.49.226.39.527.19.8
blank,
narrative,"(a)The weighted average duration of liabilities is calculated as the modified duration using projected future net liability cash flows that are aggregated at the segment level, utilizing the segment level weighted average interest rates, which can be found in the table below. "
blank,
narrative,(b)Represents Life and Retirement legacy insurance lines ceded to Fortitude Re.
blank,
narrative,The following table presents the amount of revenue and interest recognized in the Consolidated Statements of Income (Loss) for the liability for universal life policies with secondary guarantees and similar features:
blank,
table_row,"Years Ended December 31,Gross AssessmentsInterest Accretion"
blank,
table_row,(in millions)202320222021202320222021
blank,
table_row,"Life Insurance$1,109 $1,193 $1,187 $132 $126 $136 "
blank,
table_row,Other*37 39 39 2 2 2 
blank,
table_row,"Total$1,146 $1,232 $1,226 $134 $128 $138 "
blank,
narrative,*Represents Life and Retirement legacy insurance lines ceded to Fortitude Re.
blank,
narrative,The following table presents the calculation of weighted average interest rate for the liability for universal life policies with secondary guarantees and similar features:
blank,
table_row,"Years Ended December 31,202320222021"
blank,
table_row,Life InsuranceOther*Life InsuranceOther*Life InsuranceOther*
blank,
table_row,Weighted-average interest rate3.92 %4.20 %3.76 %4.24 %3.74 %4.21 %
blank,
narrative,*Represents Life and Retirement legacy insurance lines ceded to Fortitude Re.
blank,
narrative,"The weighted average interest rates are calculated using projected future net liability cash flows that are aggregated to the segment level, and are represented as an annual rate."
blank,
footer,AIG | 2023 Form 10-K
blank,
footer,223
blank,
blank,
footer,ITEM 8 | Notes to Consolidated Financial Statements | 13. Insurance Liabilities
blank,
narrative,The following table presents details concerning our universal life policies with secondary guarantees and similar features:
blank,
table_row,"Years Ended December 31,"
blank,
table_row,(dollars in millions)20232022
blank,
table_row,"Account value$3,721 $3,514 "
blank,
table_row,"Net amount at risk$72,422 $69,335 "
blank,
table_row,Average attained age of contract holders5353
blank,
narrative,Actuarial Assumption Updates for Liability for Universal Life Policies With Secondary Guarantees And Similar Features
blank,
narrative,"In 2023, the life insurance companies recognized a favorable impact to net income due to updates to the portfolio yield assumption and refinements to the modeling for universal life with secondary guarantees and similar features, partially offset by updated premium assumptions. In 2022, the life insurance companies recognized a favorable impact to net income due to modeling refinements to reflect actual versus expected asset data related to calls and capital gains. In 2021, the life insurance companies recognized a favorable impact to net income primarily due to the update in the reserving methodology, partially offset by assumption updates to mortality."
blank,
narrative,POLICYHOLDER CONTRACT DEPOSITS
blank,
narrative,"The liability for Policyholder contract deposits is primarily recorded at accumulated value (deposits received and net transfers from separate accounts, plus accrued interest credited, less withdrawals and assessed fees). Deposits collected on investment-oriented products are not reflected as revenues. They are recorded directly to Policyholder contract deposits upon receipt. Amounts assessed against the contract holders for mortality, administrative, and other services are included as Policy fees in revenues."
blank,
narrative,"In addition to liabilities for universal life, fixed annuities, fixed options within variable annuities, annuities without life contingencies, funding agreements and GICs, policyholder contract deposits also include our liability for (i) index features accounted for as embedded derivatives at fair value, (ii) annuities issued in a structured settlement arrangement with no life contingency and (iii) certain contracts we have elected to account for at fair value. Changes in the fair value of the embedded derivatives related to policy index features and the fair value of derivatives hedging these liabilities are recognized in realized gains and losses."
blank,
narrative,"For additional information on index credits accounted for as embedded derivatives, see Note 5."
blank,
narrative,"Under a funding agreement-backed notes issuance program, an unaffiliated, non-consolidated statutory trust issues medium-term notes to investors, which are secured by funding agreements issued to the trust by one of our Life and Retirement companies through our Institutional Markets business."
blank,
narrative,The following table presents the transition rollforward of Policyholder contract deposits account balances(a):
blank,
table_row,IndividualRetirementGroupRetirementLifeInsuranceInstitutionalMarketsOther(b)
blank,
table_row,Total
blank,
table_row,(in millions)
blank,
table_row,"Pre-adoption December 31, 2020 Policyholder contract deposits$84,874 $43,805 $10,286 $11,559 $4,145 $154,669 "
blank,
table_row,"Adjustment for the reclassification of the embedded derivative liability to market risk benefits, net of the host adjustment(s)(5,671)(576)— — — (6,247)"
blank,
table_row,"Post-adoption January 1, 2021 Policyholder contract deposits$79,203 $43,229 $10,286 $11,559 $4,145 $148,422 "
blank,
narrative,(a)Excludes Other Operations of $(199) million.
blank,
narrative,(b)Represents Life and Retirement legacy insurance lines ceded to Fortitude Re.
blank,
footer,224
blank,
footer,AIG | 2023 Form 10-K
blank,
blank,
footer,ITEM 8 | Notes to Consolidated Financial Statements | 13. Insurance Liabilities
blank,
narrative,The following table presents the balances and changes in Policyholder contract deposits account balances(a):
blank,
table_row,"Year Ended December 31, 2023IndividualRetirementGroupRetirementLifeInsuranceInstitutionalMarketsOther(d)"
blank,
table_row,Total
blank,
table_row,"(in millions, except for average crediting rate)"
blank,
table_row,"Policyholder contract deposits account balance, beginning of year$89,554 $43,395 $10,224 $11,734 $3,587 $158,494 "
blank,
table_row,"Deposits18,188 5,352 1,632 3,813 44 29,029 "
blank,
table_row,"Policy charges(840)(477)(1,524)(67)(64)(2,972)"
blank,
table_row,"Surrenders and withdrawals(14,025)(8,310)(256)(722)(93)(23,406)"
blank,
table_row,"Benefit payments(3,770)(2,518)(281)(2,405)(300)(9,274)"
blank,
table_row,"Net transfers from (to) separate account3,617 2,705 3 792 — 7,117 "
blank,
table_row,"Interest credited2,188 1,141 413 507 168 4,417 "
blank,
table_row,Other(16)11 20 (3)(9)3 
blank,
table_row,"Policyholder contract deposits account balance, end of year94,896 41,299 10,231 13,649 3,333 163,408 "
blank,
table_row,Other reconciling items(b)
blank,
table_row,"(1,429)(230)208 93 (71)(1,429)"
blank,
table_row,"Policyholder contract deposits$93,467 $41,069 $10,439 $13,742 $3,262 $161,979 "
blank,
table_row,Weighted average crediting rate2.68 %2.91 %4.41 %4.08 %4.99 %
blank,
table_row,Cash surrender value(c)
blank,
table_row,"$88,685 $40,210 $9,026 $2,583 $1,712 $142,216 "
blank,
table_row,"Year Ended December 31, 2022IndividualRetirementGroupRetirementLifeInsuranceInstitutionalMarketsOther(d)"
blank,
table_row,Total
blank,
table_row,"(in millions, except for average crediting rate)"
blank,
table_row,"Policyholder contract deposits account balance, beginning of year$84,097 $43,902 $10,183 $10,804 $3,823 $152,809 "
blank,
table_row,"Deposits15,186 4,946 1,674 1,494 48 23,348 "
blank,
table_row,"Policy charges(870)(462)(1,570)(69)(65)(3,036)"
blank,
table_row,"Surrenders and withdrawals(8,921)(5,712)(211)(134)(64)(15,042)"
blank,
table_row,"Benefit payments(3,798)(2,528)(216)(775)(349)(7,666)"
blank,
table_row,"Net transfers from (to) separate account2,248 2,149 (5)144 — 4,536 "
blank,
table_row,"Interest credited1,608 1,100 377 301 178 3,564 "
blank,
table_row,Other4 — (8)(31)16 (19)
blank,
table_row,"Policyholder contract deposits account balance, end of year89,554 43,395 10,224 11,734 3,587 158,494 "
blank,
table_row,Other reconciling items(b)
blank,
table_row,"(2,136)(319)34 (16)(73)(2,510)"
blank,
table_row,"Policyholder contract deposits$87,418 $43,076 $10,258 $11,718 $3,514 $155,984 "
blank,
table_row,Weighted average crediting rate2.43 %2.77 %4.29 %2.71 %4.91 %
blank,
table_row,Cash surrender value(c)
blank,
table_row,"$83,278 $41,831 $8,866 $2,537 $1,808 $138,320 "
blank,
table_row,"Year Ended December 31, 2021IndividualRetirementGroupRetirementLifeInsuranceInstitutionalMarketsOther(d)"
blank,
table_row,Total
blank,
table_row,"(in millions, except for average crediting rate)"
blank,
table_row,"Policyholder contract deposits account balance, beginning of year$80,012 $43,406 $10,012 $11,351 $4,143 $148,924 "
blank,
table_row,"Deposits13,774 5,146 1,702 1,272 53 21,947 "
blank,
table_row,"Policy charges(781)(523)(1,567)(65)(69)(3,005)"
blank,
table_row,"Surrenders and withdrawals(8,863)(5,795)(212)(91)(76)(15,037)"
blank,
table_row,"Benefit payments(4,031)(2,329)(245)(1,948)(374)(8,927)"
blank,
table_row,"Net transfers from (to) separate account1,531 2,750 (2)61 — 4,340 "
blank,
table_row,"Interest credited2,444 1,249 447 263 191 4,594 "
blank,
table_row,Other11 (2)48 (39)(45)(27)
blank,
table_row,"Policyholder contract deposits account balance, end of year84,097 43,902 10,183 10,804 3,823 152,809 "
blank,
table_row,Other reconciling items(b)
blank,
table_row,"(1,289)(259)117 165 (157)(1,423)"
blank,
table_row,"Policyholder contract deposits$82,808 $43,643 $10,300 $10,969 $3,666 $151,386 "
blank,
table_row,Weighted average crediting rate2.42 2.79 4.28 2.41 4.92 
blank,
table_row,Cash surrender value(c)
blank,
table_row,"$79,787 $43,359 $8,826 $2,520 $1,880 $136,372 "
blank,
narrative,"(a)Transactions between the general account and the separate account are presented in this table on a gross basis (e.g., a policyholder's funds are initially deposited into the general account and then simultaneously transferred to the separate account), thus, did not impact the ending balance of policyholder contract deposits."
blank,
narrative,"(b)Includes MRBs that are bifurcated and reported separately, net of embedded derivatives recorded in Policyholder contract deposits. Other also includes amounts related to Other Operations of $(71) million, $(75) million and $(158) million at December 31, 2023, 2022 and 2021, respectively."
blank,
narrative,"(c)Cash surrender value is related to the portion of policyholder contract deposits that have a defined cash surrender value (e.g. GICs, do not have a cash surrender value)."
blank,
narrative,(d)Primarily represents Life and Retirement legacy insurance lines ceded to Fortitude Re.
blank,
narrative,"For information related to net amount at risk, see Note 14."
blank,
footer,AIG | 2023 Form 10-K
blank,
footer,225
blank,
blank,
footer,ITEM 8 | Notes to Consolidated Financial Statements | 13. Insurance Liabilities
blank,
narrative,"The following table presents Policyholder contract deposits account balance by range of guaranteed minimum crediting rates and the related range of difference, in basis points, between rates being credited to policyholders and the respective guaranteed minimums:"
blank,
table_row,"December 31, 2023AtGuaranteedMinimum1 Basis Point -50 Basis PointsAboveMore than 50Basis Points AboveMinimum GuaranteeTotal"
blank,
table_row,"(in millions, except percentage of total)"
blank,
table_row,Individual RetirementRange of Guaranteed Minimum Credited Rate
blank,
table_row,"<=1%$6,498 $2,078 $26,873 $35,449 "
blank,
table_row,"> 1% - 2%3,749 22 1,771 5,542 "
blank,
table_row,"> 2% - 3%8,046 11 972 9,029 "
blank,
table_row,"> 3% - 4%6,610 37 5 6,652 "
blank,
table_row,> 4% - 5%426 — 4 430 
blank,
table_row,> 5%32 — 3 35 
blank,
table_row,"Total$25,361 $2,148 $29,628 $57,137 "
blank,
table_row,Group RetirementRange of Guaranteed Minimum Credited Rate
blank,
table_row,"<=1%$2,185 $2,344 $6,830 $11,359 "
blank,
table_row,"> 1% - 2%3,731 1,242 671 5,644 "
blank,
table_row,"> 2% - 3%12,073 211 110 12,394 "
blank,
table_row,> 3% - 4%615 — — 615 
blank,
table_row,"> 4% - 5%6,635 — — 6,635 "
blank,
table_row,> 5%144 — — 144 
blank,
table_row,"Total$25,383 $3,797 $7,611 $36,791 "
blank,
table_row,Life InsuranceRange of Guaranteed Minimum Credited Rate
blank,
table_row,<=1%$— $— $— $— 
blank,
table_row,> 1% - 2%— 132 346 478 
blank,
table_row,"> 2% - 3%9 855 1,082 1,946 "
blank,
table_row,"> 3% - 4%1,170 496 26 1,692 "
blank,
table_row,"> 4% - 5%2,851 — — 2,851 "
blank,
table_row,> 5%216 — — 216 
blank,
table_row,"Total$4,246 $1,483 $1,454 $7,183 "
blank,
table_row,"Total*$54,990 $7,428 $38,693 $101,111 "
blank,
table_row,Percentage of total55%7%38%100%
blank,
footer,226
blank,
footer,AIG | 2023 Form 10-K
blank,
blank,
footer,ITEM 8 | Notes to Consolidated Financial Statements | 13. Insurance Liabilities
blank,
table_row,"December 31, 2022AtGuaranteedMinimum1 Basis Point -50 Basis PointsAboveMore than 50Basis Points AboveMinimum GuaranteeTotal"
blank,
table_row,"(in millions, except percentage of total)"
blank,
table_row,Individual RetirementRange of Guaranteed Minimum Credited Rate
blank,
table_row,"<=1%$8,766 $2,161 $21,702 $32,629 "
blank,
table_row,"> 1% - 2%4,208 24 2,195 6,427 "
blank,
table_row,"> 2% - 3%9,502 — 17 9,519 "
blank,
table_row,"> 3% - 4%7,630 40 6 7,676 "
blank,
table_row,> 4% - 5%456 — 5 461 
blank,
table_row,> 5%33 — 4 37 
blank,
table_row,"Total$30,595 $2,225 $23,929 $56,749 "
blank,
table_row,Group RetirementRange of Guaranteed Minimum Credited Rate
blank,
table_row,"<=1%$3,611 $1,427 $5,609 $10,647 "
blank,
table_row,"> 1% - 2%5,628 727 150 6,505 "
blank,
table_row,"> 2% - 3%13,968 3 — 13,971 "
blank,
table_row,> 3% - 4%666 — — 666 
blank,
table_row,"> 4% - 5%6,843 — — 6,843 "
blank,
table_row,> 5%154 — — 154 
blank,
table_row,"Total$30,870 $2,157 $5,759 $38,786 "
blank,
table_row,Life InsuranceRange of Guaranteed Minimum Credited Rate
blank,
table_row,<=1%$— $— $— $— 
blank,
table_row,> 1% - 2%1 129 352 482 
blank,
table_row,"> 2% - 3%32 831 1,116 1,979 "
blank,
table_row,"> 3% - 4%1,369 180 195 1,744 "
blank,
table_row,"> 4% - 5%2,974 — — 2,974 "
blank,
table_row,> 5%223 — — 223 
blank,
table_row,"Total$4,599 $1,140 $1,663 $7,402 "
blank,
table_row,"Total*$66,064 $5,522 $31,351 $102,937 "
blank,
table_row,Percentage of total65 %5 %30 %100 %
blank,
narrative,*Excludes policyholder contract deposits account balances that are not subject to guaranteed minimum crediting rates.
blank,
narrative,Funding Agreements
blank,
narrative,"Under a funding agreement-backed notes issuance program, an unaffiliated, non-consolidated statutory trust issues medium-term notes to investors, which are secured by funding agreements issued to the trust by one of our Life and Retirement companies. "
blank,
narrative,"The United States Life Insurance Company in the City of New York is a member of the FHLB of New York, while The Variable Annuity Life Insurance Company and American General Life Insurance Company are members of the FHLB of Dallas. Membership with both FHLBs provides us with collateralized borrowing opportunities, primarily as an additional source of liquidity or for other uses deemed appropriate by management, e.g., earning a spread on deposits. Our ownership in the FHLB stock is reported in Other invested assets within the Consolidated Balance Sheets. Pursuant to the membership terms, our Life and Retirement companies elected to pledge such stock to the FHLB as collateral for our obligations under agreements with the FHLB. "
blank,
narrative,"Our Life and Retirement companies' net borrowing capacity under such facilities with FHLB of Dallas and FHLB of New York as of December 31, 2023 is $3.7 billion. As of December 31, 2023, we pledged $8.7 billion as collateral to the FHLB, including assets backing funding agreements. "
blank,
narrative,The life insurance companies issued the following funding agreements to the FHLB of Dallas and FHLB of New York; these obligations are reported in Policyholder contract deposits in the Consolidated Balance Sheets:
blank,
narrative,"The following table presents details concerning our funding agreements as of December 31, 2023:"
blank,
table_row,"December 31, 2023Payments due by period"
blank,
table_row,(in millions)Gross Amounts20242025-20262027-2028ThereafterStated Interest rates
blank,
table_row,FHLB Facility
blank,
table_row,"FHLB of Dallas$3,357$52$254$3,051$—DNA Auction* + 22 to 30 bps"
blank,
table_row,"FHLB of Dallas2,027——1,5065213.53% to 4.77%"
blank,
table_row,FHLB of New York24194147——1.52% to 2.70%
blank,
table_row,"$5,625$146$401$4,557$521"
blank,
narrative,"*Discount Note Advance (DNA) Auction is based on either a 4-Week or 3-Month tenor, depending on contractual terms of each borrowing. "
blank,
footer,AIG | 2023 Form 10-K
blank,
footer,227
blank,
blank,
footer,ITEM 8 | Notes to Consolidated Financial Statements | 13. Insurance Liabilities
blank,
narrative,OTHER POLICYHOLDER FUNDS
blank,
narrative,"Other policyholder funds include URR, consisting of front-end loads on investment-oriented contracts, representing those policy loads that are non-level and typically higher in initial policy years than in later policy years. Amortization of URR is recorded in Policy fees."
blank,
narrative,"URR for investment-oriented contracts are generally deferred and amortized into income using the same assumptions and factors used to amortize DAC (i.e., on a constant level basis). Changes in future assumptions are applied by adjusting the amortization rate prospectively. The Company has elected to implicitly account for actual experience, whether favorable or unfavorable, in its amortization of URR (i.e., policy fees) each period."
blank,
narrative,"Other policyholder funds also include provisions for future dividends to participating policyholders, accrued in accordance with all applicable regulatory or contractual provisions. Participating life business represented approximately 0.5 percent and 0.7 percent of gross insurance in force at December 31, 2023 and December 31, 2022, respectively and 0.9 percent, 1.3 percent and 1.7 percent of gross premiums and other considerations in 2023, 2022 and 2021 respectively. The amount of annual dividends to be paid is approved locally by the Corebridge Boards of Directors. Provisions for future dividend payments are computed by jurisdiction, reflecting local regulations. The portions of current and prior net income and of current unrealized appreciation of investments that can inure to our benefit are restricted in some cases by the insurance contracts and by the local insurance regulations of the jurisdictions in which the policies are in force."
blank,
narrative,"Certain products are subject to experience adjustments. These include group life and group medical products, credit life contracts, accident and health insurance contracts/riders attached to life policies and, to a limited extent, reinsurance agreements with other direct insurers. Ultimate premiums from these contracts are estimated and recognized as revenue with the unearned portions of the premiums recorded as liabilities in Other policyholder funds. Experience adjustments vary according to the type of contract and the territory in which the policy is in force and are subject to local regulatory guidance."
blank,
narrative,The following table presents the transition rollforward of URR:
blank,
narrative,LifeInsuranceInstitutionalMarketsOther*Total
blank,
narrative,(in millions)
blank,
table_row,"Pre-adoption December 31, 2020 URR balance$1,413 $2 $132 $1,547 "
blank,
table_row,Adjustment for the removal of related balances in Accumulated other comprehensive income (loss) originating from unrealized gains (losses)248 — — 248 
blank,
table_row,"Post-adoption January 1, 2021 URR balance$1,661 $2 $132 $1,795 "
blank,
narrative,"*Represents Life and Retirement legacy insurance lines ceded to Fortitude Re. Other policyholder funds, excluding URR, totaled $2.0 billion."
blank,
narrative,"Prior to the adoption of LDTI, URR for investment-oriented products included the effect of unrealized gains or losses on fixed maturity securities classified as available for sale. At the Transition Date, these adjustments were removed with a corresponding offset in AOCI. As the available for sale portfolio was in an unrealized gain position as of the Transition Date, the adjustment for removal of related balances in AOCI originating from unrealized gains (losses) balances reduced URR."
blank,
narrative,The following table presents a rollforward of URR:
blank,
table_row,LifeInsuranceInstitutionalMarketsOther*Total
blank,
table_row,(in millions)
blank,
table_row,"Year Ended December 31, 2023"
blank,
table_row,"Balance, beginning of year$1,727 $2 $105 $1,834 "
blank,
table_row,Revenue deferred153 — — 153 
blank,
table_row,Amortization(110)(1)(11)(122)
blank,
table_row,"Balance, end of year$1,770 $1 $94 $1,865 "
blank,
table_row,"Year Ended December 31, 2022"
blank,
table_row,"Balance, beginning of year$1,693 $2 $116 $1,811 "
blank,
table_row,Revenue deferred143 — — 143 
blank,
table_row,Amortization(109)— (11)(120)
blank,
table_row,"Balance, end of year$1,727 $2 $105 $1,834 "
blank,
table_row,"Year Ended December 31, 2021"
blank,
table_row,"Balance, beginning of year$1,661 $2 $132 $1,795 "
blank,
table_row,Revenue deferred140 — — 140 
blank,
table_row,Amortization(108)— (15)(123)
blank,
table_row,"Other, including foreign exchange— — (1)(1)"
blank,
table_row,"Balance, end of year$1,693 $2 $116 $1,811 "
blank,
narrative,"*Represents Life and Retirement legacy insurance lines ceded to Fortitude Re. At December 31, 2023, 2022 and 2021, Other policyholder funds, excluding URR, totaled $1.5 billion, $1.6 billion and $1.7 billion, respectively.  "
blank,
footer,228
blank,
footer,AIG | 2023 Form 10-K
blank,
blank,
footer,ITEM 8 | Notes to Consolidated Financial Statements | 14. Market Risk Benefits
blank,
narrative,14. Market Risk Benefits
blank,
narrative,"MRBs are defined as contracts or contract features that both provide protection to the contract holder from other-than-nominal capital market risk and expose AIG to other-than nominal capital market risk. The MRB represents an amount that a policyholder receives in addition to the account balance upon the occurrence of a specific event or circumstance, such as death, annuitization, or periodic withdrawal that involves protection from other-than-nominal capital market risk. Certain contract features, such as GMWBs, GMDBs and guaranteed minimum income benefits (GMIBs) commonly found in variable, fixed index and fixed annuities, are MRBs. MRBs are assessed at contract inception using a non-option method involving attributed fees that results in an initial fair value of zero or an option method that results in a fair value greater than zero."
blank,
narrative,"MRBs are recorded at fair value, and AIG applies a non-option attributed fee valuation method for variable annuity products, and an option-based valuation method (host offset) for both fixed index and fixed products. Under the non-option valuation method, the attributed fee is determined at contract inception; it cannot exceed the total contract fees and assessments collectible from the contract holder and cannot be less than zero. Investment margin is excluded from the attributed fee determination. Under the option-based valuation method, an offset to the host amount related to the MRB amount is established at inception. Changes in the fair value of MRBs are recorded in net income in Changes in the fair value of market risk benefits, net except for the portion of the fair value change attributable to our own credit risk, which is recognized in OCI. MRBs are derecognized when the underlying contract is surrendered, a GMDB is incurred, a GMIB is annuitized, or when the account value is exhausted on a policy with a GMWB. Generally when a policyholder elects to annuitize a GMIB rider or the account value on a policy with a GMWB rider is reduced to zero, the policy is converted to a payout annuity automatically. When a conversion occurs, the policyholder is issued a new payout annuity contract. At this point, the MRB is derecognized and a LFPB is established for the payout annuity."
blank,
narrative,"Assumptions used to determine the MRB asset (including ceded MRBs) or liability generally include mortality rates that are based upon actual experience modified to allow for variations in policy form; lapse rates that are based upon actual experience modified to allow for variations in policy features; and investment returns, based on stochastically generated scenarios. We evaluate at least annually estimates used to determine the MRB asset or liability and adjust the balance, with a related charge or credit to Change in fair value of MRBs, net, if actual experience or other evidence suggests that earlier assumptions should be revised. In addition, MRBs are valued such that the current provision for nonperformance risk is reflected in the claims cash flows of the asset or liability valuation for direct MRBs. The nonperformance risk spread at contract issue is locked-in. The difference between the MRB valued using the at issue nonperformance risk spread and the current nonperformance risk spread is reported through OCI, while changes in the counterparty credit risk related to ceded MRBs are reported in income."
blank,
narrative,"Changes in the fair value of MRBs, net represents changes in the fair value of market risk benefit liabilities and assets (with the exception of our own credit risk changes), and includes attributed rider fees and benefits, net of changes in the fair value of derivative instruments and fixed maturity securities that are used to economically hedge market risk from the variable annuity GMWB riders."
blank,
narrative,The following table presents the transition rollforward of MRBs:
blank,
table_row,IndividualRetirementGroupRetirementTotal
blank,
table_row,(in millions)
blank,
table_row,"Pre-adoption December 31, 2020 carrying amount for features now classified as MRBs$— $— $— "
blank,
table_row,"Adjustment for the reclassification of the embedded derivative liability from policyholder contract deposits, net of the host adjustment(s)(a)"
blank,
table_row,"5,671 576 6,247 "
blank,
table_row,Adjustment for the reclassification of additional liabilities from Future policy benefits(b)
blank,
table_row,"1,388 221 1,609 "
blank,
table_row,Adjustments for the cumulative effect of the changes to our own credit risk between the original contract issuance date and the Transition Date(c)
blank,
table_row,"2,140 187 2,327 "
blank,
table_row,Adjustment for the removal of related balances in Accumulated other comprehensive income (loss) originating from unrealized gains (losses)(d)
blank,
table_row,(516)(89)(605)
blank,
table_row,Adjustment for the remaining difference (exclusive of our own credit risk change and host contract adjustments) between previous carrying amount and fair value measurement for the MRB(e)
blank,
table_row,"(1,084)(93)(1,177)"
blank,
table_row,"Post-adoption January 1, 2021 carrying amount for features now classified as MRBs$7,599 $802 $8,401 "
blank,
narrative,"(a)Adjustments for the reclassification from Policyholder contract deposits represents certain contract guarantees (e.g., GMWBs) that were previously classified as embedded derivatives, but have been reclassified as MRBs as of January 1, 2021, and the related host impact. The impact on Retained earnings or AOCI resulting from the simultaneous remeasurement of the guarantee as a market risk benefit is reflected in the lines below."
blank,
narrative,"(b)Adjustments for the reclassification from Future policy benefits represents contract guarantees (e.g., GMDBs) that were previously classified as insurance liabilities within Future policy benefits, but have been reclassified as MRBs as of January 1, 2021. The impact on Retained earnings or AOCI resulting from the simultaneous remeasurement of the guarantee as a market risk benefit is reflected in the lines below."
blank,
narrative,(c)Adjustments for the cumulative effect of the changes to our own credit risk between the original contract issuance date and the Transition Date are recognized in AOCI.
blank,
narrative,(d)Adjustment for the removal of related balances in AOCI originating from unrealized gains (losses) with an offset to AOCI relate to the additional liabilities reclassified from Future policy benefits in the line above.
blank,
narrative,"(e)Adjustment for the remaining difference represents the measurement of MRBs at fair value, excluding the impact of our own credit risk with an offset to Retained earnings."
blank,
footer,AIG | 2023 Form 10-K
blank,
footer,229
blank,
blank,
footer,ITEM 8 | Notes to Consolidated Financial Statements | 14. Market Risk Benefits
blank,
narrative,The following is a reconciliation of MRBs by amounts in an asset position and in liability position to the MRB amounts in the Consolidated Balance Sheets at transition:
blank,
table_row,IndividualRetirementGroupRetirementTotal
blank,
table_row,(in millions)
blank,
table_row,Market risk benefit in an asset position$176 $— $176 
blank,
table_row,Reinsured market risk benefit162 — 162 
blank,
table_row,"Market risk benefit assets, at fair value338 — 338 "
blank,
table_row,"Market risk benefit liabilities, at fair value7,937 802 8,739 "
blank,
table_row,"Market risk benefit, net, January 1, 2021$7,599 $802 $8,401 "
blank,
narrative,The following table presents the balances of and changes in MRBs:
blank,
table_row,"Years Ended December 31,202320222021"
blank,
table_row,IndividualRetirementGroupRetirementTotalIndividualRetirementGroupRetirementTotalIndividualRetirementGroupRetirementTotal
blank,
table_row,"(in millions, except for attained age of contract holders)"
blank,
table_row,"Balance, beginning of year$3,738 $296 $4,034 $6,452 $582 $7,034 $7,761 $802 $8,563 "
blank,
table_row,"Effect of changes in our own credit risk(441)(24)(465)(1,934)(167)(2,101)(2,140)(187)(2,327)"
blank,
table_row,"Balance, beginning of year, before effect of changes in our own credit risk$3,297 $272 $3,569 4,518 415 4,933 5,621 615 6,236 "
blank,
table_row,Issuances681 37 718 263 25 288 247 28 275 
blank,
table_row,Interest accrual156 15 171 172 21 193 142 21 163 
blank,
table_row,Attributed fees803 63 866 864 70 934 805 74 879 
blank,
table_row,Expected claims(91)(3)(94)(83)(2)(85)(54)(2)(56)
blank,
table_row,"Effect of changes in interest rates(139)(13)(152)(4,087)(371)(4,458)(1,098)(107)(1,205)"
blank,
table_row,Effect of changes in interest rate volatility(69)(3)(72)263 18 281 74 4 78 
blank,
table_row,"Effect of changes in equity markets(1,236)(109)(1,345)1,382 122 1,504 (1,414)(203)(1,617)"
blank,
table_row,Effect of changes in equity index volatility(14)(5)(19)(75)1 (74)33 20 53 
blank,
table_row,Actual outcome different from model expected outcome188 7 195 164 (3)161 106 8 114 
blank,
table_row,Effect of changes in future expected policyholder behavior(1)1 — (2)(18)(20)53 (36)17 
blank,
table_row,Effect of changes in other future expected assumptions(85)(39)(124)(85)— (85)— — — 
blank,
table_row,"Other, including foreign exchange— (3)(3)3 (6)(3)3 (7)(4)"
blank,
table_row,"Balance, end of year, before effect of changes in our own credit risk3,490 220 3,710 3,297 272 3,569 4,518 415 4,933 "
blank,
table_row,"Effect of changes in our own credit risk1,072 88 1,160 441 24 465 1,934 167 2,101 "
blank,
table_row,"Balance, end of year4,562 308 4,870 3,738 296 4,034 6,452 582 7,034 "
blank,
table_row,"Less: Reinsured MRB, end of year(77)— (77)(94)— (94)(145)— (145)"
blank,
table_row,"Net Liability Balance after reinsurance recoverable$4,485 $308 $4,793 $3,644 $296 $3,940 $6,307 $582 $6,889 "
blank,
table_row,Net amount at risk
blank,
table_row,"GMDB only$758 $160 $918 $1,615 $371 $1,986 $684 $159 $843 "
blank,
table_row,GMWB only$152 $13 $165 $27 $1 $28 $831 $118 $949 
blank,
table_row,"Combined*$1,011 $18 $1,029 $2,084 $39 $2,123 $567 $14 $581 "
blank,
table_row,Weighted average attained age of contract holders706470647063
blank,
narrative,*Certain contracts contain both guaranteed GMDB and GMWB features and are modeled together for the purposes of calculating the MRB.
blank,
narrative,The following is a reconciliation of MRBs by amounts in an asset position and in a liability position to the MRBs amount in the Consolidated Balance Sheets:
blank,
table_row,"December 31, 2023December 31, 2022"
blank,
table_row,(in millions)Asset*Liability*NetAsset*Liability*Net
blank,
table_row,"Individual Retirement$740 $5,225 $4,485 $661 $4,305 $3,644 "
blank,
table_row,Group Retirement172 480 308 135 431 296 
blank,
table_row,"Total$912 $5,705 $4,793 $796 $4,736 $3,940 "
blank,
narrative,*Cash flows and attributed fees for MRBs are determined on a policy level basis and are reported based on their asset or liability position at the balance sheet date.
blank,
narrative,"For additional information related to fair value measurements of MRBs, see Note 5."
blank,
footer,230
blank,
footer,AIG | 2023 Form 10-K
blank,
blank,
footer,ITEM 8 | Notes to Consolidated Financial Statements | 14. Market Risk Benefits
blank,
narrative,ACTUARIAL ASSUMPTION UPDATES FOR MARKET RISK BENEFITS
blank,
narrative,"In 2023, the life insurance companies recognized a favorable impact to net income due to policyholder behavior assumptions. In 2022, the life insurance companies recognized a favorable impact to net income due to an update to the relationship between projected equity growth and interest rates for annuities. For 2021, the impacts were mainly due to updating the lapse rate expectations."
blank,
narrative,ANNUITY GUARANTEES
blank,
narrative,"Annuity contracts may include certain contractually guaranteed benefits to the contract holder. These guaranteed features include GMDBs that are payable in the event of death and living benefits that are payable when partial withdrawals exhaust a policy’s account value, in the event of annuitization, or, in other instances, at specified dates during the accumulation period. Living benefits primarily include GMWBs. A variable annuity contract may include more than one type of guaranteed benefit feature; for example, it may have both GMDB and GMWB. However, a policyholder can only receive payout from one guaranteed feature on a contract containing a death benefit and a living benefit, i.e., the features are mutually exclusive (except a surviving spouse who has a rider to potentially collect both GMDB upon their spouse’s death and GMWB during their lifetime). A policyholder cannot purchase more than one living benefit on one contract. The net amount at risk for each feature is calculated irrespective of the existence of other features; as a result, the net amount at risk for each feature is not additive to that of other features."
blank,
narrative,Guaranteed Benefits on Variable Annuities 
blank,
narrative,"The GMDB feature may provide a death benefit of either (a) total deposits made to the contract, less any partial withdrawals plus a minimum return (and in rare instances, no minimum return), (b) return of premium whereby the benefit is the greater of the current account value or premiums paid less any partial withdrawals, (c) rollups whereby the benefit is the greater of current account value or premiums paid (adjusted for withdrawals) accumulated at contractually specified rates up to specified ages, or (d) the highest contract value attained, typically on any anniversary date less any subsequent withdrawals following the contract anniversary. "
blank,
narrative,"Certain of our variable annuity contracts contain GMDB features and may also contain living benefit riders, which include optional GMWBs and, to a lesser extent, GMABs and GMIBs. These living benefits and GMDBs related to variable annuity contracts are accounted for as MRBs measured at fair value, with changes in the fair value (excluding changes in our own credit risk) recorded in Change in the fair value of MRBs, net. The net amount at risk for the GMWB represents benefits in excess of the account value assuming the utilization of all benefits by the contract holders at the balance sheet date. The net amount at risk for the GMDB feature represents the amount of guaranteed benefits in excess of account value if all policyholders died. GMDB is our most widely offered benefit."
blank,
narrative,Guaranteed Benefits on Fixed Index and Fixed Annuities
blank,
narrative,"Certain of our fixed annuity and fixed index annuity contracts, which are not offered through separate accounts, contain optional GMWBs. With a GMWB, the contract holder can monetize the excess of the guaranteed amount over the account value of the contract through a series of withdrawals that do not exceed a specific percentage per year of the guaranteed amount. Once the account value is exhausted, the contract holder will receive a series of annuity payments equal to the remaining guaranteed amount; for lifetime GMWB products, the annuity payments continue as long as the covered person(s) is living. The liability for GMWBs in fixed annuity and fixed index annuity contracts, which are recorded in MRBs, represents the expected value of benefits in excess of the projected account value, with the excess (excluding changes in our own credit risk) recognized at fair value through Change in the fair value of MRBs, net."
blank,
narrative,The liability for all of our GMWBs in fixed annuity and fixed index annuity contracts are accounted for as MRBs.
blank,
narrative,"For a discussion of the fair value measurement of guaranteed benefits that are accounted for as MRBs, see Note 5."
blank,
narrative,15. Separate Account Assets and Liabilities
blank,
narrative,"We report variable contracts within the separate accounts when investment income and investment gains and losses accrue directly to, and investment risk is borne by, the contract holder and the separate account meets additional accounting criteria to qualify for separate account treatment. The assets supporting the variable portion of variable annuity and variable universal life contracts that qualify for separate account treatment are carried at fair value and are reported as separate account assets, with an equivalent summary total reported as separate account liabilities. The assets of separate accounts are legally segregated and are not subject to claims that arise from any of our other businesses."
blank,
footer,AIG | 2023 Form 10-K
blank,
footer,231
blank,
blank,
footer,ITEM 8 | Notes to Consolidated Financial Statements | 15. Separate Account Assets and Liabilities
blank,
narrative,"Policy values for variable products and investment contracts are expressed in terms of investment units. Each unit is linked to an asset portfolio. The value of a unit increases or decreases based on the value of the linked asset portfolio. The current liability at any time is the sum of the current unit value of all investment units in the separate accounts, plus any liabilities for MRBs."
blank,
narrative,"Amounts assessed against the policyholders for mortality, administrative and other services are included in policy fees. Investment performance (including investment income, net investment gains (losses) and changes in unrealized gains (losses)) and the corresponding amounts credited to policyholders of such separate accounts are offset within the same line in the Consolidated Statements of Income (Loss).  "
blank,
narrative,"For discussion of the fair value measurement of guaranteed benefits that are accounted for as MRBs, see Note 5. "
blank,
narrative,The following table presents fair value of separate account investment options:
blank,
table_row,"December 31, 2023December 31, 2022"
blank,
table_row,(in millions)IndividualRetirementGroupRetirementLifeInsuranceInstitutionalMarketsTotalIndividualRetirementGroupRetirementLifeInsuranceInstitutionalMarketsTotal
blank,
table_row,"Equity Funds$25,451 $28,675 $819 $593 $55,538 $22,990 $24,608 $687 $581 $48,866 "
blank,
table_row,"Bond Funds4,037 3,292 44 1,303 8,676 3,802 4,081 46 1,321 9,250 "
blank,
table_row,"Balanced Funds17,711 5,479 53 1,923 25,166 17,663 5,113 49 1,939 24,764 "
blank,
table_row,"Money Market Funds694 742 16 173 1,625 723 559 17 674 1,973 "
blank,
table_row,"Total$47,893 $38,188 $932 $3,992 $91,005 $45,178 $34,361 $799 $4,515 $84,853 "
blank,
narrative,The following table presents the balances and changes in Separate account liabilities:
blank,
table_row,"Year Ended December 31, 2023IndividualRetirementGroup RetirementLifeInsuranceInstitutionalMarketsTotal"
blank,
table_row,(in millions)
blank,
table_row,"Balance, beginning of year$45,178 $34,361 $799 $4,515 $84,853 "
blank,
table_row,"Premiums and deposits1,408 1,374 36 41 2,859 "
blank,
table_row,"Policy charges(1,241)(441)(49)(93)(1,824)"
blank,
table_row,"Surrenders and withdrawals(3,744)(3,047)(25)(721)(7,537)"
blank,
table_row,"Benefit payments(844)(557)(7)(68)(1,476)"
blank,
table_row,"Investment performance6,933 6,666 181 287 14,067 "
blank,
table_row,Net transfers from (to) general account and other203 (168)(3)31 63 
blank,
table_row,"Balance, end of year$47,893 $38,188 $932 $3,992 $91,005 "
blank,
table_row,"Cash surrender value*$46,911 $37,992 $911 $3,994 $89,808 "
blank,
table_row,"Year Ended December 31, 2022"
blank,
table_row,"Balance, beginning of year$57,927 $45,138 $1,044 $5,002 $109,111 "
blank,
table_row,"Premiums and deposits2,420 1,611 37 69 4,137 "
blank,
table_row,"Policy charges(1,325)(461)(51)(100)(1,937)"
blank,
table_row,"Surrenders and withdrawals(3,320)(2,452)(22)(131)(5,925)"
blank,
table_row,"Benefit payments(898)(613)(6)(59)(1,576)"
blank,
table_row,"Investment performance(9,861)(8,479)(201)(319)(18,860)"
blank,
table_row,Net transfers from (to) general account and other235 (383)(2)53 (97)
blank,
table_row,"Balance, end of year$45,178 $34,361 $799 $4,515 $84,853 "
blank,
table_row,"Cash surrender value*$44,124 $34,169 $777 $4,518 $83,588 "
blank,
table_row,"Year Ended December 31, 2021"
blank,
table_row,"Balance, beginning of year$53,456 $41,310 $912 $4,612 $100,290 "
blank,
table_row,"Premiums and deposits4,081 1,979 49 76 6,185 "
blank,
table_row,"Policy charges(1,368)(523)(52)(98)(2,041)"
blank,
table_row,"Surrenders and withdrawals(4,261)(3,013)(32)(82)(7,388)"
blank,
table_row,"Benefit payments(1,039)(615)(10)(23)(1,687)"
blank,
table_row,"Investment performance6,743 6,711 180 486 14,120 "
blank,
table_row,Net transfers from (to) general account and other315 (711)(3)31 (368)
blank,
table_row,"Balance, end of year$57,927 $45,138 $1,044 $5,002 $109,111 "
blank,
table_row,"Cash surrender value*$56,727 $44,909 $1,026 $4,993 $107,655 "
blank,
narrative,*The cash surrender value represents the amount of the contract holder’s account balance distributable at the balance sheet date less applicable surrender charges. 
blank,
narrative,Separate account liabilities primarily represent the contract holder's account balance in separate account assets and will be equal and offsetting to total separate account assets.
blank,
footer,232
blank,
footer,AIG | 2023 Form 10-K
blank,
blank,
footer,ITEM 8 | Notes to Consolidated Financial Statements | 16. Debt
blank,
narrative,16. Debt
blank,
narrative,"Our long-term debt is denominated in various currencies, with both fixed and variable interest rates. Long-term debt is carried at the principal amount borrowed, including unamortized discounts, hedge accounting valuation adjustments and fair value adjustments, when applicable."
blank,
narrative,"The following table lists our total debt outstanding at December 31, 2023 and 2022. The interest rates presented in the following table are the range of contractual rates in effect at December 31, 2023, including fixed and variable-rates:"
blank,
table_row,"At December 31, 2023Range ofInterest Rate(s)MaturityDate(s)Balance atDecember 31, 2023Balance atDecember 31, 2022"
blank,
table_row,(in millions)
blank,
table_row,Debt issued or guaranteed by AIG:
blank,
table_row,AIG general borrowings:
blank,
table_row,Notes and bonds payable0% - 6.82%
blank,
table_row,2024 - 2055
blank,
table_row,"$9,079 $10,242 "
blank,
table_row,Junior subordinated debt4.88% - 8.18%
blank,
table_row,2037 - 2058
blank,
table_row,992 991 
blank,
table_row,AIG Japan Holdings Kabushiki Kaisha0.27% - 0.35%
blank,
table_row,2025
blank,
table_row,267 273 
blank,
table_row,Validus notes and bonds payable— 269 
blank,
table_row,"Total AIG general borrowings10,338 11,775 "
blank,
table_row,AIG borrowings supported by assets:
blank,
table_row,AIG notes and bonds payable 7.00% - 8.13%
blank,
table_row,2025 - 2026
blank,
table_row,19 81 
blank,
table_row,Series AIGFP matched notes and bonds payable0.00% - 5.48%
blank,
table_row,2024 - 2046
blank,
table_row,18 18 
blank,
table_row,Total AIG borrowings supported by assets37 99 
blank,
table_row,"Total debt issued or guaranteed by AIG10,375 11,874 "
blank,
table_row,Corebridge debt:
blank,
table_row,CRBGLH notes and bonds payable(a)
blank,
table_row,6.63% - 7.50%
blank,
table_row,2025 - 2029
blank,
table_row,200 200 
blank,
table_row,CRBGLH junior subordinated debt(a)
blank,
table_row,7.57% - 8.50%
blank,
table_row,2030 - 2046
blank,
table_row,227 227 
blank,
table_row,Corebridge senior unsecured notes - not guaranteed by AIG3.50% - 6.05%
blank,
table_row,2025 - 2052
blank,
table_row,"7,702 6,452 "
blank,
table_row,Corebridge junior subordinated debt - not guaranteed by AIG6.88%
blank,
table_row,2052
blank,
table_row,989 989 
blank,
table_row,DDTL facility - not guaranteed by AIG3.00% - 5.50%
blank,
table_row,2025
blank,
table_row,"250 1,500 "
blank,
table_row,"Total Corebridge debt9,368 9,368 "
blank,
table_row,"GIAs, at fair value - supported by Corebridge assets(b)"
blank,
table_row,4.88% - 5.04%
blank,
table_row,2037 - 2038
blank,
table_row,53 56 
blank,
table_row,"Other subsidiaries' notes, bonds, loans and mortgages payable - not guaranteed by AIG— 1 "
blank,
table_row,"Total Short-term and long-term debt$19,796 $21,299 "
blank,
table_row,Debt of consolidated investment entities - not guaranteed by AIG(c)
blank,
table_row,0% - 4.45%
blank,
table_row,2024 - 2051
blank,
table_row,"$2,591 $5,880 "
blank,
table_row,"Total debt$22,387 $27,179 "
blank,
narrative,"(a)We have entered into a guarantee reimbursement agreement with Corebridge and Corebridge Life Holdings, Inc. (CRBGLH) (formerly known as AIG Life Holdings, Inc.) which provides that Corebridge and CRBGLH will reimburse AIG for the full amount of any payment made by or on behalf of AIG pursuant to AIG’s guarantee of the CRBGLH notes and junior subordinated debt. We have also entered into a collateral agreement with Corebridge and CRBGLH which provides that in the event of: (i) a ratings downgrade of Corebridge or CRBGLH long-term unsecured indebtedness below specified levels or (ii) the failure by CRBGLH to pay principal and interest on the CRBGLH debt when due, Corebridge and CRBGLH must collateralize an amount equal to the sum of: (i) 100 percent of the principal amount outstanding, (ii) accrued and unpaid interest, and (iii) 100 percent of the net present value of scheduled interest payments. through the maturity dates of the CRBGLH debt. "
blank,
narrative,"(b)Collateral posted to third parties was $63 million and $63 million at December 31, 2023 and 2022, respectively. This collateral primarily consists of securities of the U.S. government and government sponsored entities and generally cannot be repledged or resold by the counterparties."
blank,
narrative,"(c)At December 31, 2023, includes debt of consolidated investment entities primarily related to real estate investments of $1.5 billion and other securitization vehicles of $1.1 billion. At December 31, 2022, includes debt of consolidated investment entities related to real estate investments of $1.5 billion and other securitization vehicles of $4.4 billion."
blank,
footer,AIG | 2023 Form 10-K
blank,
footer,233
blank,
blank,
footer,ITEM 8 | Notes to Consolidated Financial Statements | 16. Debt
blank,
narrative,"The following table presents maturities of short-term and long-term debt (including unamortized original issue discount, hedge accounting valuation adjustments and fair value adjustments, when applicable):"
blank,
table_row,"December 31, 2023Year Ending"
blank,
table_row,(in millions)Total20242025202620272028Thereafter
blank,
table_row,Debt issued or guaranteed by AIG:
blank,
table_row,AIG general borrowings:
blank,
table_row,Notes and bonds payable
blank,
table_row,"$9,079 $459 $146 $268 $905 $340 $6,961 "
blank,
table_row,Junior subordinated debt992 — — — — — 992 
blank,
table_row,AIG Japan Holdings Kabushiki Kaisha(a)
blank,
table_row,267 — 267 — — — — 
blank,
table_row,"Total AIG general borrowings10,338 459 413 268 905 340 7,953 "
blank,
table_row,AIG borrowings supported by assets:
blank,
table_row,AIG notes and bonds payable19 — 12 7 — — — 
blank,
table_row,Series AIGFP matched notes and bonds payable18 — — — — — 18 
blank,
table_row,Total AIG borrowings supported by assets37 — 12 7 — — 18 
blank,
table_row,"Total debt issued or guaranteed by AIG10,375 459 425 275 905 340 7,971 "
blank,
table_row,Corebridge debt:
blank,
table_row,CRBGLH notes and bonds payable200 — 101 — — — 99 
blank,
table_row,CRBGLH junior subordinated debt227 — — — — — 227 
blank,
table_row,"Corebridge senior unsecured notes7,702 — 997 — 1,243 — 5,462 "
blank,
table_row,Corebridge junior subordinated debt989 — — — — — 989 
blank,
table_row,DDTL facility(b)
blank,
table_row,250 250 — — — — — 
blank,
table_row,"Total Corebridge debt9,368 250 1,098 — 1,243 — 6,777 "
blank,
table_row,"GIAs, at fair value - supported by Corebridge assets53 — — — — — 53 "
blank,
table_row,Total(c)
blank,
table_row,"$19,796 $709 $1,523 $275 $2,148 $340 $14,801 "
blank,
narrative,"(a)In May 2023, the AIG Japan Holdings Kabushiki Kaisha syndicated loan facility in the amount of JPY24.65 billion and with a maturity date of May 25, 2023, was refinanced, and will now mature on March 25, 2025."
blank,
narrative,"(b)Corebridge has the ability to further continue this borrowing through February 25, 2025."
blank,
narrative,"(c)Does not reflect $2.6 billion of notes issued by consolidated investment entities, for which recourse is limited to the assets of the respective investment entities and for which there is no recourse to the general credit of AIG."
blank,
narrative,DEBT ISSUANCE
blank,
narrative,"In March 2023, AIG issued $750 million aggregate principal amount of 5.125% Notes Due 2033."
blank,
table_row,"On September 15, 2023, Corebridge issued $500 million aggregate principal amount of its 6.050% Senior Notes due 2033. "
blank,
table_row,"On December 8, 2023, Corebridge issued $750 million aggregate principal amount of its 5.750% Senior Notes due 2034. "
blank,
narrative,DEBT CASH TENDER OFFERS AND REDEMPTIONS
blank,
narrative,"In 2023, we repurchased, through cash tender offers, and redeemed $2.2 billion aggregate principal amount of certain notes and debentures issued or guaranteed by AIG, for an aggregate purchase price of $2.2 billion, resulting in a total gain on extinguishment of debt of $37 million. This includes the following:"
blank,
narrative,"•Repaid £311 million aggregate principal amount of our 5.00% Notes due 2023, which was equivalent to approximately $388 million at the time of repayment."
blank,
narrative,"•Redeemed $199 million aggregate principal amount of Validus 8.875% Senior Notes due 2040 for a redemption price of 143.968 percent of the principal amount, plus accrued and unpaid interest, which totaled $289 million."
blank,
narrative,"•Repurchased, through cash tender offers, approximately $1.6 billion aggregate principal amount of certain notes and debentures issued by AIG for an aggregate purchase price of approximately $1.5 billion."
blank,
narrative,CREDIT FACILITIES
blank,
narrative,"On November 19, 2021, we entered into a credit agreement, which provides for a committed, revolving syndicated credit facility (the Facility) as a potential source of liquidity for general corporate purposes. The Facility provides for aggregate commitments by the bank syndicate to provide unsecured revolving loans and/or standby letters of credit of up to $4.5 billion without any limits on the type of borrowings and is scheduled to expire in November 2026. Under circumstances described in the credit agreement, the aggregate commitments may be increased by up to $500 million, for a total commitment of up to $5 billion. As of December 31, 2023, a total of $4.5 billion remained available under the Facility."
blank,
footer,234
blank,
footer,AIG | 2023 Form 10-K
blank,
blank,
footer,ITEM 8 | Notes to Consolidated Financial Statements | 16. Debt
blank,
narrative,"Corebridge maintains a committed, revolving syndicated credit facility (the Corebridge Facility) with aggregate commitments by the bank syndicate to provide Corebridge with unsecured revolving loans and/or standby letters of credit of up to $2.5 billion without any limits on the type of borrowings and with no recourse to AIG Parent. The Corebridge Facility is scheduled to expire in May 2027. As of December 31, 2023, a total of $2.5 billion remained available under the Corebridge Facility."
blank,
narrative,"Corebridge also maintains a 3-Year Delayed Draw Term Loan Agreement (the DDTL Facility) scheduled to mature in February 2025. On September 15, 2022, Corebridge borrowed $1.5 billion under the DDTL Facility, $1.25 billion of which Corebridge repaid in 2023. At December 31, 2023, Corebridge has $250 million of borrowings outstanding in the DDTL Facility, with no recourse to AIG Parent."
blank,
narrative,"We also maintain a revolving credit facility that can be utilized exclusively by certain consolidated investment entities to acquire assets related to securitizations. Draws under this credit facility cannot be utilized for general corporate purposes. Prior to the pricing of the related securitizations, this credit facility has a limit of up to $250 million. Subsequent to pricing of the related securitizations, the limit is expected to increase to up to approximately $450 million. As of December 31, 2023, we have drawn $43 million under the credit facility. This credit facility has a maturity date of seven years."
blank,
narrative,"We also maintain revolving credit facilities that can exclusively be utilized by certain consolidated investment entities to acquire real estate assets. Draws under those credit facilities cannot be utilized for general corporate purposes. These credit facilities have consolidated limits of up to $396 million. As of December 31, 2023, we have drawn $231 million, under the credit facilities. Each of these credit facilities have maturity dates ranging from one year to two years."
blank,
narrative,"17. Contingencies, Commitments and Guarantees"
blank,
narrative,"In the normal course of business, various contingent liabilities and commitments are entered into by AIG and our subsidiaries. In addition, AIG Parent guarantees various obligations of certain subsidiaries."
blank,
narrative,"Although AIG cannot currently quantify its ultimate liability for unresolved litigation and investigation matters, including those referred to below, it is possible that such liability could have a material adverse effect on AIG’s consolidated financial condition or its consolidated results of operations or consolidated cash flows for an individual reporting period."
blank,
narrative,LEGAL CONTINGENCIES
blank,
narrative,Overview
blank,
narrative,"In the normal course of business, AIG and our subsidiaries are subject to regulatory and government investigations and actions, and litigation and other forms of dispute resolution in a large number of proceedings pending in various domestic and foreign jurisdictions. Certain of these matters involve potentially significant risk of loss due to potential for significant jury awards and settlements, punitive damages or other penalties. Many of these matters are also highly complex and may seek recovery on behalf of a class or similarly large number of plaintiffs. It is therefore inherently difficult to predict the size or scope of potential future losses arising from these matters. In our insurance and reinsurance operations, litigation and arbitration concerning the scope of coverage under insurance and reinsurance contracts, and litigation and arbitration in which our subsidiaries defend or indemnify their insureds under insurance contracts, are generally considered in the establishment of our loss reserves. Separate and apart from the foregoing matters involving insurance and reinsurance coverage, AIG, our subsidiaries and their respective officers and directors are subject to a variety of additional types of legal proceedings brought by holders of AIG securities, customers, employees and others, alleging, among other things, breach of contractual or fiduciary duties, bad faith, indemnification and violations of federal and state statutes and regulations. With respect to these other categories of matters not arising out of claims for insurance or reinsurance coverage, we establish reserves for loss contingencies when it is probable that a loss will be incurred and the amount of the loss can be reasonably estimated. In many instances, we are unable to determine whether a loss is probable or to reasonably estimate the amount of such a loss and, therefore, the potential future losses arising from legal proceedings may exceed the amount of liabilities that we have recorded in our financial statements covering these matters. While such potential future charges could be material, based on information currently known to management, management does not believe, other than as may be discussed below, that any such charges are likely to have a material adverse effect on our financial position or results of operation."
blank,
narrative,"Additionally, from time to time, various regulatory and governmental agencies review the transactions and practices of AIG and our subsidiaries in connection with industry-wide and other inquiries or examinations into, among other matters, the business practices of current and former operating insurance subsidiaries. Such investigations, inquiries or examinations could develop into administrative, civil or criminal proceedings or enforcement actions, in which remedies could include fines, penalties, restitution or alterations in our business practices, and could result in additional expenses, limitations on certain business activities and reputational damage."
blank,
footer,AIG | 2023 Form 10-K
blank,
footer,235
blank,
blank,
footer,"ITEM 8 | Notes to Consolidated Financial Statements | 17. Contingencies, Commitments and Guarantees"
blank,
narrative,Moriarty Litigation
blank,
narrative,"American General Life Insurance Company (AGL) continues to defend against Moriarty v. American General Life Insurance Co. (S.D. Cal.), a putative class action involving Sections 10113.71 and 10113.72 of the California Insurance Code. In general, those statutes require that for life-insurance policies issued and delivered in California: (1) the policy must contain a 60-day grace period following nonpayment of premium during which the policy remains in force; (2) the insurer must provide a 30-day pre-lapse notice; and (3) the insurer must notify policy owners of the right to designate a secondary recipient for lapse notices. The Moriarty plaintiff contends AGL did not comply with these requirements for a policy issued before these statutes went into effect. The plaintiff seeks damages and other relief. AGL asserts various defenses to the plaintiff’s claims and to class certification. In 2022, the District Court held a trial was necessary to determine whether AGL was liable, and it denied class certification. In May 2023, the case was reassigned to a new judge. On August 14, 2023, the District Court granted the plaintiff’s motion for summary judgment on the plaintiff’s breach-of-contract claim. On September 26, 2023, the District Court decided that good cause exists to allow the plaintiff to file a third motion for class certification. At the same time, however, the District Court certified its August 14, 2023 order for interlocutory appeal to the Ninth Circuit and stayed trial-court proceedings pending the outcome of AGL’s appeal. The Ninth Circuit granted AGL’s petition for interlocutory appeal on November 21, 2023, which remains pending."
blank,
narrative,"AGL is defending other actions in California involving similar issues: Allen v. Protective Life Insurance Co. and AGL (E.D. Cal.), in which the individual plaintiff filed a motion on August 11, 2023 seeking leave to amend the complaint to add class-action allegations against AGL; and Chuck v. American General Life Insurance Co. (C.D. Cal.), which was filed on September 6, 2023 as a putative class action. These cases are in the early stages, and we expect their progress will be influenced by future developments in Moriarty and cases against other insurers involving the same statutes."
blank,
narrative,We have accrued our current estimate of probable loss with respect to these litigation matters.
blank,
narrative,LEASE COMMITMENTS
blank,
narrative,"We lease office space and equipment in various locations across jurisdictions in which the Company operates. The majority of the resulting obligation arising from these contracts is generated by our real estate portfolio, which only includes contracts classified as operating leases. The lease liability and corresponding right of use asset reflected in Other liabilities and Other assets were $919 million and $767 million, respectively, at December 31, 2023, and $1.1 billion and $880 million, respectively, at December 31, 2022. We made cash payments of $197 million and $205 million in 2023 and 2022, respectively, in connection with these leases. The liability includes non-lease components, such as property taxes and insurance for our gross leases. Some of these leases contain options to renew after a specified period of time at the prevailing market rate; however, renewal options that have not been exercised as of December 31, 2023 are excluded until management attains a reasonable level of certainty. Some leases also include termination options at specified times and term; however, termination options are not reflected in the lease asset and liability balances until they have been exercised."
blank,
narrative,"The weighted average discount rate and lease term assumptions used in determining the liability are 2.96 percent and 10.2 years, respectively. The primary assumption used to determine the discount rate is the cost of funding for the Company, which is based on the secured borrowing rate for terms similar to the lease term, and for the major financial markets in which AIG operates."
blank,
table_row,"Rent expense was $177 million, $190 million and $237 million for the years ended December 31, 2023, 2022 and 2021, respectively."
blank,
narrative,"The following table presents the future undiscounted cash flows under operating leases at December 31, 2023:"
blank,
table_row,(in millions)
blank,
table_row,2024$164
blank,
table_row,2025134
blank,
table_row,202693
blank,
table_row,202785
blank,
table_row,202877
blank,
table_row,Remaining years after 2028576
blank,
table_row,"Total undiscounted lease payments1,129"
blank,
table_row,Less: Present value adjustment210
blank,
table_row,Net lease liabilities$919
blank,
narrative,OTHER COMMITMENTS
blank,
narrative,"In the normal course of business, we enter into commitments to invest in limited partnerships, private equity funds and hedge funds and to purchase and develop real estate in the U.S. and abroad. These commitments totaled $6.1 billion and $6.6 billion at December 31, 2023 and 2022, respectively."
blank,
footer,236
blank,
footer,AIG | 2023 Form 10-K
blank,
blank,
footer,"ITEM 8 | Notes to Consolidated Financial Statements | 17. Contingencies, Commitments and Guarantees"
blank,
narrative,GUARANTEES
blank,
narrative,Subsidiaries
blank,
narrative,"We have issued unconditional guarantees with respect to the prompt payment, when due, of all present and future payment obligations and liabilities of AIGFP and certain of its subsidiaries. We have also issued guarantees of all present and future payment obligations and liabilities of AIG Markets, Inc."
blank,
narrative,"Due to the deconsolidation of AIGFP and its subsidiaries, as of December 31, 2023, a $102 million guarantee related to the obligations of AIGFP and certain of its subsidiaries was recognized, and is reported in Other liabilities."
blank,
narrative,Business and Asset Dispositions
blank,
narrative,"We are subject to financial guarantees and indemnity arrangements in connection with the completed sales of businesses and assets. The various arrangements may be triggered by, among other things, declines in asset values, the occurrence of specified business contingencies, the realization of contingent liabilities, developments in litigation or breaches of representations, warranties or covenants provided by us. These arrangements are typically subject to various time limitations, defined by the contract or by operation of law, such as statutes of limitation. In some cases, the maximum potential obligation is subject to contractual limitations, while in other cases such limitations are not specified or are not applicable. "
blank,
narrative,"We are unable to develop a reasonable estimate of the maximum potential payout under certain of these arrangements. Overall, we believe the likelihood that we will have to make any material payments related to completed sales under these arrangements is remote, and no material liabilities related to these arrangements have been recorded in the Consolidated Balance Sheets."
blank,
narrative,Other
blank,
narrative,"•For additional information on commitments and guarantees associated with VIEs, see Note 10. "
blank,
narrative,"•For additional information on derivatives, see Note 11."
blank,
narrative,18. Equity
blank,
narrative,SHARES OUTSTANDING
blank,
narrative,Preferred Stock
blank,
narrative,"On March 14, 2019, we issued 20,000 shares of Series A 5.85% Non-Cumulative Perpetual Preferred Stock (Series A Preferred Stock) (equivalent to 20,000,000 Depositary Shares (the Depositary Shares), each representing a 1/1,000th interest in a share of Series A Preferred Stock), $5.00 par value and $25,000 liquidation preference per share (equivalent to $25 per Depositary Share). After underwriting discounts and expenses, we received net proceeds of approximately $485 million."
blank,
narrative,"We may redeem the Series A Preferred Stock at our option, (a) in whole, but not in part, at any time prior to March 15, 2024, within 90 days after the occurrence of a “Rating Agency Event,” (as defined in our Amended and Restated Certificate of Incorporation), at a redemption price equal to $25,500 per share of the Series A Preferred Stock (equivalent to $25.50 per Depositary Share), plus an amount equal to any dividends per share that have been declared but not paid prior to the redemption date (but no amount due in respect of any dividends that have not been declared prior to such date), or (b) (i) in whole, but not in part, at any time prior to March 15, 2024, within 90 days after the occurrence of a “Regulatory Capital Event,” or (ii) in whole or in part, from time to time, on or after March 15, 2024, in each case, at a redemption price equal to $25,000 per share of the Series A Preferred Stock (equivalent to $25.00 per Depositary Share), plus an amount equal to any dividends per share that have been declared but not paid prior to the redemption date (but no amount due in respect of any dividends that have not been declared prior to such date). "
blank,
narrative,"Holders of the Series A Preferred Stock will be entitled to receive dividend payments only when, as and if declared by our Board of Directors (or a duly authorized committee of the board). Dividends will be payable from the original date of issue at a rate of 5.85% per annum, payable quarterly, in arrears, on the fifteenth day of March, June, September and December of each year, beginning on June 15, 2019. Dividends on the Series A Preferred Stock will be non-cumulative. "
blank,
narrative,"In the event of any liquidation, dissolution or winding-up of the affairs of AIG, whether voluntary or involuntary, before any distribution or payment out of our assets may be made to or set aside for the holders of any junior stock, holders of the Series A Preferred Stock will be entitled to receive out of our assets legally available for distribution to our shareholders, an amount equal to $25,000 per share of Series A Preferred Stock (equivalent to $25.00 per Depositary Share), together with an amount equal to all declared and unpaid dividends (if any), but no amount in respect of any undeclared dividends prior to such payment date. Distributions will be made only to the extent of our assets that are available for distribution to shareholders (i.e., after satisfaction of all our liabilities to creditors, if any)."
blank,
footer,AIG | 2023 Form 10-K
blank,
footer,237
blank,
blank,
footer,ITEM 8 | Notes to Consolidated Financial Statements | 18. Equity
blank,
narrative,"The Series A Preferred Stock does not have voting rights, except in limited circumstances, including in the case of certain dividend non-payments."
blank,
narrative,"On January 31, 2024, we announced that we will redeem all of the 20,000 outstanding shares of the Series A Preferred Stock and all 20,000,000 of the corresponding Depositary Shares, each representing a 1/1,000th interest in a share of Series A Preferred Stock, on March 15, 2024. The redemption price per share of Series A Preferred Stock will be $25,000 (equivalent to $25.00 per Depositary Share)."
blank,
narrative,Common Stock
blank,
narrative,The following table presents a rollforward of outstanding shares:
blank,
narrative,"Years Ended December 31,202320222021"
blank,
table_row,(in millions)CommonStock IssuedTreasuryStockCommon StockOutstandingCommonStock IssuedTreasuryStockCommon StockOutstandingCommonStock IssuedTreasuryStockCommon StockOutstanding
blank,
table_row,"Shares, beginning of year1,906.7 (1,172.6)734.1 1,906.7 (1,088.0)818.7 1,906.7 (1,045.1)861.6 "
blank,
table_row,Shares issued— 5.5 5.5 — 5.5 5.5 — 6.8 6.8 
blank,
table_row,Shares repurchased— (50.8)(50.8)— (90.1)(90.1)— (49.7)(49.7)
blank,
table_row,"Shares, end of year1,906.7 (1,217.9)688.8 1,906.7 (1,172.6)734.1 1,906.7 (1,088.0)818.7 "
blank,
narrative,Dividends
blank,
narrative,"Dividends are payable on AIG common stock, par value $2.50 per share (AIG Common Stock) only when, as and if declared by our Board of Directors in its discretion, from funds legally available for this purpose. In considering whether to pay a dividend on or purchase shares of AIG Common Stock, our Board of Directors considers a number of factors, including, but not limited to: the capital resources available to support our insurance operations and business strategies, AIG’s funding capacity and capital resources in comparison to internal benchmarks, expectations for capital generation, rating agency expectations for capital, regulatory standards for capital and capital distributions, and such other factors as our Board of Directors may deem relevant. The payment of dividends is also subject to the terms of AIG’s outstanding Series A Preferred Stock, pursuant to which no dividends may be declared or paid on any AIG Common Stock unless the full dividends for the latest completed dividend period on all outstanding shares of Series A Preferred Stock have been declared and paid or provided for."
blank,
narrative,Repurchase of AIG Common Stock
blank,
narrative,"Shares may be repurchased from time to time in the open market, private purchases, through forward, derivative, accelerated repurchase or automatic repurchase transactions or otherwise. Certain of our share repurchases have been and may from time to time be effected through the Securities Exchange Act of 1934, as amended (the Exchange Act) Rule 10b5-1 repurchase plans. On August 1, 2023, the Board of Directors authorized the repurchase of $7.5 billion of AIG Common Stock (inclusive of the approximately $2.15 billion of expected remaining authorization under the Board's prior share repurchase authorization). "
blank,
narrative,"The timing of any future repurchases will depend on market conditions, our business and strategic plans, financial condition, results of operations, liquidity and other factors. The repurchase of AIG Common Stock is also subject to the terms of AIG’s outstanding Series A Preferred Stock, pursuant to which AIG may not (other than in limited circumstances) purchase, redeem or otherwise acquire AIG Common Stock unless the full dividends for the latest completed dividend period on all outstanding shares of Series A Preferred Stock have been declared and paid or provided for."
blank,
narrative,"Pursuant to an Exchange Act Rule 10b5-1 repurchase plan, from January 1, 2024 to February 8, 2024, we repurchased approximately 10 million shares of AIG Common Stock for an aggregate purchase price of approximately $706 million."
blank,
narrative,DIVIDENDS DECLARED
blank,
narrative,"On February 13, 2024, our Board of Directors declared a cash dividend on AIG Common Stock of $0.36 per share, payable on March 28, 2024 to shareholders of record on March 14, 2024. On February 13, 2024, our Board of Directors declared a cash dividend on AIG’s Series A Preferred Stock of $365.625 per share, payable on March 15, 2024 to holders of record on February 29, 2024."
blank,
footer,238
blank,
footer,AIG | 2023 Form 10-K
blank,
blank,
footer,ITEM 8 | Notes to Consolidated Financial Statements | 18. Equity
blank,
narrative,ACCUMULATED OTHER COMPREHENSIVE INCOME (LOSS)
blank,
narrative,The following table presents a rollforward of Accumulated other comprehensive income (loss):
blank,
table_row,(in millions)UnrealizedAppreciation(Depreciation)of Fixed MaturitySecurities on WhichAllowance for CreditLosses Was TakenUnrealizedAppreciation(Depreciation)of All OtherInvestmentsChange in FairValue of MarketRisk BenefitsAttributable toChanges inOur Own Credit RiskChange in thediscount ratesused to measuretraditional andlimited paymentlong-durationinsurance contractsForeignCurrencyTranslationAdjustmentsRetirementPlanLiabilitiesAdjustmentFair Value ofLiabilitiesUnder FairValue OptionAttributable toChanges in OurOwn Credit RiskTotal
blank,
table_row,"Balance, January 1, 2021, net of tax$(95)$17,093 $— $— $(2,267)$(1,228)$8 $13,511 "
blank,
table_row,"Cumulative effect of change in accounting principle, net of tax— 3,407 (1,839)(3,765)— — — (2,197)"
blank,
table_row,"Change in unrealized appreciation (depreciation) of investments58 (9,313)— — — — — (9,255)"
blank,
table_row,Change in other(3)(25)— — — — — (28)
blank,
table_row,"Change in fair value of market risk benefits, net— — 227 — — — — 227 "
blank,
table_row,"Change in discount rates— — — 1,717 — — — 1,717 "
blank,
table_row,Change in future policy benefits— 380 — — — — — 380 
blank,
table_row,Change in foreign currency translation adjustments— — — — (108)— — (108)
blank,
table_row,Change in net actuarial loss— — — — — 417 — 417 
blank,
table_row,Change in prior service cost— — — — — 8 — 8 
blank,
table_row,"Change in deferred tax asset (liability)(11)1,807 (48)(356)(72)(100)— 1,220 "
blank,
table_row,Change in fair value of liabilities under fair value option attributable to changes in own credit risk— — — — — — (2)(2)
blank,
table_row,"Total other comprehensive income (loss)44 (7,151)179 1,361 (180)325 (2)(5,424)"
blank,
table_row,"Corebridge noncontrolling interests3 (1,333)171 243 (2)— — (918)"
blank,
table_row,Noncontrolling interests— (109)7 6 (3)— — (99)
blank,
table_row,"Balance, December 31, 2021, net of tax$(48)$12,125 $(1,496)$(2,167)$(2,446)$(903)$6 $5,071 "
blank,
table_row,"Change in unrealized appreciation (depreciation) of investments(119)(47,647)— — — — — (47,766)"
blank,
table_row,Change in other— (12)— — — — — (12)
blank,
table_row,"Change in fair value of market risk benefits, net— — 1,635 — — — — 1,635 "
blank,
table_row,"Change in discount rates— — — 6,993 — — — 6,993 "
blank,
table_row,"Change in future policy benefits— 1,805 — — — — — 1,805 "
blank,
table_row,Change in foreign currency translation adjustments— — — — (593)— — (593)
blank,
table_row,Change in net actuarial loss— — — — — (31)— (31)
blank,
table_row,Change in prior service cost— — — — — 8 — 8 
blank,
table_row,"Change in deferred tax asset (liability)25 7,446 (341)(1,449)(20)3 — 5,664 "
blank,
table_row,Change in fair value of liabilities under fair value option attributable to changes in our own credit risk— — — — — — (6)(6)
blank,
table_row,"Total other comprehensive loss(94)(38,408)1,294 5,544 (613)(20)(6)(32,303)"
blank,
table_row,"Corebridge noncontrolling interests— 2,485 11 (393)14 (1)— 2,116 "
blank,
table_row,"Noncontrolling interests(6)(3,123)93 525 11 — — (2,500)"
blank,
table_row,"Balance, December 31, 2022, net of tax$(136)$(20,675)$(284)$2,459 $(3,056)$(924)$— $(22,616)"
blank,
table_row,Change in unrealized appreciation (depreciation) of investments*
blank,
table_row,"30 8,410 — — — — — 8,440 "
blank,
table_row,Change in other(10)52 — — — — — 42 
blank,
table_row,"Change in fair value of market risk benefits, net— — (695)— — — — (695)"
blank,
table_row,"Change in discount rates— — — (1,045)— — — (1,045)"
blank,
table_row,Change in future policy benefits— (254)— — — — — (254)
blank,
table_row,Change in foreign currency translation adjustments— — — — 137 — — 137 
blank,
table_row,Change in net actuarial loss— — — — — 143 — 143 
blank,
table_row,Change in prior service cost— — — — — 4 — 4 
blank,
table_row,"Change in deferred tax asset (liability)(6)(1,074)151 174 (35)(42)— (832)"
blank,
table_row,"Total other comprehensive income14 7,134 (544)(871)102 105 — 5,940 "
blank,
table_row,"Corebridge noncontrolling interests13 4,524 153 (732)(18)(2)— 3,938 "
blank,
table_row,"Noncontrolling interests(3)1,871 (199)(377)7 — — 1,299 "
blank,
table_row,"Balance, December 31, 2023, net of tax$(106)$(10,888)$(476)$1,233 $(2,979)$(821)$— $(14,037)"
blank,
narrative,"*Includes net unrealized gains and losses attributable to businesses held for sale at December 31, 2023.  "
blank,
footer,AIG | 2023 Form 10-K
blank,
footer,239
blank,
blank,
footer,ITEM 8 | Notes to Consolidated Financial Statements | 18. Equity
blank,
narrative,"The following table presents the other comprehensive income (loss) reclassification adjustments for the years ended December 31, 2023 and 2022, respectively:"
blank,
table_row,(in millions)UnrealizedAppreciation(Depreciation)of Fixed MaturitySecurities on WhichAllowance for CreditLosses Was TakenUnrealizedAppreciation(Depreciation)of All OtherInvestmentsChange in FairValue of MarketRisk BenefitsAttributable toChanges in OurOwn Credit RiskChange in thediscount ratesused to measuretraditional andlimited paymentlong-durationinsurance contractsForeignCurrencyTranslationAdjustmentsRetirementPlanLiabilitiesAdjustmentFair Value ofLiabilitiesUnder FairValue OptionAttributable toChanges in OurOwn Credit RiskTotal
blank,
table_row,"Year Ended December 31, 2023"
blank,
table_row,"Unrealized change arising during period$(6)$7,172 $(695)$(1,045)$137 $118 $— $5,681 "
blank,
table_row,"Less: Reclassification adjustments included in net income(26)(1,036)— — — (29)— (1,091)"
blank,
table_row,"Total other comprehensive income (loss), before of income tax expense (benefit)20 8,208 (695)(1,045)137 147 — 6,772 "
blank,
table_row,"Less: Income tax expense (benefit)6 1,074 (151)(174)35 42 — 832 "
blank,
table_row,"Total other comprehensive income (loss), net of income tax expense (benefit)$14 $7,134 $(544)$(871)$102 $105 $— $5,940 "
blank,
table_row,"Year Ended December 31, 2022"
blank,
table_row,"Unrealized change arising during period$(112)$(47,043)$1,635 $6,993 $(593)$(53)$(6)$(39,179)"
blank,
table_row,"Less: Reclassification adjustments included in net income7 (1,189)— — — (30)— (1,212)"
blank,
table_row,"Total other comprehensive income (loss), before income tax expense (benefit)(119)(45,854)1,635 6,993 (593)(23)(6)(37,967)"
blank,
table_row,"Less: Income tax expense (benefit)(25)(7,446)341 1,449 20 (3)— (5,664)"
blank,
table_row,"Total other comprehensive income (loss), net of income tax expense (benefit)$(94)$(38,408)$1,294 $5,544 $(613)$(20)$(6)$(32,303)"
blank,
table_row,"Year Ended December 31, 2021"
blank,
table_row,"Unrealized change arising during period$55 $(8,030)$227 $1,717 $(108)$379 $(2)$(5,762)"
blank,
table_row,Less: Reclassification adjustments included in net income— 928 — — — (46)— 882 
blank,
table_row,"Total other comprehensive income (loss), before income tax expense (benefit)55 (8,958)227 1,717 (108)425 (2)(6,644)"
blank,
table_row,"Less: Income tax expense (benefit)11 (1,807)48 356 72 100 — (1,220)"
blank,
table_row,"Total other comprehensive income (loss), net of income tax expense (benefit)$44 $(7,151)$179 $1,361 $(180)$325 $(2)$(5,424)"
blank,
narrative,The following table presents the effect of the reclassification of significant items out of AOCI on the respective line items in the Consolidated Statements of Income (Loss)(a):
blank,
table_row,Amount Reclassified from AOCIAffected Line Item in the
blank,
table_row,"Years Ended December 31,Consolidated"
blank,
table_row,(in millions)202320222021Statements of Income (Loss)
blank,
table_row,Unrealized appreciation (depreciation) of fixed maturity securities on which allowance for credit losses was taken
blank,
table_row,Investments$(26)$7 $— Net realized gains (losses)
blank,
table_row,Total(26)7 — 
blank,
table_row,Unrealized appreciation (depreciation) of all other investments
blank,
table_row,"Investments(1,036)(1,189)928 Net realized gains (losses)"
blank,
table_row,"Total(1,036)(1,189)928 "
blank,
table_row,Change in retirement plan liabilities adjustment
blank,
table_row,Prior-service credit(2)(2)(3)(b)
blank,
table_row,Actuarial losses(27)(28)(43)(b)
blank,
table_row,Total(29)(30)(46)
blank,
table_row,"Total reclassifications for the period$(1,091)$(1,212)$882 "
blank,
narrative,"(a)The following items are not reclassified out of AOCI and included in the Consolidated Statements of Income (Loss) and thus have been excluded from the table: (a) Change in fair value of market risk benefits attributable to changes in our own credit risk (b) Change in the discount rates used to measure traditional and limited-payment long-duration insurance contracts, and (c) Fair value of liabilities under fair value option attributable to changes in own credit risk."
blank,
narrative,"(b)These AOCI components are included in the computation of net periodic pension cost. For additional information, see Note 22. "
blank,
footer,240
blank,
footer,AIG | 2023 Form 10-K
blank,
blank,
footer,ITEM 8 | Notes to Consolidated Financial Statements | 18. Equity
blank,
narrative,NONCONTROLLING INTEREST
blank,
narrative,"Since the IPO of Corebridge, AIG closed on three secondary offerings and sold 159.75 million shares of Corebridge common stock. Corebridge also repurchased approximately 17.2 million shares of Corebridge common stock from AIG during the year ended December 31, 2023. AIG owns 52.2 percent of the outstanding common stock of Corebridge as of December 31, 2023."
blank,
narrative,"For additional information on the Corebridge common stock offerings and share repurchases, see Note 1."
blank,
narrative,The following table presents the effect of changes in our ownership interest in Corebridge on our equity:
blank,
table_row,"Years Ended December 31,"
blank,
table_row,(in millions)
blank,
table_row,202320222021
blank,
table_row,"Net income attributable to AIG common shareholders$3,614 $10,198 $10,338 "
blank,
table_row,Changes in AIG equity for sale of interest in Corebridge and Corebridge share repurchases
blank,
table_row,145 497 (630)
blank,
table_row,Change from Net income attributable to AIG common shareholders and changes in AIG's ownership interests
blank,
table_row,"$3,759 $10,695 $9,708 "
blank,
narrative,19. Earnings Per Common Share (EPS)
blank,
narrative,"The basic EPS computation is based on the weighted average number of common shares outstanding, adjusted to reflect all stock dividends and stock splits. The diluted EPS computation is based on those shares used in the basic EPS computation plus common shares that would have been outstanding assuming issuance of common shares for all dilutive potential common shares outstanding and adjusted to reflect all stock dividends and stock splits, using the treasury stock method or the if-converted method, as applicable."
blank,
narrative,The following table presents the computation of basic and diluted EPS:
blank,
table_row,"Years Ended December 31,"
blank,
table_row,"(dollars in millions, except per common share data)202320222021"
blank,
table_row,Numerator for EPS:
blank,
table_row,"Income (loss) from continuing operations$3,878 $11,274 $10,906 "
blank,
table_row,"Less: Net income from continuing operations attributable to noncontrolling interests235 1,046 539 "
blank,
table_row,Less: Preferred stock dividends29 29 29 
blank,
table_row,"Income (loss) attributable to AIG common shareholders from continuing operations3,614 10,199 10,338 "
blank,
table_row,"Income (loss) from discontinued operations, net of income tax expense— (1)— "
blank,
table_row,"Net income (loss) attributable to AIG common shareholders$3,614 $10,198 $10,338 "
blank,
table_row,Denominator for EPS:
blank,
table_row,"Weighted average common shares outstanding - basic719,506,291 778,621,118 854,320,449 "
blank,
table_row,"Dilutive common shares5,726,777 9,320,632 10,564,430 "
blank,
table_row,Weighted average common shares outstanding - diluted(a)
blank,
table_row,"725,233,068 787,941,750 864,884,879 "
blank,
table_row,Income (loss) per common share attributable to AIG common shareholders:
blank,
table_row,Basic:
blank,
table_row,Income (loss) from continuing operations$5.02 $13.10 $12.10 
blank,
table_row,Income from discontinued operations$— $— $— 
blank,
table_row,Income (loss) attributable to AIG common shareholders$5.02 $13.10 $12.10 
blank,
table_row,Diluted:
blank,
table_row,Income (loss) from continuing operations$4.98 $12.94 $11.95 
blank,
table_row,Income from discontinued operations$— $— $— 
blank,
table_row,Income (loss) attributable to AIG common shareholders$4.98 $12.94 $11.95 
blank,
narrative,"(a)Potential dilutive common shares include our share-based employee compensation plans and an option for Blackstone to exchange all or a portion of its ownership interest in Corebridge for AIG common shares in the event an IPO did not occur prior to 2024. As a result of the consummation of the IPO on September 19, 2022, this exchange right of Blackstone was terminated. The number of potential common shares excluded from diluted shares outstanding was 4.4 million, 24.1 million and 12.0 million for the years ended December 31, 2023, 2022 and 2021, respectively, because the effect of including those common shares in the calculation would have been anti-dilutive."
blank,
narrative,"For information regarding our repurchases of AIG Common Stock, see Note 18."
blank,
footer,AIG | 2023 Form 10-K
blank,
footer,241
blank,
blank,
footer,ITEM 8 | Notes to Consolidated Financial Statements | 20. Statutory Financial Data and Restrictions
blank,
narrative,20. Statutory Financial Data and Restrictions
blank,
narrative,The following table presents statutory net income (loss) and capital and surplus for our General Insurance companies and our Life and Retirement companies in accordance with statutory accounting practices:
blank,
table_row,(in millions)202320222021
blank,
table_row,"Years Ended December 31,"
blank,
table_row,Statutory net income (loss)(a)(b):
blank,
table_row,General Insurance companies:
blank,
table_row,"Domestic$1,912 $2,272 $2,649 "
blank,
table_row,"Foreign1,867 1,047 1,573 "
blank,
table_row,"Total General Insurance companies$3,779 $3,319 $4,222 "
blank,
table_row,Life and Retirement companies:
blank,
table_row,"Domestic$3,354 $3,091 $2,588 "
blank,
table_row,Foreign(51)5 5 
blank,
table_row,"Total Life and Retirement companies$3,303 $3,096 $2,593 "
blank,
table_row,"At December 31,"
blank,
table_row,Statutory capital and surplus(a)(b):
blank,
table_row,General Insurance companies:
blank,
table_row,"Domestic$18,703 $19,563 "
blank,
table_row,"Foreign11,527 13,913 "
blank,
table_row,"Total General Insurance companies$30,230 $33,476 "
blank,
table_row,Life and Retirement companies:
blank,
table_row,"Domestic$14,752 $12,229 "
blank,
table_row,Foreign467 486 
blank,
table_row,"Total Life and Retirement companies$15,219 $12,715 "
blank,
table_row,Aggregate minimum required statutory capital and surplus:
blank,
table_row,General Insurance companies:
blank,
table_row,"Domestic$3,625 $3,680 "
blank,
table_row,"Foreign6,041 7,314 "
blank,
table_row,"Total General Insurance companies$9,666 $10,994 "
blank,
table_row,Life and Retirement companies:
blank,
table_row,"Domestic$4,025 $4,057 "
blank,
table_row,Foreign223 194 
blank,
table_row,"Total Life and Retirement companies$4,248 $4,251 "
blank,
narrative,(a)Excludes discontinued operations and other divested businesses.
blank,
narrative,"(b)The 2023 amounts reflect our best estimate of the statutory net income, capital and surplus as of the date of AIG’s Form 10-K filing. "
blank,
narrative,"Our insurance subsidiaries file financial statements prepared in accordance with statutory accounting practices prescribed or permitted by domestic and foreign insurance regulatory authorities. The principal differences between statutory financial statements and financial statements prepared in accordance with U.S. GAAP for domestic companies are that statutory financial statements do not reflect DAC, some bond portfolios may be carried at amortized cost, investment impairments are determined in accordance with statutory accounting practices, assets and liabilities are presented net of reinsurance, policyholder liabilities are generally valued using more conservative assumptions and certain assets are non-admitted."
blank,
narrative,"For domestic insurance subsidiaries, aggregate minimum required statutory capital and surplus is based on the greater of the RBC level that would trigger regulatory action or minimum requirements per state insurance regulation. Capital and surplus requirements of our foreign subsidiaries differ from those prescribed in the U.S., and can vary significantly by jurisdiction. At both December 31, 2023 and 2022, all domestic and foreign insurance subsidiaries individually exceeded the minimum required statutory capital and surplus requirements and all domestic insurance subsidiaries individually exceeded RBC minimum required levels."
blank,
narrative,"For foreign insurance companies, financial statements are prepared in accordance with local regulatory requirements. These accounting practices differ from U.S. GAAP primarily by different rules on deferral of policy acquisition costs, amortization of deferred acquisition costs, and establishing future policy benefit liabilities using different actuarial assumptions, as well as valuing for deferred taxes on a different basis."
blank,
footer,242
blank,
footer,AIG | 2023 Form 10-K
blank,
blank,
footer,ITEM 8 | Notes to Consolidated Financial Statements | 20. Statutory Financial Data and Restrictions
blank,
narrative,STATUTORY PERMITTED ACCOUNTING PRACTICE
blank,
narrative,"At December 31, 2023 and 2022, AGL used the following permitted practice that resulted in reported statutory surplus or risk-based capital that is significantly different from the statutory surplus or risk based capital that would have been reported had National Association of Insurance Commissioners (NAIC) statutory accounting practices or the prescribed regulatory accounting practices of their respective state regulator been followed in all respects:"
blank,
narrative,"•Effective December 31, 2020 and periods through September 30, 2023, AGL, a life insurance subsidiary domiciled in Texas, renewed a permitted statutory accounting practice to recognize an admitted asset related to the notional value of coverage defined in an excess of loss (XOL) reinsurance agreement with a 20-year term that provides coverage to AGL for aggregate claims incurred during the agreement term associated with guaranteed living benefits on certain fixed index annuities generally issued prior to April 2019 (Block 1) exceeding an attachment point as defined in the agreement. This permitted practice was previously expanded on October 1, 2020 to similarly recognize an additional admitted asset related to the net notional value of coverage as defined in a separate XOL reinsurance agreement with a 25-year term that provides coverage to the subsidiary for aggregate XOL claims associated with guaranteed living benefits on a block of fixed index annuities generally issued in April 2019 or later, including certain new business issued after the effective date (Block 2)."
blank,
narrative,"•Effective September 30, 2023, the permitted practice for Block 1 and Block 2 was extended through September 30, 2026 and the maximum notional value of Block 2 was increased for certain new business. Effective October 1, 2022 and periods through September 30, 2023, this permitted practice was expanded to similarly recognize an additional admitted asset related to the net notional value of coverage as defined in a separate XOL agreement with a 25-year term that provides coverage to the subsidiary for aggregate XOL claims associated with the base contract along with the guaranteed living benefits rider on a block of fixed annuities inforce on the treaty effective date, including certain new business issued after the effective date (Block 3). Effective September 30, 2023, the permitted practice for Block 3 was extended through September 30, 2026 and the maximum notional value was increased for certain new business."
blank,
narrative,"These permitted practice resulted in an increase in the statutory surplus of AGL of approximately $1.7 billion and $1.0 billion at December 31, 2023 and 2022, respectively."
blank,
narrative,SUBSIDIARY DIVIDEND RESTRICTIONS
blank,
narrative,"Payments of dividends to us by our insurance subsidiaries are subject to certain restrictions imposed by regulatory authorities. With respect to our domestic insurance subsidiaries, the payment of any dividend requires formal notice to the insurance department in which the particular insurance subsidiary is domiciled. For example, unless permitted by the Superintendent of Financial Services, property casualty companies domiciled in New York generally may not pay dividends to shareholders that, in any 12-month period, exceed the lesser of 10 percent of such company’s statutory policyholders’ surplus or 100 percent of its “adjusted net investment income,” for the previous year, as defined. Generally, less severe restrictions applicable to both property casualty and life insurance companies exist in most of the other states in which our insurance subsidiaries are domiciled. Under state insurance laws, an insurer may pay a dividend without prior approval of the insurance regulator when the amount of the dividend is below certain regulatory thresholds. Other foreign jurisdictions may restrict the ability of our foreign insurance subsidiaries to pay dividends. Various other regulatory restrictions also limit cash loans and advances to us by our subsidiaries."
blank,
narrative,"Largely as a result of these restrictions, approximately $29.2 billion of the statutory capital and surplus of our consolidated insurance subsidiaries were restricted from transfer to AIG Parent without prior approval of state insurance regulators at December 31, 2023."
blank,
narrative,"To our knowledge, no AIG insurance company is currently on any regulatory or similar “watch list” with regard to solvency."
blank,
narrative,PARENT COMPANY DIVIDEND RESTRICTIONS
blank,
table_row,"At December 31, 2023, our ability to pay dividends is not subject to any significant contractual restrictions, but remains subject to regulatory restrictions."
blank,
narrative,"For additional information about our ability to pay dividends to our shareholders, see Note 18."
blank,
footer,AIG | 2023 Form 10-K
blank,
footer,243
blank,
blank,
footer,ITEM 8 | Notes to Consolidated Financial Statements | 21. Share-Based Compensation Plans
blank,
narrative,21. Share-Based Compensation Plans
blank,
narrative,The following table presents our total share-based compensation expense:
blank,
table_row,"Years Ended December 31,"
blank,
table_row,(in millions)202320222021
blank,
table_row,Share-based compensation expense - pre-tax(a)
blank,
table_row,$199 $288 $278 
blank,
table_row,Share-based compensation expense - after tax(b)
blank,
table_row,157 228 220 
blank,
narrative,"(a)As a result of accelerated vesting events, such as retirement eligibility in the year of grant and involuntary terminations, we recognized $58 million, $67 million and $67 million in 2023, 2022 and 2021, respectively, prior to the end of the specified vesting periods. It is our policy to reverse compensation expense for forfeited awards when they occur. Excludes share-based compensation expense of $60 million, $75 million and $88 million in 2023, 2022 and 2021, respectively, for units issued to Corebridge employees that will be settled in Corebridge common stock."
blank,
narrative,(b)We also recognized $21 million of tax benefit due to share settlements occurring in 2023.
blank,
narrative,EMPLOYEE PLANS
blank,
narrative,"The Company sponsors several stock compensation programs under the AIG Long Term Incentive Plan (LTIP) (as amended) from which performance share units (PSUs), restricted stock units (RSUs), stock options and deferred stock units (DSUs) (collectively units) are issued. In addition, off-cycle grants are made from time to time during the year generally as sign-on awards to new hires or as a result of a change in employee status. The LTIP was governed by the AIG 2013 Omnibus Incentive Plan (2013 Plan), until it was replaced by the AIG 2021 Omnibus Incentive Plan (2021 Omnibus Plan), which was adopted at the annual shareholders’ meeting in May 2021. The adoption occurred after the annual 2021 LTIP awards were granted."
blank,
narrative,Our share-settled awards are settled with previously acquired shares held in AIG’s treasury.
blank,
narrative,AIG Omnibus Incentive Plan
blank,
narrative,"The 2021 Omnibus Plan provided for the grants of share-based awards to our employees and non-employee directors. The total number of shares granted under the 2021 Plan (the reserve) was the sum of 1) 8.1 million shares of AIG Common Stock, plus 2) the number of authorized shares that remained available for issuance under the 2013 Plan when the 2021 Omnibus Plan became effective, plus 3) the number of shares of AIG Common Stock relating to outstanding awards under the 2013 Plan at the time the 2021 Omnibus Plan became effective that subsequently were forfeited, expired, terminated or otherwise lapse or are settled in cash. Each share-based unit granted under the Omnibus Plan reduces the number of shares available for future grants by one share. However, shares with respect to awards that are forfeited, expired or settled for cash are returned to the reserve. As of December 31, 2023, 23,836,222 shares are available for future grants."
blank,
narrative,AIG Long Term Incentive Plan
blank,
narrative,Long-Term Incentive (LTI) Awards
blank,
narrative,"The LTIP provides for an annual award to certain employees, including our senior executive officers and other highly compensated employees that may be comprised of a combination of one or more of the following units: PSUs, RSUs or stock options."
blank,
narrative,"The number of PSUs issued on the grant date (the target) provides the opportunity for LTIP participants (usually senior management) to receive shares of AIG Common Stock based on AIG achieving specified performance goals at the end of a three-year performance period. These performance goals are pre-established by AIG’s Compensation and Management Resources Committee (CMRC) for each annual grant and may differ from year to year. The actual number of PSUs earned can vary from zero to 200 percent of the target for the 2023, 2022 and 2021 LTI awards, depending on AIG’s performance relative to a specified peer group and/or the outcome of pre-established financial goals, as applicable."
blank,
narrative,RSUs and stock options are earned based solely on continued service by the participant.
blank,
narrative,"Vesting occurs on January 1 of the year immediately following the end of the three-year performance and service period. Beginning in 2022, vesting for RSUs and stock options awarded occurs in three equal installments on the first, second and third anniversary of the grant date. Recipients must be employed at each vesting date to be entitled to share delivery, except upon the occurrence of an accelerated vesting event, such as an involuntary termination without cause, disability, retirement eligibility or death during the vesting period. However, for involuntarily terminated employees hired after April 1, 2022 unvested RSUs and options are forfeited on the termination date, while PSUs are pro-rated based on the number of completed years in the performance period."
blank,
footer,244
blank,
footer,AIG | 2023 Form 10-K
blank,
blank,
footer,ITEM 8 | Notes to Consolidated Financial Statements | 21. Share-Based Compensation Plans
blank,
narrative,"Prior to 2021, LTI awards and other share-settled grants accrued dividend equivalent units (DEUs) in the form of additional PSUs and RSUs whenever a cash dividend was declared on shares of AIG Common Stock; the DEUs were subject to the same vesting terms and conditions as the underlying unit. Beginning in 2021, PSUs and RSUs granted accrue dividend equivalent rights (DERs) as AIG’s dividends are declared. These DERs are settled in cash only if the underlying units’ vesting conditions are met; previously accrued DEUs were not impacted by this change."
blank,
narrative,Unit Valuation
blank,
narrative,The fair value of time-vesting RSUs as well as PSUs that are earned based on certain company-specific metrics was based on the closing price of AIG Common Stock on the grant date; while the fair value of PSUs that are earned based on AIG’s relative total shareholder return (TSR) was determined on the grant date using a Monte Carlo simulation.
blank,
narrative,The following table presents the assumptions used to estimate the fair value of PSUs that vest based on AIG’s TSR(a):
blank,
table_row,202320222021
blank,
table_row,Expected dividend yield(b)
blank,
table_row,— %— %— %
blank,
table_row,Expected volatility(c)
blank,
table_row,37.98 %47.60 %47.63 %
blank,
table_row,Risk-free interest rate(d)
blank,
table_row,4.42 %1.71 %0.28 %
blank,
narrative,(a)PSUs will be adjusted by +/-25 percent if AIG's TSR is in the top or bottom quartile of the peer group at the culmination of the performance period for the 2021 LTI award.
blank,
narrative,(b)The award agreement provides that TSR for AIG and each member of the Peer Group will be calculated assuming dividends distributed are reinvested on the ex‑dividend date.
blank,
narrative,"(c)We used the historical volatility over the most recent 2.86-year period for AIG and the members of the Peer Group, commensurate with the remaining Performance Period as of the valuation date."
blank,
narrative,(d)We converted the semi-annual zero-coupon U.S. Treasury rates as of the valuation date to continuously compounded rates. We then chose the continuously compounded risk-free rate that is commensurate with the length of the remaining performance period as of the valuation date and interpolated between the yields of the two-year and the three-year continuously compounded rates to determine the yield.
blank,
narrative,Modification
blank,
narrative,"During 2022 in connection with the 2022 Corebridge IPO, approximately 4 million RSUs held by 735 Corebridge LTIP participants who were actively employed on the IPO date were converted to approximately 10 million Corebridge RSUs in accordance with the anti-dilution provision of the 2021 Omnibus Plan. The vesting terms of the Corebridge RSUs remain the same as the pre-converted RSUs but will be settled in Corebridge common stock. This conversion is considered a modification for accounting purposes and did not result in incremental compensation expense."
blank,
narrative,The following table summarizes outstanding share-settled LTI awards(a):
blank,
table_row,Number of UnitsWeighted Average Grant-Date Fair Value
blank,
table_row,"As of or for the Year Ended December 31, 2023(b)"
blank,
table_row,2023 LTI2022 LTI2021 LTI2023 LTI2022 LTI2021 LTI
blank,
table_row,"Unvested, beginning of year— 2,280,431 2,696,264 $— $61.86 $45.40 "
blank,
table_row,"Granted2,752,390 — — 59.98 — — "
blank,
table_row,Vested(c)
blank,
table_row,"(876,285)(969,438)(689,706)59.92 61.75 45.97 "
blank,
table_row,"Forfeited(141,136)(202,840)(278,707)59.88 61.93 45.85 "
blank,
table_row,"Unvested, end of year(d)"
blank,
table_row,"1,734,969 1,108,153 1,727,851 $60.02 $61.95 $45.08 "
blank,
narrative,"(a)Excludes stock options, other RSUs and DSUs, which are discussed under Stock Options, Other RSU Grants and Non-Employee Plan, respectively."
blank,
narrative,"(b)PSUs represent target amount granted and does not reflect potential increases or decreases that could result from the final outcome of the performance goals for the respective awards, which is determined by the CMRC in the quarter after the applicable performance period ends."
blank,
narrative,(c)Also reflects units that vest as a result of an accelerated vesting event that occurred prior to the specified vesting date but for which share delivery has not yet occurred.
blank,
narrative,"(d)At December 31, 2023, the total unrecognized compensation cost for outstanding RSUs and PSUs was $111 million and the weighted-average and expected period of years over which that cost is expected to be recognized are 1.01 years and 3 years."
blank,
narrative,Stock Options
blank,
narrative,"Stock options were issued as part of the 2023, 2022 and 2021 LTI awards, and to certain newly hired senior executives in 2017 and 2018. Option awards are generally granted with an exercise price equal to the market price of the company’s stock on the grant date and are exercisable up to 10 years from the date of grant, or 3 years from the date of an involuntary termination or the option's expiration date, if earlier. The fair value of the options was estimated on the grant date using the Black-Scholes model for the time-vesting options, and a Monte Carlo simulation for the hurdle-vesting options using the assumptions noted in the following table."
blank,
footer,AIG | 2023 Form 10-K
blank,
footer,245
blank,
blank,
footer,ITEM 8 | Notes to Consolidated Financial Statements | 21. Share-Based Compensation Plans
blank,
narrative,The following weighted-average assumptions were used for stock options granted:
blank,
table_row,202320222021
blank,
table_row,Expected annual dividend yield(a)
blank,
table_row,2.14 %2.08 %2.89 %
blank,
table_row,Expected volatility(b)
blank,
table_row,25.17 %32.13 %36.68 %
blank,
table_row,Risk-free interest rate(c)
blank,
table_row,4.06 %1.92 %0.95 %
blank,
table_row,Expected term(d)
blank,
table_row,6.00years6.00years6.43years
blank,
narrative,(a)The dividend yield is the last dividend from Bloomberg times 4 divided by stock price based on Bloomberg Professional service as of the valuation date.
blank,
narrative,(b)The expected volatility is based on the implied volatility of 24 months stock option estimated by the Bloomberg Professional service as of the valuation date.
blank,
narrative,(c)The risk-free interest rate is calculated as the interpolated zero rate as of the valuation date.
blank,
narrative,(d)The contractual term is 10 years from the date of grant.
blank,
narrative,The following table provides a rollforward of stock option activity:
blank,
table_row,"As of or for the Year Ended December 31, 2023UnitsWeightedAverageExercise PriceWeighted AverageRemainingContractual LifeAggregateIntrinsic Values(in millions)"
blank,
table_row,"Outstanding, beginning of year12,893,412 $48.94 6.95"
blank,
table_row,"Granted1,352,039 59.72 "
blank,
table_row,"Exercised(1,039,998)41.29 "
blank,
table_row,"Forfeited or expired(909,792)50.13 "
blank,
table_row,"Outstanding, end of year12,295,661 $50.69 6.81$210 "
blank,
table_row,"Exercisable, end of year9,810,882 $47.95 6.24$194 "
blank,
narrative,"The weighted average grant-date fair value of stock options granted during 2023, 2022 and 2021 was $11.43, $10.77 and $10.00, respectively. As of December 31, 2023, we recognized $18 million of expense, while $15 million was unrecognized and is expected to be amortized up to 2.25 years. We received $43 million in cash from the exercise of stock options during 2023."
blank,
narrative,Other RSU Grants
blank,
narrative,"The Company may issue time-vesting RSUs for various reasons including, as a sign-on bonus, retention grant or replacement award in an acquisition. Vesting for these awards ranges from 1 to 5 years and is contingent on continuous service."
blank,
narrative,The following table summarizes outstanding share-settled Other RSU grants.
blank,
table_row,Number of UnitsWeighted Average Grant-Date Fair Value
blank,
table_row,"As of or for the Year Ended December 31,202320222021202320222021"
blank,
table_row,"Unvested, beginning of year1,488,248 819,640 1,151,380 $54.77 $43.95 $46.18 "
blank,
table_row,"Granted208,641 1,070,458 493,140 62.42 60.16 49.36 "
blank,
table_row,"Vested(252,635)(290,037)(699,067)49.42 44.59 50.03 "
blank,
table_row,Converted(a)
blank,
table_row,"— (91,300)— — 52.90 — "
blank,
table_row,"Forfeited(82,540)(20,513)(125,813)40.70 55.89 51.80 "
blank,
table_row,"Unvested, end of year1,361,714 1,488,248 819,640 $57.79 $54.77 $43.95 "
blank,
narrative,(a)Represents RSUs converted to Corebridge RSUs as a result of the IPO. 
blank,
narrative,"We recognized $20 million of expense related to these RSU grants in 2023. Total unrecognized compensation cost related to these grants was $54 million and the weighted-average and expected period of years over which that cost is expected to be recognized are 1.79 years and 4 years at December 31, 2023."
blank,
narrative,NON-EMPLOYEE PLAN
blank,
narrative,"Our non-employee directors, who serve on our Board of Directors, receive share-based compensation in the form of fully vested DSUs with delivery deferred until retirement from the Board. DSUs granted in 2023, 2022 and 2021 accrue dividend equivalents in the form of additional DSUs equal to the amount of any regular quarterly dividend that would have been paid by AIG if the shares of AIG Common Stock underlying the DSUs had been outstanding. In 2023, 2022 and 2021, we granted to non-employee directors 47,344, 46,273 and 55,133 DSUs, respectively, and recognized expense of $2.6 million, $2.7 million and $2.7 million, respectively."
blank,
footer,246
blank,
footer,AIG | 2023 Form 10-K
blank,
blank,
footer,ITEM 8 | Notes to Consolidated Financial Statements | 22. Employee Benefits
blank,
narrative,22. Employee Benefits
blank,
narrative,PENSION PLANS
blank,
narrative,"We offer various defined benefit plans to eligible employees. Effective January 1, 2016, the U.S. defined benefit pension plans were frozen. Consequently, these plans are closed to new participants and current participants no longer earn benefits."
blank,
narrative,"The U.S. AIG Retirement Plan (the qualified plan) is a noncontributory defined benefit plan subject to the provisions of the Employee Retirement Income Security Act of 1974, as amended (ERISA). In 2012, the qualified plan was converted to a cash balance formula comprised of pay credits based on 6% of a plan participant’s annual compensation (subject to IRS limitations) and annual interest credits. Although benefits are frozen, these interest credits continue to accrue on the cash balance accounts of active participants, who also accrue years of service for purposes of early retirement eligibility and subsidies. Employees can take their vested benefits as a lump sum or an annuity option when they leave AIG or are terminated from the plan."
blank,
narrative,"Employees satisfying certain age and service requirements (i.e., grandfathered employees) remain covered under the average pay formula that was in effect prior to the conversion. The final average pay formula is based upon a percentage of final average compensation multiplied by years of credited service, up to 44 years. Grandfathered employees will receive the higher of the benefit under the cash balance formula or the final average pay formula at retirement."
blank,
narrative,"In the U.S. we also sponsor non-qualified unfunded defined benefit plans, such as the AIG Non-Qualified Retirement Income Plan (AIG NQRIP) for certain employees, including key executives, designed to supplement pension benefits provided by the qualified plan. The AIG NQRIP provides a benefit equal to the reduction in benefits under the qualified plan as a result of federal tax limitations on compensation and benefits payable."
blank,
narrative,Non-U.S. defined benefit plans generally are either based on the employee’s years of credited service and compensation in the years preceding retirement or on points accumulated based on the employee’s job grade and other factors during each year of service.
blank,
narrative,POSTRETIREMENT PLANS
blank,
narrative,"U.S. postretirement medical and life insurance benefits are based upon the employee attaining the age of 55 and having a minimum of ten years of service, which was reduced to 5 years in 2019 for medical coverage only. Eligible employees who have medical coverage can enroll in retiree medical upon termination of employment. Medical benefits are contributory, while the life insurance benefits, which are closed to new employees, are generally non-contributory. Retiree medical contributions vary from none for pre-1989 retirees to actual premium payments reduced by certain subsidies for post-1992 retirees. These retiree contributions are subject to annual adjustments. Other cost sharing features of the medical plan include deductibles, coinsurance, Medicare coordination, and an employer subsidy for grandfathered employees only."
blank,
narrative,Postretirement benefits are offered in certain non-U.S. countries and vary by geographic location.
blank,
footer,AIG | 2023 Form 10-K
blank,
footer,247
blank,
blank,
footer,ITEM 8 | Notes to Consolidated Financial Statements | 22. Employee Benefits
blank,
narrative,The following table presents the funded status of the plans reconciled to the amount reported in the Consolidated Balance Sheets. 
blank,
table_row,As of or for the Years EndedPensionPostretirement
blank,
table_row,"December 31,U.S. Plans(a)"
blank,
table_row,Non-U.S. Plans(a)
blank,
table_row,U.S. PlansNon-U.S. Plans
blank,
table_row,(in millions)20232022202320222023202220232022
blank,
table_row,Change in projected benefit obligation:
blank,
table_row,"Benefit obligation, beginning of year$3,475 $4,795 $826 $1,157 $131 $174 $32 $47 "
blank,
table_row,Service cost5 5 16 18 1 1 — — 
blank,
table_row,Interest cost168 109 20 10 6 4 2 1 
blank,
table_row,Actuarial (gain) loss(b)
blank,
table_row,"75 (1,082)(8)(183)3 (36)(2)(14)"
blank,
table_row,Benefits paid:
blank,
table_row,AIG assets(16)(19)(10)(8)(12)(12)(1)(1)
blank,
table_row,Plan assets(171)(174)(31)(26)— — — — 
blank,
table_row,Plan amendment— — (1)1 — — — — 
blank,
table_row,Settlements(234)(157)(17)(3)— — — — 
blank,
table_row,Foreign exchange effect— — 9 (139)— — — (1)
blank,
table_row,Other(1)(2)— (1)— — — — 
blank,
table_row,"Projected benefit obligation, end of year$3,301 $3,475 $804 $826 $129 $131 $31 $32 "
blank,
table_row,Change in plan assets:
blank,
table_row,"Fair value of plan assets, beginning of year$3,345 $4,746 $731 $996 $— $— $— $— "
blank,
table_row,"Actual return on plan assets, net of expenses288 (1,070)15 (133)— — — — "
blank,
table_row,AIG contributions16 19 47 42 12 12 1 1 
blank,
table_row,Benefits paid:
blank,
table_row,AIG assets(16)(19)(10)(8)(12)(12)(1)(1)
blank,
table_row,Plan assets(171)(174)(31)(26)— — — — 
blank,
table_row,Settlements(234)(157)(23)(3)— — — — 
blank,
table_row,Foreign exchange effect— — 5 (137)— — — — 
blank,
table_row,"Fair value of plan assets, end of year$3,228 $3,345 $734 $731 $— $— $— $— "
blank,
table_row,"Funded status, end of year$(73)$(130)$(70)$(95)$(129)$(131)$(31)$(32)"
blank,
table_row,Amounts recognized in the balance sheet:
blank,
table_row,Assets$110 $55 $97 $78 $— $— $— $— 
blank,
table_row,Liabilities(183)(185)(167)(173)(129)(131)(31)(32)
blank,
table_row,Total amounts recognized$(73)$(130)$(70)$(95)$(129)$(131)$(31)$(32)
blank,
table_row,Pre-tax amounts recognized in AOCI:
blank,
table_row,"Net gain (loss)$(1,142)$(1,279)$(79)$(70)$31 $39 $23 $24 "
blank,
table_row,Prior service (cost) credit— — (21)(25)— — 1 1 
blank,
table_row,"Total amounts recognized$(1,142)$(1,279)$(100)$(95)$31 $39 $24 $25 "
blank,
narrative,"(a)Includes non-qualified unfunded plans of which the aggregate projected benefit obligation was $184 million and $186 million for the U.S. at December 31, 2023 and 2022, respectively, and $140 million and $143 million for the non-U.S. at December 31, 2023 and 2022, respectively."
blank,
narrative,(b)The primary reason for the significant decrease in 2023 is due to a change in the discount rate for the U.S. AIG Retirement Plan. 
blank,
narrative,The following table presents the accumulated benefit obligations for U.S. and non-U.S. pension benefit plans:
blank,
table_row,"At December 31,"
blank,
table_row,(in millions)20232022
blank,
table_row,"U.S. pension benefit plans$3,301 $3,475 "
blank,
table_row,Non-U.S. pension benefit plans$792 $815 
blank,
footer,248
blank,
footer,AIG | 2023 Form 10-K
blank,
blank,
footer,ITEM 8 | Notes to Consolidated Financial Statements | 22. Employee Benefits
blank,
narrative,Defined benefit plan obligations in which the projected benefit obligation (PBO) was in excess of the related plan assets and the accumulated benefit obligation (ABO) was in excess of the related plan assets were as follows:
blank,
table_row,"At December 31,PBO Exceeds Fair Value of Plan AssetsABO Exceeds Fair Value of Plan Assets"
blank,
table_row,U.S. PlansNon-U.S. PlansU.S. PlansNon-U.S. Plans
blank,
table_row,(in millions)20232022202320222023202220232022
blank,
table_row,Projected benefit obligation$184 $185 $287 $280 $— $— $— $— 
blank,
table_row,Accumulated benefit obligation— — — — 184 186 245 238 
blank,
table_row,Fair value of plan assets— — 88 76 — — 88 76 
blank,
narrative,The following table presents the components of net periodic benefit cost with respect to pensions and other postretirement benefits:
blank,
table_row,"Years Ended December 31,Pension"
blank,
table_row,Postretirement
blank,
table_row,U.S. PlansNon-U.S. PlansU.S. PlansNon-U.S. Plans
blank,
table_row,(in millions)202320222021202320222021202320222021202320222021
blank,
table_row,Components of net periodic benefit cost:
blank,
table_row,Service cost*$5 $5 $5 $16 $18 $21 $1 $1 $1 $— $— $1 
blank,
table_row,Interest cost168 109 92 20 10 9 6 4 3 2 1 2 
blank,
table_row,Expected return on assets(193)(213)(243)(21)(17)(21)— — — — — — 
blank,
table_row,Amortization of prior service cost (credit)— — — 3 3 3 — — — (1)— — 
blank,
table_row,Amortization of net (gain) loss33 24 33 2 4 7 (5)— — (3)(1)1 
blank,
table_row,Net periodic benefit cost (credit)$13 $(75)$(113)$20 $18 $19 $2 $5 $4 $(2)$— $4 
blank,
table_row,Settlement loss84 60 34 — — 1 — — — — — — 
blank,
table_row,Net benefit cost (credit)$97 $(15)$(79)$20 $18 $20 $2 $5 $4 $(2)$— $4 
blank,
table_row,Total recognized in AOCI$136 $(117)$332 $5 $57 $65 $(8)$36 $10 $(2)$13 $27 
blank,
table_row,Total recognized in net periodic benefit cost and other comprehensive income (loss)$40 $(102)$411 $(14)$39 $45 $(10)$31 $6 $— $13 $23 
blank,
narrative,*Reflects administrative fees for the U.S. pension plans.
blank,
narrative,"Interest cost for pension and postretirement benefits for our U.S. plans and largest non-U.S. plans is measured using the spot rate approach, which applies specific spot rates along the yield curve to a plan’s corresponding discounted cash flows that comprise the obligation. This method provides a more precise measurement of interest cost by aligning the timing of the plans’ discounted cash flows to the corresponding spot rates on the yield curve. For certain non-U.S. plans, interest cost is measured utilizing a single weighted-average discount rate derived from the yield curve used to measure the benefit obligations."
blank,
narrative,"A 100 basis point increase in the expected long-term rate of return would decrease the 2024 pension expense by approximately $38 million with all other items remaining the same. A 100 basis point increase in the discount rate would increase the 2024 pension expense by approximately $2 million. Conversely, a 100 basis point decrease in the discount rate would decrease the 2024 pension expense by approximately $3 million while a 100 basis point decrease in the expected long-term rate of return would increase the 2024 pension expense by approximately $38 million, with all other items remaining the same."
blank,
narrative,ASSUMPTIONS
blank,
table_row,The following table summarizes the weighted average assumptions used to determine the benefit obligations:
blank,
table_row,PensionPostretirement
blank,
table_row,U.S. PlansNon-U.S. Plans(a)
blank,
table_row,U.S. PlansNon-U.S. Plans(a)
blank,
table_row,"December 31, 2023"
blank,
table_row,Discount rate4.98 %2.85 %4.97 %5.37 %
blank,
table_row,Interest crediting rate4.94 %1.40 %(b)
blank,
table_row,N/AN/A
blank,
table_row,Rate of compensation increaseN/A(c)
blank,
table_row,2.42 %N/AN/A
blank,
table_row,"December 31, 2022"
blank,
table_row,Discount rate5.22 %2.51 %5.19 %5.23 %
blank,
table_row,Interest crediting rate4.02 %1.07 %(b)
blank,
table_row,N/AN/A
blank,
table_row,Rate of compensation increaseN/A(c)
blank,
table_row,2.38 %N/AN/A
blank,
narrative,(a)The non-U.S. plans reflect those assumptions that were most appropriate for the local economic environments of each of the subsidiaries providing such benefits.
blank,
narrative,(b)Represents the weighted average interest crediting rate of non-U.S. cash balance plans primarily in Japan and Switzerland.
blank,
narrative,"(c)Compensation increases are no longer applicable as the plan is frozen effective January 1, 2016."
blank,
footer,AIG | 2023 Form 10-K
blank,
footer,249
blank,
blank,
footer,ITEM 8 | Notes to Consolidated Financial Statements | 22. Employee Benefits
blank,
narrative,The following table summarizes assumed health care cost trend rates for the U.S. plans:
blank,
table_row,"At December 31,20232022"
blank,
table_row,Following year:
blank,
table_row,Medical (before age 65)5.78 %6.01 %
blank,
table_row,Medical (age 65 and older)4.93 %4.95 %
blank,
table_row,Ultimate rate to which cost increase is assumed to decline4.00 %4.00 %
blank,
table_row,Year in which the ultimate trend rate is reached:
blank,
table_row,Medical (before age 65)20462046
blank,
table_row,Medical (age 65 and older)20462046
blank,
narrative,The following table presents the weighted average assumptions used to determine the net periodic benefit costs:
blank,
table_row,PensionPostretirement
blank,
table_row,U.S. PlansNon-U.S. Plans(a)
blank,
table_row,U.S. PlansNon-U.S. Plans(a)
blank,
table_row,"For the Year Ended December 31, 2023"
blank,
table_row,Discount rate5.22 %2.51 %5.19 %5.23 %
blank,
table_row,Interest crediting rate4.02 %1.07 %(b)
blank,
table_row,N/AN/A
blank,
table_row,Rate of compensation increaseN/A2.38 %N/AN/A
blank,
table_row,Expected return on assets6.25 %2.67 %N/AN/A
blank,
table_row,"For the Year Ended December 31, 2022"
blank,
table_row,Discount rate2.75 %1.09 %2.87 %2.89 %
blank,
table_row,Interest crediting rate2.06 %0.70 %(b)
blank,
table_row,2.20 %N/A
blank,
table_row,Rate of compensation increaseN/A2.40 %N/AN/A
blank,
table_row,Expected return on assets4.65 %1.84 %2.78 %N/A
blank,
table_row,"For the Year Ended December 31, 2021"
blank,
table_row,Discount rate2.28 %1.00 %2.45 %2.33 %
blank,
table_row,Interest crediting rate1.57 %0.72 %(b)
blank,
table_row,N/AN/A
blank,
table_row,Rate of compensation increaseN/A2.28 %N/AN/A
blank,
table_row,Expected return on assets5.15 %2.23 %N/AN/A
blank,
narrative,(a)The non-U.S. plans reflect those assumptions that were most appropriate for the local economic environments of each of the subsidiaries providing such benefits.
blank,
narrative,(b)Represents the weighted average interest crediting rate of non-U.S. cash balance plans primarily in Japan and Switzerland.
blank,
narrative,Discount Rate Methodology
blank,
narrative,"The projected benefit cash flows under the U.S. AIG Retirement Plan were discounted using the spot rates derived from the Mercer U.S. Pension Discount Yield Curve (Mercer Yield Curve) at December 31, 2023 and 2022, which resulted in a single discount rate that would produce the same liability at the respective measurement dates. The discount rates were 4.98 percent at December 31, 2023 and 5.22 percent at December 31, 2022. The methodology was consistently applied for the respective years in determining the discount rates for the other U.S. pension plans."
blank,
narrative,"In general, the discount rates for the non-U.S. plans were developed using a similar methodology to the U.S. AIG Retirement Plan, by using country-specific Mercer Yield Curves."
blank,
narrative,"The projected benefit obligation for AIG’s Japan pension plans represents approximately 54 percent and 54 percent of the total projected benefit obligations for our non-U.S. pension plans at December 31, 2023 and 2022, respectively. The weighted average discount rate of 1.48 percent and 1.12 percent at December 31, 2023 and 2022, respectively, was selected by reference to the Mercer Yield Curve for Japan."
blank,
narrative,Plan Assets
blank,
narrative,"The investment strategy with respect to assets relating to our U.S. and non-U.S. pension plans is designed to achieve investment returns that will provide for the benefit obligations of the plans over the long term, limit the risk of short-term funding shortfalls and maintain liquidity sufficient to address cash needs. Accordingly, the asset allocation strategy is designed to maximize the investment rate of return while managing various risk factors, including, but not limited to, volatility relative to the benefit obligations, liquidity, and concentration, and incorporates the risk/return profile applicable to each asset class."
blank,
narrative,"There were no shares of AIG Common Stock included in the U.S. and non-U.S. pension plans assets at December 31, 2023 or 2022."
blank,
footer,250
blank,
footer,AIG | 2023 Form 10-K
blank,
blank,
footer,ITEM 8 | Notes to Consolidated Financial Statements | 22. Employee Benefits
blank,
narrative,U.S. Pension Plan
blank,
narrative,"The assets of the qualified plan are monitored by the AIG U.S. Investment Committee and actively managed by the investment managers, which involves allocating the plan’s assets among approved asset classes within ranges as permitted by the strategic allocation. The long-term strategic asset allocation historically has been reviewed and revised approximately every three years. The investment strategy is focused on de-risking the qualified plan via regular monitoring through liability driven investing and the glide path approach, where the glide path defines the target allocation for the “Return-Seeking” portion of the portfolio (i.e., growth assets) based on the funded ratio and level of interest rates. Under this approach, the allocation to growth assets is reduced and the allocation to liability-hedging assets is increased as the plan’s funded ratio increases in accordance with the defined glide path."
blank,
narrative,"The following table presents the asset allocation percentage by major asset class for the U.S. qualified plan and the target allocation for 2024 based on the plan’s funded status at December 31, 2023:"
blank,
table_row,"At December 31,Target 2024Actual 2023Actual 2022"
blank,
table_row,Asset class:
blank,
table_row,Equity securities9 %8 %6 %
blank,
table_row,Fixed maturity securities80 77 77 
blank,
table_row,Other investments11 15 17 
blank,
table_row,Total100 %100 %100 %
blank,
narrative,"The expected weighted average long-term rate of return for the plan was 6.25 percent and 4.65 percent for 2023 and 2022, respectively. The expected weighted average rate of return is an aggregation of expected returns within each asset class category, weighted for the investment mix of the assets. The combination of the expected asset return and any contributions made by us are expected to maintain the plan’s ability to meet all required benefit obligations. The expected asset return for each asset class was developed based on an approach that considers key fundamental drivers of the asset class returns in addition to historical returns, current market conditions, asset volatility and the expectations for future market returns."
blank,
narrative,Non-U.S. Pension Plans
blank,
narrative,The assets of the non-U.S. pension plans are held in various trusts in multiple countries and are invested primarily in equities and fixed maturity securities to maximize the long-term return on assets for a given level of risk.
blank,
narrative,The following table presents the asset allocation percentage by major asset class for non-U.S. pension plans and the target allocation:
blank,
table_row,"At December 31,Target 2024Actual 2023Actual 2022"
blank,
table_row,Asset class:
blank,
table_row,Equity securities21 %19 %24 %
blank,
table_row,Fixed maturity securities58 45 44 
blank,
table_row,Other investments17 21 23 
blank,
table_row,Cash and cash equivalents4 15 9 
blank,
table_row,Total100 %100 %100 %
blank,
narrative,"The assets of AIG’s Japan pension plans represent approximately 67 percent and 65 percent of total non-U.S. pension plan assets at December 31, 2023 and 2022, respectively. The expected long-term rate of return was 1.85 percent and 1.86 percent, for 2023 and 2022, respectively, and is evaluated by the Japanese Pension Investment Committee on a quarterly and annual basis along with various investment managers and is revised to achieve the optimal allocation to meet targeted funding levels if necessary. In addition, the funding policy is revised in accordance with local regulation every five years."
blank,
narrative,"The expected weighted average long-term rate of return for all our non-U.S. pension plans was 2.67 percent and 1.84 percent for the years ended December 31, 2023 and 2022, respectively. It is an aggregation of expected returns within each asset class that was generally developed based on the building block approach that considers historical returns, current market conditions, asset volatility and the expectations for future market returns."
blank,
footer,AIG | 2023 Form 10-K
blank,
footer,251
blank,
blank,
footer,ITEM 8 | Notes to Consolidated Financial Statements | 22. Employee Benefits
blank,
narrative,ASSETS MEASURED AT FAIR VALUE
blank,
narrative,The following table presents information about our plan assets and indicates the level of the fair value measurement based on the observability of the inputs used. The inputs and methodology used in determining the fair value of these assets are consistent with those used to measure our assets as discussed in Note 5 to the Consolidated Financial Statements.
blank,
table_row,U.S. PlansNon-U.S. Plans
blank,
table_row,(in millions)Level 1Level 2Level 3TotalLevel 1Level 2Level 3Total
blank,
table_row,"December 31, 2023"
blank,
table_row,Assets:
blank,
table_row,Cash and cash equivalents$54 $— $— $54 $108 $— $— $108 
blank,
table_row,Equity securities:
blank,
table_row,U.S.(a)
blank,
table_row,140 — — 140 — — — — 
blank,
table_row,International(b)
blank,
table_row,4 — — 4 104 35 — 139 
blank,
table_row,Fixed maturity securities:
blank,
table_row,U.S. investment grade(c)
blank,
table_row,"24 2,230 10 2,264 — — — — "
blank,
table_row,International investment grade(c)
blank,
table_row,— 125 — 125 — 138 — 138 
blank,
table_row,U.S. and international high yield(d)
blank,
table_row,— 33 — 33 — 192 — 192 
blank,
table_row,Mortgage and other asset-backed securities— 59 1 60 — — — — 
blank,
table_row,Other fixed maturity securities— 12 — 12 — — — — 
blank,
table_row,Other investment types(e):
blank,
table_row,Futures10 — — 10 — — — — 
blank,
table_row,Insurance contracts— 9 — 9 — — 138 138 
blank,
table_row,Mutual funds(g)
blank,
table_row,— — — — — 19 — 19 
blank,
table_row,"Total$232 $2,468 $11 $2,711 $212 $384 $138 $734 "
blank,
table_row,"December 31, 2022"
blank,
table_row,Assets:
blank,
table_row,Cash and cash equivalents$119 $— $— $119 $64 $— $— $64 
blank,
table_row,Equity securities:
blank,
table_row,U.S.(a)
blank,
table_row,90 — — 90 — — — — 
blank,
table_row,International(b)
blank,
table_row,5 — — 5 130 44 — 174 
blank,
table_row,Fixed maturity securities:
blank,
table_row,U.S. investment grade(c)
blank,
table_row,"45 2,213 10 2,268 — — — — "
blank,
table_row,International investment grade(c)
blank,
table_row,— 177 — 177 — 140 — 140 
blank,
table_row,U.S. and international high yield(d)
blank,
table_row,— 58 — 58 — 184 — 184 
blank,
table_row,Mortgage and other asset-backed securities— 43 5 48 — — — — 
blank,
table_row,Other investment types(e):
blank,
table_row,Futures(15)— — (15)— — — — 
blank,
table_row,Direct private equity(f)
blank,
table_row,— — 5 5 — — — — 
blank,
table_row,Insurance contracts— 10 — 10 — — 134 134 
blank,
table_row,Mutual funds(g)
blank,
table_row,— — — — — 35 — 35 
blank,
table_row,"Total$244 $2,501 $20 $2,765 $194 $403 $134 $731 "
blank,
narrative,(a)Includes passive and active U.S. equity strategies.
blank,
narrative,(b)Includes passive and active international equity strategies.
blank,
narrative,"(c)Includes investments in U.S. and non-U.S. government issued bonds, U.S. government agency or sponsored agency bonds, and investment grade corporate bonds."
blank,
narrative,(d)Consists primarily of investments in securities or debt obligations that have a rating below investment grade.
blank,
narrative,"(e)Excludes investments that are measured at fair value using the NAV per share (or its equivalent), which totaled $517 million and $580 million at December 31, 2023 and 2022, respectively."
blank,
narrative,(f)Comprised of private capital financing including private debt and private equity securities.
blank,
narrative,"(g)Comprised of mutual fund investing in variety of equity, derivatives, and bonds."
blank,
narrative,"The inputs or methodologies used for valuing securities are not necessarily an indication of the risk associated with investing in these securities. Based on our investment strategy, we had no significant concentrations of risks at December 31, 2023."
blank,
footer,252
blank,
footer,AIG | 2023 Form 10-K
blank,
blank,
footer,ITEM 8 | Notes to Consolidated Financial Statements | 22. Employee Benefits
blank,
narrative,Changes in Level 3 Fair Value Measurements
blank,
narrative,The following table presents changes in our U.S. and non-U.S. Level 3 plan assets measured at fair value:
blank,
table_row,"December 31, 2023BalanceBeginningof yearNetRealizedandUnrealizedGains(Losses)PurchasesSalesIssuancesSettlementsTransfersInTransfersOutBalanceat Endof YearChanges inUnrealizedGains (Losses)on InstrumentsHeld at End of YearChanges in UnrealizedGains (Losses) includedin other ComprehensiveIncome (Loss) for RecurringLevel 3 InstrumentsHeld at End of Year"
blank,
table_row,(in millions)
blank,
table_row,U.S. Plan Assets:
blank,
table_row,Fixed maturity securities
blank,
table_row,U.S. investment grade$10 $1 $— $(1)$— $— $— $— $10 $1 $— 
blank,
table_row,Mortgage and other asset backed securities5 — — (4)— — — — 1 1 — 
blank,
table_row,Direct private equity5 (5)— — — — — — — (5)— 
blank,
table_row,Total$20 $(4)$— $(5)$— $— $— $— $11 $(3)$— 
blank,
table_row,Non-U.S. Plan Assets:
blank,
table_row,Insurance contracts$134 $6 $1 $— $— $(3)$— $— $138 $— $— 
blank,
table_row,Total$134 $6 $1 $— $— $(3)$— $— $138 $— $— 
blank,
table_row,"December 31, 2022"
blank,
table_row,U.S. Plan Assets:
blank,
table_row,Fixed maturity securities
blank,
table_row,U.S. investment grade$16 $(4)$4 $— $— $— $— $(6)$10 $(4)$— 
blank,
table_row,Mortgage and other asset backed securities1 (1)3 — — — 2 — 5 (1)— 
blank,
table_row,Direct private equity8 (1)— (2)— — — — 5 (2)— 
blank,
table_row,Total$25 $(6)$7 $(2)$— $— $2 $(6)$20 $(7)$— 
blank,
table_row,Non-U.S. Plan Assets:
blank,
table_row,Insurance contracts$171 $(43)$4 $— $— $— $2 $— $134 $— $— 
blank,
table_row,Total$171 $(43)$4 $— $— $— $2 $— $134 $— $— 
blank,
narrative,EXPECTED CASH FLOWS
blank,
narrative,Funding for the qualified plan ranges from the minimum amount required by ERISA to the maximum amount that would be deductible for U.S. tax purposes. Contributed amounts in excess of the minimum amounts are deemed voluntary. Amounts in excess of the maximum amount would be subject to an excise tax and may not be deductible under the Internal Revenue Code. There are no minimum required cash contributions in 2023 for the U.S. AIG Retirement Plan. The non-qualified and postretirement plans’ benefit payments are deductible when paid to participants.
blank,
narrative,"Our annual pension contribution in 2024 is expected to be approximately $59 million for our U.S. and non-U.S. pension plans. This estimate is subject to change, since contribution decisions are affected by various factors including our liquidity, market performance and management’s discretion."
blank,
narrative,"The expected future benefit payments, net of participants’ contributions, with respect to the defined benefit pension plans and other postretirement benefit plans, are as follows:"
blank,
table_row,PensionPostretirement
blank,
table_row,(in millions)U.S. PlansNon-U.S. PlansU.S. PlansNon-U.S. Plans
blank,
table_row,2024$270 $43 $11 $1 
blank,
table_row,2025264 45 11 2 
blank,
table_row,2026267 47 10 2 
blank,
table_row,2027265 49 10 2 
blank,
table_row,2028265 53 9 2 
blank,
table_row,"2029-20331,216 255 43 10 "
blank,
narrative,DEFINED CONTRIBUTION PLANS
blank,
narrative,"AIG Parent sponsors several defined contribution plans for U.S. employees that provide for pre-tax salary reduction contributions by employees. The most significant plan is the AIG Incentive Savings Plan (ISP), for which the matching contribution is 100 percent of the first 6% of a participant’s contributions, subject to the IRS-imposed limitations. Participants in the AIG ISP receive an additional fully vested, non-elective, non-discretionary contribution equal to 3% of the participant’s eligible compensation for the plan year, paid each pay period regardless of whether the participant currently contributes to the plan, and subject to the IRS-imposed limitations. Our pre-tax expenses associated with these plans were $163 million,$176 million and $183 million in 2023, 2022 and 2021, respectively."
blank,
narrative,"On August 22, 2022, Corebridge participants’ accounts in the AIG ISP were transferred to the Corebridge Financial Inc. Retirement Savings 401(k) Plan. Corebridge contributions relating to these plans were $68 million, $76 million and $74 million for the years ended December 31, 2023, 2022 and 2021, respectively."
blank,
footer,AIG | 2023 Form 10-K
blank,
footer,253
blank,
blank,
footer,ITEM 8 | Notes to Consolidated Financial Statements | 23. Income Taxes
blank,
narrative,23. Income Taxes
blank,
narrative,U.S. TAX LAW CHANGES
blank,
narrative,"The Inflation Reduction Act of 2022 (H.R. 5376) includes a 15 percent corporate alternative minimum tax (CAMT) on adjusted financial statement income for corporations with average profits over $1 billion over a three-year period. Although the U.S. Treasury and Internal Revenue Service (IRS) issued interim CAMT guidance during 2023, many details and specifics of application of the CAMT remain subject to future guidance. We are subject to CAMT for 2023.   "
blank,
narrative,BASIS OF PRESENTATION
blank,
narrative,"We file a consolidated U.S. federal income tax return with our eligible U.S. subsidiaries. Income earned by subsidiaries operating outside the U.S. is taxed, and income tax expense is recorded, based on applicable U.S. and foreign laws."
blank,
narrative,"Following the IPO of Corebridge on September 19, 2022, AIG’s remaining ownership in Corebridge decreased below 80 percent, resulting in tax deconsolidation of Corebridge parent and its subsidiaries from the AIG consolidated U.S. federal income tax group as well as certain state and local jurisdictions where unitary returns are filed. "
blank,
narrative,"Subsequent to the tax deconsolidation from AIG, due to the application of relevant U.S. tax laws, American General Corporation and its directly owned life insurance subsidiaries will not be permitted to join in the filing of a consolidated U.S. federal income tax return with Corebridge parent and its non-life-insurance subsidiaries for a period of five years. Corebridge’s net operating losses and tax credit carryforwards that have not been utilized prior to tax deconsolidation from AIG will remain with the relevant Corebridge entities and will be available for utilization by the respective Corebridge U.S. federal income tax groups. The realizability of the deferred tax assets related to such carryforwards is based on the positive and negative evidence applicable to each U.S. federal income tax group."
blank,
narrative,TAX ACCOUNTING POLICIES
blank,
narrative,"We use an item-by-item approach to release the stranded or disproportionate income tax effects in AOCI related to our available-for-sale securities. Under this approach, a portion of the disproportionate tax effects is assigned to each individual security lot at the date the amount becomes lodged. When the individual securities are sold, mature, or are otherwise impaired on an other-than-temporary basis, the assigned portion of the disproportionate tax effect is reclassified from AOCI to income (loss) from continuing operations."
blank,
narrative,"We consider our foreign earnings with respect to certain operations in Canada, South Africa, Japan, Latin America, Bermuda as well as the European, Asia Pacific and Middle East regions to be indefinitely reinvested. These earnings relate to ongoing operations and have been reinvested in active business operations. A deferred tax liability has not been recorded for those foreign subsidiaries whose earnings are considered to be indefinitely reinvested. If recorded, such deferred tax liability would not be material to our consolidated financial condition. Deferred taxes, if necessary, have been provided on earnings of non-U.S. affiliates whose earnings are not indefinitely reinvested. "
blank,
narrative,"Global Intangible Low-Taxed Income (GILTI) imposes U.S. taxes on the excess of a deemed return on tangible assets of certain foreign subsidiaries. Consistent with accounting guidance, we have made an accounting policy election to treat GILTI taxes as a period tax charge in the period the tax is incurred."
blank,
narrative,EFFECTIVE TAX RATE
blank,
narrative,The following table presents income (loss) from continuing operations before income tax expense (benefit) by U.S. and foreign location in which such pre-tax income (loss) was earned or incurred:
blank,
table_row,"Years Ended December 31,"
blank,
table_row,(in millions)202320222021
blank,
table_row,"U.S.$1,885 $12,431 $11,041 "
blank,
table_row,"Foreign1,973 1,868 2,306 "
blank,
table_row,"Total$3,858 $14,299 $13,347 "
blank,
footer,254
blank,
footer,AIG | 2023 Form 10-K
blank,
blank,
footer,ITEM 8 | Notes to Consolidated Financial Statements | 23. Income Taxes
blank,
narrative,The following table presents the income tax expense (benefit) attributable to pre-tax income (loss) from continuing operations: 
blank,
table_row,"Years Ended December 31,"
blank,
table_row,(in millions)202320222021
blank,
table_row,Foreign and U.S. components of actual income tax expense (benefit):
blank,
table_row,U.S.:
blank,
table_row,Current$68 $246 $(216)
blank,
table_row,"Deferred(564)2,363 2,443 "
blank,
table_row,Foreign:
blank,
table_row,Current423 271 171 
blank,
table_row,Deferred53 145 43 
blank,
table_row,"Total$(20)$3,025 $2,441 "
blank,
narrative,Our actual income tax expense (benefit) differs from the statutory U.S. federal amount computed by applying the federal income tax rate due to the following:
blank,
narrative,"Years Ended December 31,202320222021"
blank,
table_row,(dollars in millions)Pre-TaxIncome(Loss)TaxExpense(Benefit)Percent ofPre-TaxIncome(Loss)Pre-TaxIncome(Loss)TaxExpense(Benefit)Percent ofPre-TaxIncome(Loss)Pre-TaxIncome(Loss)TaxExpense(Benefit)Percent ofPre-TaxIncome(Loss)
blank,
table_row,U.S. federal income tax at statutory rate
blank,
table_row,"$3,858 $810 21.0 %$14,298 $3,003 21.0 %$13,347 $2,802 21.0 %"
blank,
table_row,Adjustments:
blank,
table_row,Tax exempt interest
blank,
table_row,(14)(0.4)(18)(0.1)(18)(0.1)
blank,
table_row,Uncertain tax positions(a)
blank,
table_row,162 4.2 (17)(0.1)(9)(0.1)
blank,
table_row,Reclassifications from AOCI
blank,
table_row,(45)(1.2)(81)(0.6)(109)(0.8)
blank,
table_row,Dispositions of subsidiaries(b)
blank,
table_row,(382)(9.9)— — 11 0.1 
blank,
table_row,Non-controlling interest
blank,
table_row,14 0.4 (31)(0.2)(97)(0.7)
blank,
table_row,Non-deductible transfer pricing charges
blank,
table_row,16 0.4 12 0.1 16 0.1 
blank,
table_row,Dividends received deduction
blank,
table_row,(60)(1.6)(36)(0.3)(37)(0.3)
blank,
table_row,Effect of foreign operations(c)
blank,
table_row,176 4.6 150 1.0 136 1.0 
blank,
table_row,Share-based compensation payments excess tax effect
blank,
table_row,(31)(0.8)(19)(0.1)16 0.1 
blank,
table_row,State and local income taxes
blank,
table_row,10 0.3 47 0.3 38 0.3 
blank,
table_row,Expiration of tax attribute carryforwards
blank,
table_row,— — — — 16 0.1
blank,
table_row,Tax audit resolution(a)
blank,
table_row,(494)(12.8)— — (935)(7.0)
blank,
table_row,"Affiliated dividend income, net of dividends received deduction59 1.5 — — — — "
blank,
table_row,Other(d)
blank,
table_row,116 3.1 40 0.4 (107)(0.8)
blank,
table_row,Valuation allowance:
blank,
table_row,Continuing operations
blank,
table_row,(357)(9.3)(25)(0.2)718 5.4 
blank,
table_row,Consolidated total amounts
blank,
table_row,"3,858 (20)(0.5)14,298 3,025 21.2 $13,347 2,441 18.3 "
blank,
table_row,Amounts attributable to discontinued operations— — — (1)— — — — — 
blank,
table_row,Amounts attributable to continuing operations
blank,
table_row,"$3,858 $(20)(0.5)%$14,299 $3,025 21.2 %$13,347 $2,441 18.3 %"
blank,
narrative,(a)Refer to the Accounting for Uncertainty in Income Taxes section below for further discussion on 2023 and 2021 tax audit resolution activity.
blank,
narrative,"(b)Tax implications of the sales of certain AIG and Corebridge subsidiaries, including Validus Re and Laya, as well as tax implications of Corebridge secondary offerings and the announced sale of AIG Life."
blank,
narrative,"(c)Effect of foreign operations is primarily related to income and losses in our foreign operations taxed at statutory tax rates different than 21 percent, and foreign income subject to U.S. taxation."
blank,
narrative,(d)Primarily includes tax charges associated with tax adjustments related to prior year returns.   
blank,
footer,AIG | 2023 Form 10-K
blank,
footer,255
blank,
blank,
footer,ITEM 8 | Notes to Consolidated Financial Statements | 23. Income Taxes
blank,
narrative,DEFERRED TAX ASSET
blank,
narrative,The following table presents the components of the net deferred tax assets (liabilities):
blank,
table_row,"December 31,"
blank,
table_row,(in millions)20232022
blank,
table_row,Deferred tax assets:
blank,
table_row,"Losses and tax credit carryforwards$6,107 $6,868 "
blank,
table_row,"Basis differences on investments3,441 2,652 "
blank,
table_row,"Life policy reserves1,589 1,622 "
blank,
table_row,"Accruals not currently deductible, and other89 392 "
blank,
table_row,Investments in foreign subsidiaries66 — 
blank,
table_row,Loss reserve discount424 352 
blank,
table_row,Loan loss and other reserves51 62 
blank,
table_row,Unearned premium reserve reduction87 294 
blank,
table_row,"Fixed assets and intangible assets1,487 1,081 "
blank,
table_row,"Unrealized losses related to available for sale debt securities4,728 6,519 "
blank,
table_row,Employee benefits344 382 
blank,
table_row,"Market risk benefit1,010 827 "
blank,
table_row,Other356 458 
blank,
table_row,"Total deferred tax assets19,779 21,509 "
blank,
table_row,Deferred tax liabilities:
blank,
table_row,Investments in foreign subsidiaries— (41)
blank,
table_row,"Deferred policy acquisition costs(1,853)(1,847)"
blank,
table_row,Fortitude Re funds withheld embedded derivative(711)(862)
blank,
table_row,"Total deferred tax liabilities(2,564)(2,750)"
blank,
table_row,"Net deferred tax assets before valuation allowance17,215 18,759 "
blank,
table_row,"Valuation allowance(3,116)(4,250)"
blank,
table_row,"Net deferred tax assets (liabilities)$14,099 $14,509 "
blank,
narrative,The following table presents AIG's U.S. consolidated federal income tax group tax losses and credits carryforwards.
blank,
table_row,"December 31, 2023TaxCarryforward Period Ending Tax Year(b)"
blank,
table_row,Unlimited Carryforward Period
blank,
table_row,and Carryforward Periods(b)
blank,
table_row,(in millions)GrossEffected2024202520262027202820292030 - After
blank,
table_row,"Net operating loss carryforwards$21,968 $4,613 $— $— $— $— $2,660 $178 $1,775 "
blank,
table_row,Other carryforwards67 — — — — — — 67 
blank,
table_row,Total AIG U.S. consolidated federal income tax group tax losses and credits carryforwards on a U.S. GAAP basis(a)
blank,
table_row,"$4,680 $— $— $— $— $2,660 $178 $1,842 "
blank,
narrative,(a)Financial reporting basis reflects the impact of unrecognized tax benefits for tax years in which tax attributes can be realized through carryback upon settlement.
blank,
narrative,(b)Carryforward periods are based on U.S. tax laws governing utilization of tax attributes. Expiration periods are based on the year the carryforward was generated.
blank,
narrative,ASSESSMENT OF DEFERRED TAX ASSET VALUATION ALLOWANCE
blank,
narrative,"The evaluation of the recoverability of our deferred tax asset and the need for a valuation allowance requires us to weigh all positive and negative evidence to reach a conclusion that it is more likely than not that all or some portion of the deferred tax asset will not be realized. The weight given to the evidence is commensurate with the extent to which it can be objectively verified. The more negative evidence that exists, the more positive evidence is necessary and the more difficult it is to support a conclusion that a valuation allowance is not needed."
blank,
narrative,"Although the 2022 tax deconsolidation of Corebridge from the AIG consolidated U.S. federal income tax group resulted in the formation of new federal tax filing groups requiring separate deferred tax asset realizability assessments, there was no material change to the total deferred tax asset valuation allowance. "
blank,
narrative,"During the fourth quarter, taxable income projections were updated to reflect 2023 results, updated projections of income for our insurance and non-insurance companies, and taxable income generated from prudent and feasible tax planning strategies. While there was improvement in projected tax attribute utilization, given there is a shorter carryforward period to utilize remaining net operating losses, we continue to consider multiple data points and stresses. Additionally, recent events, including changes in target interest rates by the Board of Governors of the Federal Reserve System, and significant market volatility, continue to impact actual and projected results of our business operations as well as our views on potential effectiveness of certain prudent and feasible tax planning strategies. In order to demonstrate the predictability and sufficiency of future taxable income necessary to support the "
blank,
footer,256
blank,
footer,AIG | 2023 Form 10-K
blank,
blank,
footer,ITEM 8 | Notes to Consolidated Financial Statements | 23. Income Taxes
blank,
narrative,"realizability of the net operating losses and foreign tax credit carryforwards, we have considered forecasts of future income for each of our businesses, including assumptions about future macroeconomic and AIG-specific conditions and events, and any impact these conditions and events may have on our prudent and feasible tax planning strategies. We also subjected the forecasts to a variety of stresses of key assumptions and evaluated the effect on tax attribute utilization."
blank,
narrative,"After factoring in multiple data points and assessing the relative weight of all positive and negative evidence, we concluded that valuation allowance of $300 million should remain on a portion of AIG's U.S. federal consolidated income tax group tax attribute carryforwards that are not more likely than not to be realized, and reduced our beginning of the year valuation allowance by $405 million. Additionally, we recorded valuation allowance reduction of $8 million related to the write-off of net operating loss carryforwards from acquired entities that are not usable by AIG under the tax law. Accordingly, during the fourth quarter of 2023, we recorded total reduction in valuation allowance of $413 million. "
blank,
narrative,"As of December 31, 2023, we reported a valuation allowance of $162 million related to Corebridge. The valuation allowance at Corebridge relates to a portion of both tax attribute carryforwards and certain other deferred tax assets of the Corebridge non-life insurance group that are not more-likely-than-not to be realized. For the twelve months ended December 31, 2023, Corebridge recorded an $11 million increase in valuation allowance.  "
blank,
narrative,"For the twelve months ended December 31, 2023, recent changes in market conditions, including changes in interest rates, impacted the unrealized tax gains and losses in the available for sale securities portfolios of both our U.S. life insurance and non-life insurance companies, resulting in a decrease to deferred tax assets related to net unrealized tax capital losses. The deferred tax assets relate to the unrealized tax capital losses for which the carryforward period has not yet begun, and as such, when assessing recoverability, we consider our ability and intent to hold the underlying securities to recovery. As of December 31, 2023, based on all available evidence, we concluded that a valuation allowance of $1.6 billion is necessary on a portion of the deferred tax assets related to unrealized tax capital losses that are not more-likely-than-not to be realized. Of the total valuation allowance, $1.0 billion relates to the unrealized tax capital losses in the U.S. Life Insurance Companies' available for sale securities portfolio and $550 million relates to the unrealized tax capital losses in the non-life insurance companies' available for sale securities portfolio. For the twelve months ended December 31, 2023, we recorded a decrease in valuation allowance of $397 million associated with the unrealized tax capital losses in the U.S. Life Insurance Companies’ available for sale securities portfolio and $355 million associated with the unrealized tax capital losses in the non-life insurance companies’ available for sale securities portfolio. For the three months ended December 31, 2023, we recorded a decrease in valuation allowance of $511 million associated with the unrealized tax capital losses in the U.S. Life Insurance Companies’ available for sale securities portfolio and $355 million associated with the unrealized tax capital losses in the non-life insurance companies’ available for sale securities portfolio. The valuation allowance decrease was primarily allocated to other comprehensive income. "
blank,
narrative,"For the twelve months ended December 31, 2023, we recognized a net $44 million increase in deferred tax asset valuation allowance associated with certain foreign and state jurisdictions."
blank,
narrative,"The following table presents the net deferred tax assets (liabilities) at December 31, 2023 and 2022 on a U.S. GAAP basis:"
blank,
table_row,"December 31,"
blank,
table_row,(in millions)20232022
blank,
table_row,"Net U.S. deferred tax assets$11,317 $10,831 "
blank,
table_row,"Net deferred tax assets (liabilities) in AOCI4,286 5,881 "
blank,
table_row,"Valuation allowance(2,006)(3,128)"
blank,
table_row,"Subtotal13,597 13,584 "
blank,
table_row,"Net foreign, state and local deferred tax assets1,958 2,342 "
blank,
table_row,"Valuation allowance(1,110)(1,122)"
blank,
table_row,"Subtotal848 1,220 "
blank,
table_row,"Subtotal - Net U.S., foreign, state and local deferred tax assets14,445 14,804 "
blank,
table_row,"Net foreign, state and local deferred tax liabilities(346)(295)"
blank,
table_row,"Total AIG net deferred tax assets (liabilities)$14,099 $14,509 "
blank,
footer,AIG | 2023 Form 10-K
blank,
footer,257
blank,
blank,
footer,ITEM 8 | Notes to Consolidated Financial Statements | 23. Income Taxes
blank,
narrative,TAX EXAMINATIONS
blank,
narrative,"We are currently under examination by the IRS for the tax years 2011 through 2019, and are engaging in the Appeals process for certain disagreed issues related to tax years 2007 through 2010."
blank,
narrative,Listed below are the tax years that remain subject to examination by major tax jurisdictions:
blank,
table_row,"At December 31, 2023Open Tax Years"
blank,
table_row,Major Tax Jurisdiction
blank,
table_row,United States2007-2022
blank,
table_row,Australia2019-2022
blank,
table_row,Canada2019-2022
blank,
table_row,France2022-2022
blank,
table_row,Japan2017-2022
blank,
table_row,Korea2015-2022
blank,
table_row,Singapore2019-2022
blank,
table_row,United Kingdom2022-2022
blank,
narrative,ACCOUNTING FOR UNCERTAINTY IN INCOME TAXES
blank,
narrative,"The following table presents a reconciliation of the beginning and ending balances of the total amounts of gross unrecognized tax benefits, excluding interest and penalties:"
blank,
table_row,"Years Ended December 31,"
blank,
table_row,(in millions)202320222021
blank,
table_row,"Gross unrecognized tax benefits, beginning of year$1,191 $1,157 $2,343 "
blank,
table_row,Increases in tax positions for prior years200 29 22 
blank,
table_row,"Decreases in tax positions for prior years(4)(33)(1,233)"
blank,
table_row,Increases in tax positions for current year— 59 37 
blank,
table_row,Lapse in statute of limitations— (21)— 
blank,
table_row,Settlements— — (12)
blank,
table_row,"Gross unrecognized tax benefits, end of year$1,387 $1,191 $1,157 "
blank,
narrative,"The activity in unrecognized tax benefits for the year ended December 31, 2023 is primarily attributable to the potential resolution of an IRS audit matter. There was no significant activity in unrecognized tax benefits for the year ended December 31, 2022. The activity in unrecognized tax benefits for the year ended December 31, 2021 is primarily attributable to effective settlement of reserves for uncertain tax positions due to the completion of audit activity by the IRS and New York State."
blank,
narrative,"At December 31, 2023 and 2022 and 2021, the amounts of unrecognized tax benefits that, if recognized, would favorably affect the effective tax rate were $1.4 billion, $1.2 billion and $1.1 billion, respectively. Unrecognized tax benefits that would not affect the effective tax rate generally relate to such factors as the timing, rather than the permissibility of the deduction."
blank,
narrative,"Interest and penalties related to unrecognized tax benefits are recognized in income tax expense. At December 31, 2023, 2022 and 2021, we had accrued liabilities of $52 million, $63 million and $69 million, respectively for the payment of interest (net of the federal benefit) and penalties. For the years ended December 31, 2023, 2022, and 2021, we accrued expense (benefit) of $(11) million, $(2) million, and $(207) million, respectively, for the payment of interest and penalties. There was no significant activity in interest and penalties related to unrecognized tax benefit for the years 2023 or 2022. The activity in 2021 was primarily related to the completion of audit activity by the IRS and New York State. "
blank,
narrative,"Although it is reasonably possible that a change in the balance of unrecognized tax benefits may occur within the next 12 months, based on the information currently available, we do not expect any change to be material to our consolidated financial condition."
blank,
footer,258
blank,
footer,AIG | 2023 Form 10-K
